client_port,status_code,bytes_sent,request_hour,request_day_of_week,request_day,request_month,is_night,requests_per_ip,ip_request_rank,time_since_previous_request,requests_per_ip_1min,requests_per_ip_5min,requests_per_ip_10min,mean_inter_request_time_ip,median_inter_request_time_ip,min_inter_request_time_ip,max_inter_request_time_ip,rapid_request_flag,unique_urls_per_ip,unique_ports_per_ip,unique_user_agents_per_ip,status_404_count_ip,status_403_count_ip,status_500_count_ip,status_404_ratio_ip,status_403_ratio_ip,error_status_ratio_ip,high_404_activity_flag,is_bot,is_scanner,user_agent_length,url_entropy,url_length,path_depth,query_parameter_count,special_character_count,digit_ratio,letter_ratio,number_of_query_parameters,payload_length,payload_entropy,contains_sql_keyword,contains_path_traversal,contains_script_tag,contains_command_separator,request_rate_1min,request_rate_5min,failed_pattern_count,ft_COUNT_requests,ft_NUM_UNIQUE_resource,ft_NUM_UNIQUE_user_agent,ft_NUM_UNIQUE_client_port,ft_MEAN_client_port,ft_STD_client_port,ft_MIN_client_port,ft_MAX_client_port,ts_activity_signal,tsfresh_mean,tsfresh_standard_deviation,tsfresh_variance,tsfresh_minimum,tsfresh_maximum,tsfresh_median,tsfresh_abs_energy,tsfresh_mean_abs_change,ua_bot,ua_browser,ua_scanner,ua_script,ua_unknown,label
52873,0,0,6,3,18,1,0,268627,2,0.0,6554,33740,64730,0.0131856186668453,0.0,0.0,761.0,1,1,2918,5,0,0,0,0.0,0.0,0.0,0,1,1,83,2.4056,8,1,0,1,0.0,0.875,0,0,0.0,0,0,0,0,109.2333,112.4667,0,268627,1,5,2918,46666.23,8178.78,32771.0,60999.0,100.4992,6.689127389705883,24.012961930518728,576.631097886723,0.1448,100.4992,0.3922,10100.140082105,12.160277787532925,0.0,0.0,1.0,0.0,0.0,benign
50739,0,0,6,3,18,1,0,268627,2,0.0,7060,32181,53554,0.0131856186668453,0.0,0.0,761.0,1,1,2918,5,0,0,0,0.0,0.0,0.0,0,1,1,83,2.4056,8,1,0,1,0.0,0.875,0,0,0.0,0,0,0,0,117.6667,107.27,0,268627,1,5,2918,46666.23,8178.78,32771.0,60999.0,100.4992,6.689127389705883,24.012961930518728,576.631097886723,0.1448,100.4992,0.3922,10100.140082105,12.160277787532925,0.0,0.0,1.0,0.0,0.0,benign
10354,0,0,8,2,24,1,0,14822,10,0.0,207,207,207,0.1006004992915457,0.0,0.0,1.0,1,1,210,1,0,0,0,0.0,0.0,0.0,0,1,1,12,2.4056,8,1,0,1,0.0,0.875,0,0,0.0,0,0,0,0,3.45,0.69,0,14822,1,1,210,34343.29,18768.14,1197.0,65289.0,100.4992,6.689127389705883,24.012961930518728,576.631097886723,0.1448,100.4992,0.3922,10100.140082105,12.160277787532925,0.0,0.0,1.0,0.0,0.0,benign
25158,0,0,16,3,8,2,0,503966,1,0.0,1778,8795,17702,0.0228130921790203,0.0,0.0,3.0,1,1,5362,3,0,0,0,0.0,0.0,0.0,0,1,1,12,2.4056,8,1,0,1,0.0,0.875,0,0,0.0,0,0,0,0,29.6333,29.3167,0,503966,1,3,5362,42667.95,12987.28,20002.0,65534.0,100.4992,6.689127389705883,24.012961930518728,576.631097886723,0.1448,100.4992,0.3922,10100.140082105,12.160277787532925,0.0,0.0,1.0,0.0,0.0,benign
58348,0,0,14,3,8,2,0,503966,1,0.0,1552,4328,7322,0.0228130921790203,0.0,0.0,3.0,1,1,5362,3,0,0,0,0.0,0.0,0.0,0,1,1,12,2.4056,8,1,0,1,0.0,0.875,0,0,0.0,0,0,0,0,25.8667,14.4267,0,503966,1,3,5362,42667.95,12987.28,20002.0,65534.0,100.4992,6.689127389705883,24.012961930518728,576.631097886723,0.1448,100.4992,0.3922,10100.140082105,12.160277787532925,0.0,0.0,1.0,0.0,0.0,benign
22842,0,0,17,4,9,2,0,196932,3,0.0,1173,5843,11702,0.0535314399459709,0.0,0.0,2.0,1,1,2906,1,0,0,0,0.0,0.0,0.0,0,1,1,12,2.4056,8,1,0,1,0.0,0.875,0,0,0.0,0,0,0,0,19.55,19.4767,0,196932,1,1,2906,43145.17,13147.53,20006.0,65534.0,100.4992,6.689127389705883,24.012961930518728,576.631097886723,0.1448,100.4992,0.3922,10100.140082105,12.160277787532925,0.0,0.0,1.0,0.0,0.0,benign
41622,0,0,17,4,9,2,0,196932,3,0.0,1185,5760,11669,0.0535314399459709,0.0,0.0,2.0,1,1,2906,1,0,0,0,0.0,0.0,0.0,0,1,1,12,2.4056,8,1,0,1,0.0,0.875,0,0,0.0,0,0,0,0,19.75,19.2,0,196932,1,1,2906,43145.17,13147.53,20006.0,65534.0,100.4992,6.689127389705883,24.012961930518728,576.631097886723,0.1448,100.4992,0.3922,10100.140082105,12.160277787532925,0.0,0.0,1.0,0.0,0.0,benign
46517,0,0,7,3,18,1,0,268627,2,0.0,6793,33022,66210,0.0131856186668453,0.0,0.0,761.0,1,1,2918,5,0,0,0,0.0,0.0,0.0,0,1,1,83,2.4056,8,1,0,1,0.0,0.875,0,0,0.0,0,0,0,0,113.2167,110.0733,0,268627,1,5,2918,46666.23,8178.78,32771.0,60999.0,100.4992,6.689127389705883,24.012961930518728,576.631097886723,0.1448,100.4992,0.3922,10100.140082105,12.160277787532925,0.0,0.0,1.0,0.0,0.0,benign
19674,0,0,18,1,10,1,0,4119,22,1.0,212,1114,2443,2.040067994171928,0.0,0.0,3807.0,1,59,83,3631,0,0,0,0.0,0.0,0.0,0,1,1,56,2.4056,8,1,0,1,0.0,0.875,0,0,0.0,0,0,0,0,3.5333,3.7133,0,4119,59,3631,83,24531.98,10083.29,19648.0,58172.0,1.4427,6.689127389705883,24.012961930518728,576.631097886723,0.1448,100.4992,0.3922,10100.140082105,12.160277787532925,0.0,0.0,1.0,0.0,0.0,benign
45852,0,0,6,4,9,2,0,86835,5,0.0,1240,6025,11920,0.0516963401432618,0.0,0.0,15.0,1,1,2649,2,0,0,0,0.0,0.0,0.0,0,1,1,12,2.4056,8,1,0,1,0.0,0.875,0,0,0.0,0,0,0,0,20.6667,20.0833,0,86835,1,2,2649,48658.78,14184.01,1057.0,65502.0,100.4992,6.689127389705883,24.012961930518728,576.631097886723,0.1448,100.4992,0.3922,10100.140082105,12.160277787532925,0.0,0.0,1.0,0.0,0.0,benign
55124,0,0,15,3,8,2,0,503966,1,0.0,2917,14790,31567,0.0228130921790203,0.0,0.0,3.0,1,1,5362,3,0,0,0,0.0,0.0,0.0,0,1,1,12,2.4056,8,1,0,1,0.0,0.875,0,0,0.0,0,0,0,0,48.6167,49.3,0,503966,1,3,5362,42667.95,12987.28,20002.0,65534.0,100.4992,6.689127389705883,24.012961930518728,576.631097886723,0.1448,100.4992,0.3922,10100.140082105,12.160277787532925,0.0,0.0,1.0,0.0,0.0,benign
24376,0,0,16,3,8,2,0,503966,1,0.0,2925,14798,29551,0.0228130921790203,0.0,0.0,3.0,1,1,5362,3,0,0,0,0.0,0.0,0.0,0,1,1,12,2.4056,8,1,0,1,0.0,0.875,0,0,0.0,0,0,0,0,48.75,49.3267,0,503966,1,3,5362,42667.95,12987.28,20002.0,65534.0,100.4992,6.689127389705883,24.012961930518728,576.631097886723,0.1448,100.4992,0.3922,10100.140082105,12.160277787532925,0.0,0.0,1.0,0.0,0.0,benign
40256,0,0,16,2,16,8,0,10001,13,3660.0,1,1,1,3521.052,3659.0,0.0,7260.0,0,1,7169,2,0,0,0,0.0,0.0,0.0,0,0,0,7,2.4056,8,1,0,1,0.0,0.875,0,0,0.0,0,0,0,0,0.0167,0.0033,0,10001,1,2,7169,46801.25,8118.89,32768.0,60998.0,0.1448,0.1962467153284671,2.2434370263721366,5.033009691297455,0.1448,100.4992,0.1448,50715.263158520014,0.0619100599999999,0.0,0.0,0.0,0.0,1.0,benign
41160,0,0,8,3,18,1,0,10947,12,1.0,834,3487,3487,0.0644070893477069,0.0,0.0,3.0,1,1,7120,1,0,0,0,0.0,0.0,0.0,0,0,0,111,2.4056,8,1,0,1,0.0,0.875,0,0,0.0,0,0,0,0,13.9,11.6233,0,10947,1,1,7120,49539.27,8754.64,32772.0,60998.0,1.4427,6.689127389705883,24.012961930518728,576.631097886723,0.1448,100.4992,0.3922,10100.140082105,12.160277787532925,0.0,1.0,0.0,0.0,0.0,benign
49142,0,0,8,3,18,1,0,17749,9,0.0,1089,5160,9416,0.1488618435880099,0.0,0.0,1522.0,1,1,9925,1,0,0,0,0.0,0.0,0.0,0,0,0,111,2.4056,8,1,0,1,0.0,0.875,0,0,0.0,0,0,0,0,18.15,17.2,0,17749,1,1,9925,46385.64,8302.84,32768.0,60998.0,100.4992,94.2372140402276,24.10654189729186,581.1253622458878,0.1448,100.4992,100.4992,167936514.3302602,12.440885294117647,0.0,1.0,0.0,0.0,0.0,benign
38344,0,0,11,1,22,8,0,3,225,975581.0,1,1,1,1607747.0,1607747.0,975581.0,2239913.0,0,1,3,1,0,0,0,0.0,0.0,0.0,0,1,1,21,2.4056,8,1,0,1,0.0,0.875,0,0,0.0,0,0,0,0,0.0167,0.0033,0,3,1,1,3,50450.67,11299.09,38344.0,60716.0,0.1448,6.689127389705883,24.012961930518728,576.631097886723,0.1448,100.4992,0.3922,10100.140082105,12.160277787532925,0.0,0.0,1.0,0.0,0.0,benign
63906,0,0,17,4,9,2,0,196932,3,1.0,1172,5836,11660,0.0535314399459709,0.0,0.0,2.0,1,1,2906,1,0,0,0,0.0,0.0,0.0,0,1,1,12,2.4056,8,1,0,1,0.0,0.875,0,0,0.0,0,0,0,0,19.5333,19.4533,0,196932,1,1,2906,43145.17,13147.53,20006.0,65534.0,1.4427,6.689127389705883,24.012961930518728,576.631097886723,0.1448,100.4992,0.3922,10100.140082105,12.160277787532925,0.0,0.0,1.0,0.0,0.0,benign
48550,0,0,15,4,9,2,0,196932,3,0.0,1189,5955,11874,0.0535314399459709,0.0,0.0,2.0,1,1,2906,1,0,0,0,0.0,0.0,0.0,0,1,1,12,2.4056,8,1,0,1,0.0,0.875,0,0,0.0,0,0,0,0,19.8167,19.85,0,196932,1,1,2906,43145.17,13147.53,20006.0,65534.0,100.4992,6.689127389705883,24.012961930518728,576.631097886723,0.1448,100.4992,0.3922,10100.140082105,12.160277787532925,0.0,0.0,1.0,0.0,0.0,benign
51629,0,0,6,4,9,2,0,86835,5,0.0,1209,6036,11982,0.0516963401432618,0.0,0.0,15.0,1,1,2649,2,0,0,0,0.0,0.0,0.0,0,1,1,12,2.4056,8,1,0,1,0.0,0.875,0,0,0.0,0,0,0,0,20.15,20.12,0,86835,1,2,2649,48658.78,14184.01,1057.0,65502.0,100.4992,6.689127389705883,24.012961930518728,576.631097886723,0.1448,100.4992,0.3922,10100.140082105,12.160277787532925,0.0,0.0,1.0,0.0,0.0,benign
43159,0,0,7,3,18,1,0,268627,2,0.0,6707,32773,66699,0.0131856186668453,0.0,0.0,761.0,1,1,2918,5,0,0,0,0.0,0.0,0.0,0,1,1,83,2.4056,8,1,0,1,0.0,0.875,0,0,0.0,0,0,0,0,111.7833,109.2433,0,268627,1,5,2918,46666.23,8178.78,32771.0,60999.0,100.4992,6.689127389705883,24.012961930518728,576.631097886723,0.1448,100.4992,0.3922,10100.140082105,12.160277787532925,0.0,0.0,1.0,0.0,0.0,benign
45353,0,0,6,4,19,1,0,4823,19,1.0,269,388,404,0.5020738282870179,0.0,0.0,718.0,1,1,331,2,0,0,0,0.0,0.0,0.0,0,0,0,101,2.4056,8,1,0,1,0.0,0.875,0,0,0.0,0,0,0,0,4.4833,1.2933,0,4823,1,2,331,43234.37,13333.07,1034.0,63091.0,1.4427,6.689127389705883,24.012961930518728,576.631097886723,0.1448,100.4992,0.3922,10100.140082105,12.160277787532925,0.0,1.0,0.0,0.0,0.0,benign
35168,0,0,17,3,18,1,0,5721,17,1.0,1399,2730,2882,0.1998251748251748,0.0,0.0,179.0,1,6,1778,1,0,0,0,0.0,0.0,0.0,0,0,0,114,2.4056,8,1,0,1,0.0,0.875,0,0,0.0,0,0,0,0,23.3167,9.1,0,5721,6,1,1778,45337.42,11858.7,1028.0,64678.0,1.4427,6.689127389705883,24.012961930518728,576.631097886723,0.1448,100.4992,0.3922,10100.140082105,12.160277787532925,0.0,1.0,0.0,0.0,0.0,benign
55263,0,0,6,3,18,1,0,268627,2,0.0,6768,32906,64563,0.0131856186668453,0.0,0.0,761.0,1,1,2918,5,0,0,0,0.0,0.0,0.0,0,1,1,83,2.4056,8,1,0,1,0.0,0.875,0,0,0.0,0,0,0,0,112.8,109.6867,0,268627,1,5,2918,46666.23,8178.78,32771.0,60999.0,100.4992,6.689127389705883,24.012961930518728,576.631097886723,0.1448,100.4992,0.3922,10100.140082105,12.160277787532925,0.0,0.0,1.0,0.0,0.0,benign
45176,0,0,13,3,8,2,0,503966,1,1.0,599,2978,4805,0.0228130921790203,0.0,0.0,3.0,1,1,5362,3,0,0,0,0.0,0.0,0.0,0,1,1,12,2.4056,8,1,0,1,0.0,0.875,0,0,0.0,0,0,0,0,9.9833,9.9267,0,503966,1,3,5362,42667.95,12987.28,20002.0,65534.0,1.4427,6.689127389705883,24.012961930518728,576.631097886723,0.1448,100.4992,0.3922,10100.140082105,12.160277787532925,0.0,0.0,1.0,0.0,0.0,benign
35637,0,0,7,3,18,1,0,268627,2,0.0,2059,24931,57732,0.0131856186668453,0.0,0.0,761.0,1,1,2918,5,0,0,0,0.0,0.0,0.0,0,1,1,83,2.4056,8,1,0,1,0.0,0.875,0,0,0.0,0,0,0,0,34.3167,83.1033,0,268627,1,5,2918,46666.23,8178.78,32771.0,60999.0,100.4992,6.689127389705883,24.012961930518728,576.631097886723,0.1448,100.4992,0.3922,10100.140082105,12.160277787532925,0.0,0.0,1.0,0.0,0.0,benign
52556,0,0,15,3,8,2,0,503966,1,0.0,3017,14807,29561,0.0228130921790203,0.0,0.0,3.0,1,1,5362,3,0,0,0,0.0,0.0,0.0,0,1,1,12,2.4056,8,1,0,1,0.0,0.875,0,0,0.0,0,0,0,0,50.2833,49.3567,0,503966,1,3,5362,42667.95,12987.28,20002.0,65534.0,100.4992,6.689127389705883,24.012961930518728,576.631097886723,0.1448,100.4992,0.3922,10100.140082105,12.160277787532925,0.0,0.0,1.0,0.0,0.0,benign
65055,0,0,5,4,9,2,1,86835,5,0.0,1237,4252,5456,0.0516963401432618,0.0,0.0,15.0,1,1,2649,2,0,0,0,0.0,0.0,0.0,0,1,1,12,2.4056,8,1,0,1,0.0,0.875,0,0,0.0,0,0,0,0,20.6167,14.1733,0,86835,1,2,2649,48658.78,14184.01,1057.0,65502.0,100.4992,6.689127389705883,24.012961930518728,576.631097886723,0.1448,100.4992,0.3922,10100.140082105,12.160277787532925,0.0,0.0,1.0,0.0,0.0,benign
49434,0,0,8,3,18,1,0,10947,12,0.0,830,4535,5331,0.0644070893477069,0.0,0.0,3.0,1,1,7120,1,0,0,0,0.0,0.0,0.0,0,0,0,111,2.4056,8,1,0,1,0.0,0.875,0,0,0.0,0,0,0,0,13.8333,15.1167,0,10947,1,1,7120,49539.27,8754.64,32772.0,60998.0,100.4992,6.689127389705883,24.012961930518728,576.631097886723,0.1448,100.4992,0.3922,10100.140082105,12.160277787532925,0.0,1.0,0.0,0.0,0.0,benign
51841,0,0,6,3,18,1,0,268627,2,0.0,6729,33313,64669,0.0131856186668453,0.0,0.0,761.0,1,1,2918,5,0,0,0,0.0,0.0,0.0,0,1,1,83,2.4056,8,1,0,1,0.0,0.875,0,0,0.0,0,0,0,0,112.15,111.0433,0,268627,1,5,2918,46666.23,8178.78,32771.0,60999.0,100.4992,6.689127389705883,24.012961930518728,576.631097886723,0.1448,100.4992,0.3922,10100.140082105,12.160277787532925,0.0,0.0,1.0,0.0,0.0,benign
64545,0,0,18,2,13,9,0,50264,6,0.0,889,896,915,0.0665300519268646,0.0,0.0,757.0,1,1,1236,5,0,0,0,0.0,0.0,0.0,0,1,1,83,2.4056,8,1,0,1,0.0,0.875,0,0,0.0,0,0,0,0,14.8167,2.9867,0,50264,1,5,1236,63125.85,4243.74,49152.0,65479.0,100.4992,6.689127389705883,24.012961930518728,576.631097886723,0.1448,100.4992,0.3922,10100.140082105,12.160277787532925,0.0,0.0,1.0,0.0,0.0,benign
33312,0,0,16,4,9,2,0,196932,3,1.0,1178,5893,11844,0.0535314399459709,0.0,0.0,2.0,1,1,2906,1,0,0,0,0.0,0.0,0.0,0,1,1,12,2.4056,8,1,0,1,0.0,0.875,0,0,0.0,0,0,0,0,19.6333,19.6433,0,196932,1,1,2906,43145.17,13147.53,20006.0,65534.0,1.4427,6.689127389705883,24.012961930518728,576.631097886723,0.1448,100.4992,0.3922,10100.140082105,12.160277787532925,0.0,0.0,1.0,0.0,0.0,benign
2415,0,0,8,3,18,1,0,8232,15,0.0,850,4460,4460,0.0613534199975701,0.0,0.0,2.0,1,1,7401,1,0,0,0,0.0,0.0,0.0,0,0,0,111,2.4056,8,1,0,1,0.0,0.875,0,0,0.0,0,0,0,0,14.1667,14.8667,0,8232,1,1,7401,32818.97,18852.81,1026.0,65530.0,100.4992,6.689127389705883,24.012961930518728,576.631097886723,0.1448,100.4992,0.3922,10100.140082105,12.160277787532925,0.0,1.0,0.0,0.0,0.0,benign
57380,0,0,16,4,9,2,0,196932,3,0.0,1184,5912,11738,0.0535314399459709,0.0,0.0,2.0,1,1,2906,1,0,0,0,0.0,0.0,0.0,0,1,1,12,2.4056,8,1,0,1,0.0,0.875,0,0,0.0,0,0,0,0,19.7333,19.7067,0,196932,1,1,2906,43145.17,13147.53,20006.0,65534.0,100.4992,6.689127389705883,24.012961930518728,576.631097886723,0.1448,100.4992,0.3922,10100.140082105,12.160277787532925,0.0,0.0,1.0,0.0,0.0,benign
47941,0,0,6,3,18,1,0,268627,2,1.0,6812,31743,48202,0.0131856186668453,0.0,0.0,761.0,1,1,2918,5,0,0,0,0.0,0.0,0.0,0,1,1,83,2.4056,8,1,0,1,0.0,0.875,0,0,0.0,0,0,0,0,113.5333,105.81,0,268627,1,5,2918,46666.23,8178.78,32771.0,60999.0,1.4427,6.689127389705883,24.012961930518728,576.631097886723,0.1448,100.4992,0.3922,10100.140082105,12.160277787532925,0.0,0.0,1.0,0.0,0.0,benign
60602,0,0,16,3,8,2,0,503966,1,0.0,2996,14856,29630,0.0228130921790203,0.0,0.0,3.0,1,1,5362,3,0,0,0,0.0,0.0,0.0,0,1,1,12,2.4056,8,1,0,1,0.0,0.875,0,0,0.0,0,0,0,0,49.9333,49.52,0,503966,1,3,5362,42667.95,12987.28,20002.0,65534.0,100.4992,6.689127389705883,24.012961930518728,576.631097886723,0.1448,100.4992,0.3922,10100.140082105,12.160277787532925,0.0,0.0,1.0,0.0,0.0,benign
54300,0,0,17,4,9,2,0,196932,3,0.0,1191,5899,11734,0.0535314399459709,0.0,0.0,2.0,1,1,2906,1,0,0,0,0.0,0.0,0.0,0,1,1,12,2.4056,8,1,0,1,0.0,0.875,0,0,0.0,0,0,0,0,19.85,19.6633,0,196932,1,1,2906,43145.17,13147.53,20006.0,65534.0,100.4992,6.689127389705883,24.012961930518728,576.631097886723,0.1448,100.4992,0.3922,10100.140082105,12.160277787532925,0.0,0.0,1.0,0.0,0.0,benign
48262,0,0,15,4,9,2,0,88661,4,0.0,1113,5493,11079,0.0536882472366343,0.0,0.0,2.0,1,1,1133,1,0,0,0,0.0,0.0,0.0,0,1,1,12,2.4056,8,1,0,1,0.0,0.875,0,0,0.0,0,0,0,0,18.55,18.31,0,88661,1,1,1133,42855.32,12825.37,20014.0,65440.0,100.4992,6.689127389705883,24.012961930518728,576.631097886723,0.1448,100.4992,0.3922,10100.140082105,12.160277787532925,0.0,0.0,1.0,0.0,0.0,benign
38177,0,0,6,3,18,1,0,268627,2,0.0,6614,33651,64791,0.0131856186668453,0.0,0.0,761.0,1,1,2918,5,0,0,0,0.0,0.0,0.0,0,1,1,83,2.4056,8,1,0,1,0.0,0.875,0,0,0.0,0,0,0,0,110.2333,112.17,0,268627,1,5,2918,46666.23,8178.78,32771.0,60999.0,100.4992,6.689127389705883,24.012961930518728,576.631097886723,0.1448,100.4992,0.3922,10100.140082105,12.160277787532925,0.0,0.0,1.0,0.0,0.0,benign
50138,0,0,17,4,9,2,0,196932,3,0.0,1154,5825,11638,0.0535314399459709,0.0,0.0,2.0,1,1,2906,1,0,0,0,0.0,0.0,0.0,0,1,1,12,2.4056,8,1,0,1,0.0,0.875,0,0,0.0,0,0,0,0,19.2333,19.4167,0,196932,1,1,2906,43145.17,13147.53,20006.0,65534.0,100.4992,6.689127389705883,24.012961930518728,576.631097886723,0.1448,100.4992,0.3922,10100.140082105,12.160277787532925,0.0,0.0,1.0,0.0,0.0,benign
58410,0,0,14,3,8,2,0,503966,1,0.0,3544,20189,42165,0.0228130921790203,0.0,0.0,3.0,1,1,5362,3,0,0,0,0.0,0.0,0.0,0,1,1,12,2.4056,8,1,0,1,0.0,0.875,0,0,0.0,0,0,0,0,59.0667,67.2967,0,503966,1,3,5362,42667.95,12987.28,20002.0,65534.0,100.4992,6.689127389705883,24.012961930518728,576.631097886723,0.1448,100.4992,0.3922,10100.140082105,12.160277787532925,0.0,0.0,1.0,0.0,0.0,benign
49260,0,0,15,3,8,2,0,503966,1,0.0,2736,13733,27683,0.0228130921790203,0.0,0.0,3.0,1,1,5362,3,0,0,0,0.0,0.0,0.0,0,1,1,12,2.4056,8,1,0,1,0.0,0.875,0,0,0.0,0,0,0,0,45.6,45.7767,0,503966,1,3,5362,42667.95,12987.28,20002.0,65534.0,100.4992,6.689127389705883,24.012961930518728,576.631097886723,0.1448,100.4992,0.3922,10100.140082105,12.160277787532925,0.0,0.0,1.0,0.0,0.0,benign
36579,0,0,7,3,18,1,0,268627,2,0.0,6825,32990,66519,0.0131856186668453,0.0,0.0,761.0,1,1,2918,5,0,0,0,0.0,0.0,0.0,0,1,1,83,2.4056,8,1,0,1,0.0,0.875,0,0,0.0,0,0,0,0,113.75,109.9667,0,268627,1,5,2918,46666.23,8178.78,32771.0,60999.0,100.4992,6.689127389705883,24.012961930518728,576.631097886723,0.1448,100.4992,0.3922,10100.140082105,12.160277787532925,0.0,0.0,1.0,0.0,0.0,benign
45739,0,0,6,3,18,1,0,268627,2,0.0,7208,31849,49118,0.0131856186668453,0.0,0.0,761.0,1,1,2918,5,0,0,0,0.0,0.0,0.0,0,1,1,83,2.4056,8,1,0,1,0.0,0.875,0,0,0.0,0,0,0,0,120.1333,106.1633,0,268627,1,5,2918,46666.23,8178.78,32771.0,60999.0,100.4992,6.689127389705883,24.012961930518728,576.631097886723,0.1448,100.4992,0.3922,10100.140082105,12.160277787532925,0.0,0.0,1.0,0.0,0.0,benign
60186,0,0,16,4,9,2,0,196932,3,0.0,1189,5913,11732,0.0535314399459709,0.0,0.0,2.0,1,1,2906,1,0,0,0,0.0,0.0,0.0,0,1,1,12,2.4056,8,1,0,1,0.0,0.875,0,0,0.0,0,0,0,0,19.8167,19.71,0,196932,1,1,2906,43145.17,13147.53,20006.0,65534.0,100.4992,6.689127389705883,24.012961930518728,576.631097886723,0.1448,100.4992,0.3922,10100.140082105,12.160277787532925,0.0,0.0,1.0,0.0,0.0,benign
38348,0,0,6,2,18,1,0,10001,13,3659.0,1,1,1,3521.052,3659.0,0.0,7260.0,0,1,7169,2,0,0,0,0.0,0.0,0.0,0,0,0,7,2.4056,8,1,0,1,0.0,0.875,0,0,0.0,0,0,0,0,0.0167,0.0033,0,10001,1,2,7169,46801.25,8118.89,32768.0,60998.0,0.1448,0.1962467153284671,2.2434370263721366,5.033009691297455,0.1448,100.4992,0.1448,50715.263158520014,0.0619100599999999,0.0,0.0,0.0,0.0,1.0,benign
49478,0,0,5,4,9,2,1,86835,5,0.0,1234,6054,12135,0.0516963401432618,0.0,0.0,15.0,1,1,2649,2,0,0,0,0.0,0.0,0.0,0,1,1,12,2.4056,8,1,0,1,0.0,0.875,0,0,0.0,0,0,0,0,20.5667,20.18,0,86835,1,2,2649,48658.78,14184.01,1057.0,65502.0,100.4992,6.689127389705883,24.012961930518728,576.631097886723,0.1448,100.4992,0.3922,10100.140082105,12.160277787532925,0.0,0.0,1.0,0.0,0.0,benign
27304,0,0,15,3,8,2,0,503966,1,0.0,3120,14174,28191,0.0228130921790203,0.0,0.0,3.0,1,1,5362,3,0,0,0,0.0,0.0,0.0,0,1,1,12,2.4056,8,1,0,1,0.0,0.875,0,0,0.0,0,0,0,0,52.0,47.2467,0,503966,1,3,5362,42667.95,12987.28,20002.0,65534.0,100.4992,6.689127389705883,24.012961930518728,576.631097886723,0.1448,100.4992,0.3922,10100.140082105,12.160277787532925,0.0,0.0,1.0,0.0,0.0,benign
27196,0,0,16,3,8,2,0,503966,1,0.0,2970,14790,29577,0.0228130921790203,0.0,0.0,3.0,1,1,5362,3,0,0,0,0.0,0.0,0.0,0,1,1,12,2.4056,8,1,0,1,0.0,0.875,0,0,0.0,0,0,0,0,49.5,49.3,0,503966,1,3,5362,42667.95,12987.28,20002.0,65534.0,100.4992,6.689127389705883,24.012961930518728,576.631097886723,0.1448,100.4992,0.3922,10100.140082105,12.160277787532925,0.0,0.0,1.0,0.0,0.0,benign
52766,0,0,15,3,8,2,0,503966,1,0.0,2855,14147,27915,0.0228130921790203,0.0,0.0,3.0,1,1,5362,3,0,0,0,0.0,0.0,0.0,0,1,1,12,2.4056,8,1,0,1,0.0,0.875,0,0,0.0,0,0,0,0,47.5833,47.1567,0,503966,1,3,5362,42667.95,12987.28,20002.0,65534.0,100.4992,6.689127389705883,24.012961930518728,576.631097886723,0.1448,100.4992,0.3922,10100.140082105,12.160277787532925,0.0,0.0,1.0,0.0,0.0,benign
36124,0,0,8,3,18,1,0,8429,14,0.0,967,4710,6619,1301.1058376839107,0.0,0.0,10965174.0,1,1,7781,3,0,0,0,0.0,0.0,0.0,0,0,0,111,2.4056,8,1,0,1,0.0,0.875,0,0,0.0,0,0,0,0,16.1167,15.7,0,8429,1,3,7781,48171.45,9720.14,32768.0,60998.0,100.4992,6.689127389705883,24.012961930518728,576.631097886723,0.1448,100.4992,0.3922,10100.140082105,12.160277787532925,0.0,1.0,0.0,0.0,0.0,benign
20570,0,0,15,3,8,2,0,503966,1,0.0,3002,14823,29554,0.0228130921790203,0.0,0.0,3.0,1,1,5362,3,0,0,0,0.0,0.0,0.0,0,1,1,12,2.4056,8,1,0,1,0.0,0.875,0,0,0.0,0,0,0,0,50.0333,49.41,0,503966,1,3,5362,42667.95,12987.28,20002.0,65534.0,100.4992,6.689127389705883,24.012961930518728,576.631097886723,0.1448,100.4992,0.3922,10100.140082105,12.160277787532925,0.0,0.0,1.0,0.0,0.0,benign
51826,0,0,14,3,8,2,0,503966,1,0.0,3556,19208,41188,0.0228130921790203,0.0,0.0,3.0,1,1,5362,3,0,0,0,0.0,0.0,0.0,0,1,1,12,2.4056,8,1,0,1,0.0,0.875,0,0,0.0,0,0,0,0,59.2667,64.0267,0,503966,1,3,5362,42667.95,12987.28,20002.0,65534.0,100.4992,6.689127389705883,24.012961930518728,576.631097886723,0.1448,100.4992,0.3922,10100.140082105,12.160277787532925,0.0,0.0,1.0,0.0,0.0,benign
60463,0,0,7,3,18,1,0,268627,2,0.0,6879,33044,66573,0.0131856186668453,0.0,0.0,761.0,1,1,2918,5,0,0,0,0.0,0.0,0.0,0,1,1,83,2.4056,8,1,0,1,0.0,0.875,0,0,0.0,0,0,0,0,114.65,110.1467,0,268627,1,5,2918,46666.23,8178.78,32771.0,60999.0,100.4992,6.689127389705883,24.012961930518728,576.631097886723,0.1448,100.4992,0.3922,10100.140082105,12.160277787532925,0.0,0.0,1.0,0.0,0.0,benign
45352,0,0,16,4,9,2,0,196932,3,0.0,1160,5829,11732,0.0535314399459709,0.0,0.0,2.0,1,1,2906,1,0,0,0,0.0,0.0,0.0,0,1,1,12,2.4056,8,1,0,1,0.0,0.875,0,0,0.0,0,0,0,0,19.3333,19.43,0,196932,1,1,2906,43145.17,13147.53,20006.0,65534.0,100.4992,6.689127389705883,24.012961930518728,576.631097886723,0.1448,100.4992,0.3922,10100.140082105,12.160277787532925,0.0,0.0,1.0,0.0,0.0,benign
58926,0,0,15,3,8,2,0,503966,1,0.0,3474,17502,35038,0.0228130921790203,0.0,0.0,3.0,1,1,5362,3,0,0,0,0.0,0.0,0.0,0,1,1,12,2.4056,8,1,0,1,0.0,0.875,0,0,0.0,0,0,0,0,57.9,58.34,0,503966,1,3,5362,42667.95,12987.28,20002.0,65534.0,100.4992,6.689127389705883,24.012961930518728,576.631097886723,0.1448,100.4992,0.3922,10100.140082105,12.160277787532925,0.0,0.0,1.0,0.0,0.0,benign
49834,0,0,15,3,8,2,0,503966,1,0.0,2956,15662,33146,0.0228130921790203,0.0,0.0,3.0,1,1,5362,3,0,0,0,0.0,0.0,0.0,0,1,1,12,2.4056,8,1,0,1,0.0,0.875,0,0,0.0,0,0,0,0,49.2667,52.2067,0,503966,1,3,5362,42667.95,12987.28,20002.0,65534.0,100.4992,6.689127389705883,24.012961930518728,576.631097886723,0.1448,100.4992,0.3922,10100.140082105,12.160277787532925,0.0,0.0,1.0,0.0,0.0,benign
38430,0,0,8,3,18,1,0,8429,14,0.0,899,4570,7539,1301.1058376839107,0.0,0.0,10965174.0,1,1,7781,3,0,0,0,0.0,0.0,0.0,0,0,0,111,2.4056,8,1,0,1,0.0,0.875,0,0,0.0,0,0,0,0,14.9833,15.2333,0,8429,1,3,7781,48171.45,9720.14,32768.0,60998.0,100.4992,6.689127389705883,24.012961930518728,576.631097886723,0.1448,100.4992,0.3922,10100.140082105,12.160277787532925,0.0,1.0,0.0,0.0,0.0,benign
45594,0,0,14,3,8,2,0,503966,1,0.0,3586,17712,35490,0.0228130921790203,0.0,0.0,3.0,1,1,5362,3,0,0,0,0.0,0.0,0.0,0,1,1,12,2.4056,8,1,0,1,0.0,0.875,0,0,0.0,0,0,0,0,59.7667,59.04,0,503966,1,3,5362,42667.95,12987.28,20002.0,65534.0,100.4992,6.689127389705883,24.012961930518728,576.631097886723,0.1448,100.4992,0.3922,10100.140082105,12.160277787532925,0.0,0.0,1.0,0.0,0.0,benign
56676,0,0,15,3,8,2,0,503966,1,0.0,2797,13729,28129,0.0228130921790203,0.0,0.0,3.0,1,1,5362,3,0,0,0,0.0,0.0,0.0,0,1,1,12,2.4056,8,1,0,1,0.0,0.875,0,0,0.0,0,0,0,0,46.6167,45.7633,0,503966,1,3,5362,42667.95,12987.28,20002.0,65534.0,100.4992,6.689127389705883,24.012961930518728,576.631097886723,0.1448,100.4992,0.3922,10100.140082105,12.160277787532925,0.0,0.0,1.0,0.0,0.0,benign
54193,0,0,7,3,18,1,0,268627,2,0.0,6903,25233,58044,0.0131856186668453,0.0,0.0,761.0,1,1,2918,5,0,0,0,0.0,0.0,0.0,0,1,1,83,2.4056,8,1,0,1,0.0,0.875,0,0,0.0,0,0,0,0,115.05,84.11,0,268627,1,5,2918,46666.23,8178.78,32771.0,60999.0,100.4992,6.689127389705883,24.012961930518728,576.631097886723,0.1448,100.4992,0.3922,10100.140082105,12.160277787532925,0.0,0.0,1.0,0.0,0.0,benign
43444,0,0,14,4,9,2,0,88661,4,0.0,1077,5590,11223,0.0536882472366343,0.0,0.0,2.0,1,1,1133,1,0,0,0,0.0,0.0,0.0,0,1,1,12,2.4056,8,1,0,1,0.0,0.875,0,0,0.0,0,0,0,0,17.95,18.6333,0,88661,1,1,1133,42855.32,12825.37,20014.0,65440.0,100.4992,6.689127389705883,24.012961930518728,576.631097886723,0.1448,100.4992,0.3922,10100.140082105,12.160277787532925,0.0,0.0,1.0,0.0,0.0,benign
56222,0,0,14,3,8,2,0,503966,1,0.0,3524,20781,42634,0.0228130921790203,0.0,0.0,3.0,1,1,5362,3,0,0,0,0.0,0.0,0.0,0,1,1,12,2.4056,8,1,0,1,0.0,0.875,0,0,0.0,0,0,0,0,58.7333,69.27,0,503966,1,3,5362,42667.95,12987.28,20002.0,65534.0,100.4992,6.689127389705883,24.012961930518728,576.631097886723,0.1448,100.4992,0.3922,10100.140082105,12.160277787532925,0.0,0.0,1.0,0.0,0.0,benign
32827,0,0,7,3,18,1,0,268627,2,0.0,6530,33155,65989,0.0131856186668453,0.0,0.0,761.0,1,1,2918,5,0,0,0,0.0,0.0,0.0,0,1,1,83,2.4056,8,1,0,1,0.0,0.875,0,0,0.0,0,0,0,0,108.8333,110.5167,0,268627,1,5,2918,46666.23,8178.78,32771.0,60999.0,100.4992,6.689127389705883,24.012961930518728,576.631097886723,0.1448,100.4992,0.3922,10100.140082105,12.160277787532925,0.0,0.0,1.0,0.0,0.0,benign
37917,0,0,6,3,18,1,0,268627,2,0.0,6362,31268,62252,0.0131856186668453,0.0,0.0,761.0,1,1,2918,5,0,0,0,0.0,0.0,0.0,0,1,1,83,2.4056,8,1,0,1,0.0,0.875,0,0,0.0,0,0,0,0,106.0333,104.2267,0,268627,1,5,2918,46666.23,8178.78,32771.0,60999.0,100.4992,6.689127389705883,24.012961930518728,576.631097886723,0.1448,100.4992,0.3922,10100.140082105,12.160277787532925,0.0,0.0,1.0,0.0,0.0,benign
51937,0,0,7,3,18,1,0,268627,2,0.0,6473,32913,65888,0.0131856186668453,0.0,0.0,761.0,1,1,2918,5,0,0,0,0.0,0.0,0.0,0,1,1,83,2.4056,8,1,0,1,0.0,0.875,0,0,0.0,0,0,0,0,107.8833,109.71,0,268627,1,5,2918,46666.23,8178.78,32771.0,60999.0,100.4992,6.689127389705883,24.012961930518728,576.631097886723,0.1448,100.4992,0.3922,10100.140082105,12.160277787532925,0.0,0.0,1.0,0.0,0.0,benign
62456,0,0,17,4,9,2,0,196932,3,0.0,1186,5839,11698,0.0535314399459709,0.0,0.0,2.0,1,1,2906,1,0,0,0,0.0,0.0,0.0,0,1,1,12,2.4056,8,1,0,1,0.0,0.875,0,0,0.0,0,0,0,0,19.7667,19.4633,0,196932,1,1,2906,43145.17,13147.53,20006.0,65534.0,100.4992,6.689127389705883,24.012961930518728,576.631097886723,0.1448,100.4992,0.3922,10100.140082105,12.160277787532925,0.0,0.0,1.0,0.0,0.0,benign
43392,0,0,17,4,9,2,0,196932,3,0.0,1153,5749,11651,0.0535314399459709,0.0,0.0,2.0,1,1,2906,1,0,0,0,0.0,0.0,0.0,0,1,1,12,2.4056,8,1,0,1,0.0,0.875,0,0,0.0,0,0,0,0,19.2167,19.1633,0,196932,1,1,2906,43145.17,13147.53,20006.0,65534.0,100.4992,6.689127389705883,24.012961930518728,576.631097886723,0.1448,100.4992,0.3922,10100.140082105,12.160277787532925,0.0,0.0,1.0,0.0,0.0,benign
52678,0,0,15,4,9,2,0,88661,4,0.0,1120,5509,11025,0.0536882472366343,0.0,0.0,2.0,1,1,1133,1,0,0,0,0.0,0.0,0.0,0,1,1,12,2.4056,8,1,0,1,0.0,0.875,0,0,0.0,0,0,0,0,18.6667,18.3633,0,88661,1,1,1133,42855.32,12825.37,20014.0,65440.0,100.4992,6.689127389705883,24.012961930518728,576.631097886723,0.1448,100.4992,0.3922,10100.140082105,12.160277787532925,0.0,0.0,1.0,0.0,0.0,benign
25870,0,0,16,4,9,2,0,196932,3,0.0,1193,5913,11863,0.0535314399459709,0.0,0.0,2.0,1,1,2906,1,0,0,0,0.0,0.0,0.0,0,1,1,12,2.4056,8,1,0,1,0.0,0.875,0,0,0.0,0,0,0,0,19.8833,19.71,0,196932,1,1,2906,43145.17,13147.53,20006.0,65534.0,100.4992,6.689127389705883,24.012961930518728,576.631097886723,0.1448,100.4992,0.3922,10100.140082105,12.160277787532925,0.0,0.0,1.0,0.0,0.0,benign
49144,0,0,14,3,8,2,0,503966,1,0.0,3701,20919,42834,0.0228130921790203,0.0,0.0,3.0,1,1,5362,3,0,0,0,0.0,0.0,0.0,0,1,1,12,2.4056,8,1,0,1,0.0,0.875,0,0,0.0,0,0,0,0,61.6833,69.73,0,503966,1,3,5362,42667.95,12987.28,20002.0,65534.0,100.4992,6.689127389705883,24.012961930518728,576.631097886723,0.1448,100.4992,0.3922,10100.140082105,12.160277787532925,0.0,0.0,1.0,0.0,0.0,benign
63740,0,0,16,3,8,2,0,503966,1,0.0,2404,14181,28968,0.0228130921790203,0.0,0.0,3.0,1,1,5362,3,0,0,0,0.0,0.0,0.0,0,1,1,12,2.4056,8,1,0,1,0.0,0.875,0,0,0.0,0,0,0,0,40.0667,47.27,0,503966,1,3,5362,42667.95,12987.28,20002.0,65534.0,100.4992,6.689127389705883,24.012961930518728,576.631097886723,0.1448,100.4992,0.3922,10100.140082105,12.160277787532925,0.0,0.0,1.0,0.0,0.0,benign
57894,0,0,8,3,18,1,0,17749,9,0.0,227,227,227,0.1488618435880099,0.0,0.0,1522.0,1,1,9925,1,0,0,0,0.0,0.0,0.0,0,0,0,111,2.4056,8,1,0,1,0.0,0.875,0,0,0.0,0,0,0,0,3.7833,0.7567,0,17749,1,1,9925,46385.64,8302.84,32768.0,60998.0,100.4992,94.2372140402276,24.10654189729186,581.1253622458878,0.1448,100.4992,100.4992,167936514.3302602,12.440885294117647,0.0,1.0,0.0,0.0,0.0,benign
46214,0,0,15,3,8,2,0,503966,1,0.0,2948,13760,28016,0.0228130921790203,0.0,0.0,3.0,1,1,5362,3,0,0,0,0.0,0.0,0.0,0,1,1,12,2.4056,8,1,0,1,0.0,0.875,0,0,0.0,0,0,0,0,49.1333,45.8667,0,503966,1,3,5362,42667.95,12987.28,20002.0,65534.0,100.4992,6.689127389705883,24.012961930518728,576.631097886723,0.1448,100.4992,0.3922,10100.140082105,12.160277787532925,0.0,0.0,1.0,0.0,0.0,benign
34056,0,0,15,3,8,2,0,503966,1,0.0,2983,15765,33245,0.0228130921790203,0.0,0.0,3.0,1,1,5362,3,0,0,0,0.0,0.0,0.0,0,1,1,12,2.4056,8,1,0,1,0.0,0.875,0,0,0.0,0,0,0,0,49.7167,52.55,0,503966,1,3,5362,42667.95,12987.28,20002.0,65534.0,100.4992,6.689127389705883,24.012961930518728,576.631097886723,0.1448,100.4992,0.3922,10100.140082105,12.160277787532925,0.0,0.0,1.0,0.0,0.0,benign
48984,0,0,16,3,8,2,0,503966,1,0.0,1785,8895,17815,0.0228130921790203,0.0,0.0,3.0,1,1,5362,3,0,0,0,0.0,0.0,0.0,0,1,1,12,2.4056,8,1,0,1,0.0,0.875,0,0,0.0,0,0,0,0,29.75,29.65,0,503966,1,3,5362,42667.95,12987.28,20002.0,65534.0,100.4992,6.689127389705883,24.012961930518728,576.631097886723,0.1448,100.4992,0.3922,10100.140082105,12.160277787532925,0.0,0.0,1.0,0.0,0.0,benign
60934,0,0,15,3,8,2,0,503966,1,0.0,2940,14026,28006,0.0228130921790203,0.0,0.0,3.0,1,1,5362,3,0,0,0,0.0,0.0,0.0,0,1,1,12,2.4056,8,1,0,1,0.0,0.875,0,0,0.0,0,0,0,0,49.0,46.7533,0,503966,1,3,5362,42667.95,12987.28,20002.0,65534.0,100.4992,6.689127389705883,24.012961930518728,576.631097886723,0.1448,100.4992,0.3922,10100.140082105,12.160277787532925,0.0,0.0,1.0,0.0,0.0,benign
32887,0,0,6,3,18,1,0,268627,2,0.0,6459,30538,63189,0.0131856186668453,0.0,0.0,761.0,1,1,2918,5,0,0,0,0.0,0.0,0.0,0,1,1,83,2.4056,8,1,0,1,0.0,0.875,0,0,0.0,0,0,0,0,107.65,101.7933,0,268627,1,5,2918,46666.23,8178.78,32771.0,60999.0,100.4992,6.689127389705883,24.012961930518728,576.631097886723,0.1448,100.4992,0.3922,10100.140082105,12.160277787532925,0.0,0.0,1.0,0.0,0.0,benign
64360,0,0,16,4,9,2,0,196932,3,0.0,1194,5853,11708,0.0535314399459709,0.0,0.0,2.0,1,1,2906,1,0,0,0,0.0,0.0,0.0,0,1,1,12,2.4056,8,1,0,1,0.0,0.875,0,0,0.0,0,0,0,0,19.9,19.51,0,196932,1,1,2906,43145.17,13147.53,20006.0,65534.0,100.4992,6.689127389705883,24.012961930518728,576.631097886723,0.1448,100.4992,0.3922,10100.140082105,12.160277787532925,0.0,0.0,1.0,0.0,0.0,benign
12994,0,0,6,4,9,2,0,86835,5,0.0,1222,6057,11994,0.0516963401432618,0.0,0.0,15.0,1,1,2649,2,0,0,0,0.0,0.0,0.0,0,1,1,12,2.4056,8,1,0,1,0.0,0.875,0,0,0.0,0,0,0,0,20.3667,20.19,0,86835,1,2,2649,48658.78,14184.01,1057.0,65502.0,100.4992,6.689127389705883,24.012961930518728,576.631097886723,0.1448,100.4992,0.3922,10100.140082105,12.160277787532925,0.0,0.0,1.0,0.0,0.0,benign
44607,0,0,6,3,18,1,0,4272,20,0.0,365,369,369,0.705923671271365,0.0,0.0,481.0,1,1,227,4,0,0,0,0.0,0.0,0.0,0,1,1,83,2.4056,8,1,0,1,0.0,0.875,0,0,0.0,0,0,0,0,6.0833,1.23,0,4272,1,4,227,39671.38,8431.19,1960.0,61986.0,100.4992,6.689127389705883,24.012961930518728,576.631097886723,0.1448,100.4992,0.3922,10100.140082105,12.160277787532925,0.0,0.0,1.0,0.0,0.0,benign
37172,0,0,15,3,8,2,0,503966,1,1.0,3553,16665,30489,0.0228130921790203,0.0,0.0,3.0,1,1,5362,3,0,0,0,0.0,0.0,0.0,0,1,1,12,2.4056,8,1,0,1,0.0,0.875,0,0,0.0,0,0,0,0,59.2167,55.55,0,503966,1,3,5362,42667.95,12987.28,20002.0,65534.0,1.4427,6.689127389705883,24.012961930518728,576.631097886723,0.1448,100.4992,0.3922,10100.140082105,12.160277787532925,0.0,0.0,1.0,0.0,0.0,benign
60535,0,0,6,3,18,1,0,268627,2,0.0,6190,31252,40786,0.0131856186668453,0.0,0.0,761.0,1,1,2918,5,0,0,0,0.0,0.0,0.0,0,1,1,83,2.4056,8,1,0,1,0.0,0.875,0,0,0.0,0,0,0,0,103.1667,104.1733,0,268627,1,5,2918,46666.23,8178.78,32771.0,60999.0,100.4992,6.689127389705883,24.012961930518728,576.631097886723,0.1448,100.4992,0.3922,10100.140082105,12.160277787532925,0.0,0.0,1.0,0.0,0.0,benign
35915,0,0,6,3,18,1,0,268627,2,0.0,6305,31217,62495,0.0131856186668453,0.0,0.0,761.0,1,1,2918,5,0,0,0,0.0,0.0,0.0,0,1,1,83,2.4056,8,1,0,1,0.0,0.875,0,0,0.0,0,0,0,0,105.0833,104.0567,0,268627,1,5,2918,46666.23,8178.78,32771.0,60999.0,100.4992,6.689127389705883,24.012961930518728,576.631097886723,0.1448,100.4992,0.3922,10100.140082105,12.160277787532925,0.0,0.0,1.0,0.0,0.0,benign
43160,0,0,15,3,8,2,0,503966,1,0.0,2793,13917,28163,0.0228130921790203,0.0,0.0,3.0,1,1,5362,3,0,0,0,0.0,0.0,0.0,0,1,1,12,2.4056,8,1,0,1,0.0,0.875,0,0,0.0,0,0,0,0,46.55,46.39,0,503966,1,3,5362,42667.95,12987.28,20002.0,65534.0,100.4992,6.689127389705883,24.012961930518728,576.631097886723,0.1448,100.4992,0.3922,10100.140082105,12.160277787532925,0.0,0.0,1.0,0.0,0.0,benign
53577,0,0,17,3,14,9,0,29038,7,0.0,9170,18311,18311,0.2187209422460998,0.0,0.0,1883.0,1,1,882,7,0,0,0,0.0,0.0,0.0,0,1,1,83,2.4056,8,1,0,1,0.0,0.875,0,0,0.0,0,0,0,0,152.8333,61.0367,0,29038,1,7,882,47023.26,8287.41,32813.0,64348.0,100.4992,6.689127389705883,24.012961930518728,576.631097886723,0.1448,100.4992,0.3922,10100.140082105,12.160277787532925,0.0,0.0,1.0,0.0,0.0,benign
57736,0,0,15,3,8,2,0,503966,1,0.0,2956,14748,31193,0.0228130921790203,0.0,0.0,3.0,1,1,5362,3,0,0,0,0.0,0.0,0.0,0,1,1,12,2.4056,8,1,0,1,0.0,0.875,0,0,0.0,0,0,0,0,49.2667,49.16,0,503966,1,3,5362,42667.95,12987.28,20002.0,65534.0,100.4992,6.689127389705883,24.012961930518728,576.631097886723,0.1448,100.4992,0.3922,10100.140082105,12.160277787532925,0.0,0.0,1.0,0.0,0.0,benign
49788,0,0,14,3,8,2,0,503966,1,0.0,3339,17453,35068,0.0228130921790203,0.0,0.0,3.0,1,1,5362,3,0,0,0,0.0,0.0,0.0,0,1,1,12,2.4056,8,1,0,1,0.0,0.875,0,0,0.0,0,0,0,0,55.65,58.1767,0,503966,1,3,5362,42667.95,12987.28,20002.0,65534.0,100.4992,6.689127389705883,24.012961930518728,576.631097886723,0.1448,100.4992,0.3922,10100.140082105,12.160277787532925,0.0,0.0,1.0,0.0,0.0,benign
27304,0,0,15,3,8,2,0,503966,1,0.0,3511,14565,28609,0.0228130921790203,0.0,0.0,3.0,1,1,5362,3,0,0,0,0.0,0.0,0.0,0,1,1,12,2.4056,8,1,0,1,0.0,0.875,0,0,0.0,0,0,0,0,58.5167,48.55,0,503966,1,3,5362,42667.95,12987.28,20002.0,65534.0,100.4992,6.689127389705883,24.012961930518728,576.631097886723,0.1448,100.4992,0.3922,10100.140082105,12.160277787532925,0.0,0.0,1.0,0.0,0.0,benign
39036,0,0,8,3,18,1,0,8429,14,0.0,963,4607,7821,1301.1058376839107,0.0,0.0,10965174.0,1,1,7781,3,0,0,0,0.0,0.0,0.0,0,0,0,111,2.4056,8,1,0,1,0.0,0.875,0,0,0.0,0,0,0,0,16.05,15.3567,0,8429,1,3,7781,48171.45,9720.14,32768.0,60998.0,100.4992,6.689127389705883,24.012961930518728,576.631097886723,0.1448,100.4992,0.3922,10100.140082105,12.160277787532925,0.0,1.0,0.0,0.0,0.0,benign
41111,0,0,6,3,18,1,0,268627,2,0.0,6530,31507,63195,0.0131856186668453,0.0,0.0,761.0,1,1,2918,5,0,0,0,0.0,0.0,0.0,0,1,1,83,2.4056,8,1,0,1,0.0,0.875,0,0,0.0,0,0,0,0,108.8333,105.0233,0,268627,1,5,2918,46666.23,8178.78,32771.0,60999.0,100.4992,6.689127389705883,24.012961930518728,576.631097886723,0.1448,100.4992,0.3922,10100.140082105,12.160277787532925,0.0,0.0,1.0,0.0,0.0,benign
45026,0,0,14,3,8,2,0,503966,1,0.0,4568,21958,32513,0.0228130921790203,0.0,0.0,3.0,1,1,5362,3,0,0,0,0.0,0.0,0.0,0,1,1,12,2.4056,8,1,0,1,0.0,0.875,0,0,0.0,0,0,0,0,76.1333,73.1933,0,503966,1,3,5362,42667.95,12987.28,20002.0,65534.0,100.4992,6.689127389705883,24.012961930518728,576.631097886723,0.1448,100.4992,0.3922,10100.140082105,12.160277787532925,0.0,0.0,1.0,0.0,0.0,benign
54063,0,0,6,3,18,1,0,268627,2,0.0,7184,31903,49866,0.0131856186668453,0.0,0.0,761.0,1,1,2918,5,0,0,0,0.0,0.0,0.0,0,1,1,83,2.4056,8,1,0,1,0.0,0.875,0,0,0.0,0,0,0,0,119.7333,106.3433,0,268627,1,5,2918,46666.23,8178.78,32771.0,60999.0,100.4992,6.689127389705883,24.012961930518728,576.631097886723,0.1448,100.4992,0.3922,10100.140082105,12.160277787532925,0.0,0.0,1.0,0.0,0.0,benign
33838,0,0,15,3,8,2,0,503966,1,0.0,3498,17549,34998,0.0228130921790203,0.0,0.0,3.0,1,1,5362,3,0,0,0,0.0,0.0,0.0,0,1,1,12,2.4056,8,1,0,1,0.0,0.875,0,0,0.0,0,0,0,0,58.3,58.4967,0,503966,1,3,5362,42667.95,12987.28,20002.0,65534.0,100.4992,6.689127389705883,24.012961930518728,576.631097886723,0.1448,100.4992,0.3922,10100.140082105,12.160277787532925,0.0,0.0,1.0,0.0,0.0,benign
37858,0,0,15,3,8,2,0,503966,1,0.0,3483,17555,34553,0.0228130921790203,0.0,0.0,3.0,1,1,5362,3,0,0,0,0.0,0.0,0.0,0,1,1,12,2.4056,8,1,0,1,0.0,0.875,0,0,0.0,0,0,0,0,58.05,58.5167,0,503966,1,3,5362,42667.95,12987.28,20002.0,65534.0,100.4992,6.689127389705883,24.012961930518728,576.631097886723,0.1448,100.4992,0.3922,10100.140082105,12.160277787532925,0.0,0.0,1.0,0.0,0.0,benign
43623,0,0,7,3,18,1,0,268627,2,0.0,6614,32907,66034,0.0131856186668453,0.0,0.0,761.0,1,1,2918,5,0,0,0,0.0,0.0,0.0,0,1,1,83,2.4056,8,1,0,1,0.0,0.875,0,0,0.0,0,0,0,0,110.2333,109.69,0,268627,1,5,2918,46666.23,8178.78,32771.0,60999.0,100.4992,6.689127389705883,24.012961930518728,576.631097886723,0.1448,100.4992,0.3922,10100.140082105,12.160277787532925,0.0,0.0,1.0,0.0,0.0,benign
28696,0,0,17,4,9,2,0,196932,3,0.0,1186,5829,11593,0.0535314399459709,0.0,0.0,2.0,1,1,2906,1,0,0,0,0.0,0.0,0.0,0,1,1,12,2.4056,8,1,0,1,0.0,0.875,0,0,0.0,0,0,0,0,19.7667,19.43,0,196932,1,1,2906,43145.17,13147.53,20006.0,65534.0,100.4992,6.689127389705883,24.012961930518728,576.631097886723,0.1448,100.4992,0.3922,10100.140082105,12.160277787532925,0.0,0.0,1.0,0.0,0.0,benign
51513,0,0,6,4,9,2,0,86835,5,0.0,1226,6022,11923,0.0516963401432618,0.0,0.0,15.0,1,1,2649,2,0,0,0,0.0,0.0,0.0,0,1,1,12,2.4056,8,1,0,1,0.0,0.875,0,0,0.0,0,0,0,0,20.4333,20.0733,0,86835,1,2,2649,48658.78,14184.01,1057.0,65502.0,100.4992,6.689127389705883,24.012961930518728,576.631097886723,0.1448,100.4992,0.3922,10100.140082105,12.160277787532925,0.0,0.0,1.0,0.0,0.0,benign
27738,0,0,14,4,9,2,0,88661,4,0.0,1121,5656,11321,0.0536882472366343,0.0,0.0,2.0,1,1,1133,1,0,0,0,0.0,0.0,0.0,0,1,1,12,2.4056,8,1,0,1,0.0,0.875,0,0,0.0,0,0,0,0,18.6833,18.8533,0,88661,1,1,1133,42855.32,12825.37,20014.0,65440.0,100.4992,6.689127389705883,24.012961930518728,576.631097886723,0.1448,100.4992,0.3922,10100.140082105,12.160277787532925,0.0,0.0,1.0,0.0,0.0,benign
59012,0,0,16,3,8,2,0,503966,1,0.0,1788,8908,17877,0.0228130921790203,0.0,0.0,3.0,1,1,5362,3,0,0,0,0.0,0.0,0.0,0,1,1,12,2.4056,8,1,0,1,0.0,0.875,0,0,0.0,0,0,0,0,29.8,29.6933,0,503966,1,3,5362,42667.95,12987.28,20002.0,65534.0,100.4992,6.689127389705883,24.012961930518728,576.631097886723,0.1448,100.4992,0.3922,10100.140082105,12.160277787532925,0.0,0.0,1.0,0.0,0.0,benign
59258,0,0,15,3,8,2,0,503966,1,0.0,2667,14188,28012,0.0228130921790203,0.0,0.0,3.0,1,1,5362,3,0,0,0,0.0,0.0,0.0,0,1,1,12,2.4056,8,1,0,1,0.0,0.875,0,0,0.0,0,0,0,0,44.45,47.2933,0,503966,1,3,5362,42667.95,12987.28,20002.0,65534.0,100.4992,6.689127389705883,24.012961930518728,576.631097886723,0.1448,100.4992,0.3922,10100.140082105,12.160277787532925,0.0,0.0,1.0,0.0,0.0,benign
64478,0,0,18,2,13,9,0,50264,6,0.0,2824,27671,32136,0.0665300519268646,0.0,0.0,757.0,1,1,1236,5,0,0,0,0.0,0.0,0.0,0,1,1,83,2.4056,8,1,0,1,0.0,0.875,0,0,0.0,0,0,0,0,47.0667,92.2367,0,50264,1,5,1236,63125.85,4243.74,49152.0,65479.0,100.4992,6.689127389705883,24.012961930518728,576.631097886723,0.1448,100.4992,0.3922,10100.140082105,12.160277787532925,0.0,0.0,1.0,0.0,0.0,benign
37404,0,0,14,4,9,2,0,88661,4,0.0,1102,5548,11211,0.0536882472366343,0.0,0.0,2.0,1,1,1133,1,0,0,0,0.0,0.0,0.0,0,1,1,12,2.4056,8,1,0,1,0.0,0.875,0,0,0.0,0,0,0,0,18.3667,18.4933,0,88661,1,1,1133,42855.32,12825.37,20014.0,65440.0,100.4992,6.689127389705883,24.012961930518728,576.631097886723,0.1448,100.4992,0.3922,10100.140082105,12.160277787532925,0.0,0.0,1.0,0.0,0.0,benign
22920,0,0,15,4,9,2,0,88661,4,0.0,1103,5501,11084,0.0536882472366343,0.0,0.0,2.0,1,1,1133,1,0,0,0,0.0,0.0,0.0,0,1,1,12,2.4056,8,1,0,1,0.0,0.875,0,0,0.0,0,0,0,0,18.3833,18.3367,0,88661,1,1,1133,42855.32,12825.37,20014.0,65440.0,100.4992,6.689127389705883,24.012961930518728,576.631097886723,0.1448,100.4992,0.3922,10100.140082105,12.160277787532925,0.0,0.0,1.0,0.0,0.0,benign
46553,0,0,17,3,14,9,0,29038,7,0.0,9182,11133,11133,0.2187209422460998,0.0,0.0,1883.0,1,1,882,7,0,0,0,0.0,0.0,0.0,0,1,1,83,2.4056,8,1,0,1,0.0,0.875,0,0,0.0,0,0,0,0,153.0333,37.11,0,29038,1,7,882,47023.26,8287.41,32813.0,64348.0,100.4992,6.689127389705883,24.012961930518728,576.631097886723,0.1448,100.4992,0.3922,10100.140082105,12.160277787532925,0.0,0.0,1.0,0.0,0.0,benign
46820,0,0,14,3,8,2,0,503966,1,0.0,2590,15204,32722,0.0228130921790203,0.0,0.0,3.0,1,1,5362,3,0,0,0,0.0,0.0,0.0,0,1,1,12,2.4056,8,1,0,1,0.0,0.875,0,0,0.0,0,0,0,0,43.1667,50.68,0,503966,1,3,5362,42667.95,12987.28,20002.0,65534.0,100.4992,6.689127389705883,24.012961930518728,576.631097886723,0.1448,100.4992,0.3922,10100.140082105,12.160277787532925,0.0,0.0,1.0,0.0,0.0,benign
28608,0,0,14,3,8,2,0,503966,1,0.0,4458,21904,41649,0.0228130921790203,0.0,0.0,3.0,1,1,5362,3,0,0,0,0.0,0.0,0.0,0,1,1,12,2.4056,8,1,0,1,0.0,0.875,0,0,0.0,0,0,0,0,74.3,73.0133,0,503966,1,3,5362,42667.95,12987.28,20002.0,65534.0,100.4992,6.689127389705883,24.012961930518728,576.631097886723,0.1448,100.4992,0.3922,10100.140082105,12.160277787532925,0.0,0.0,1.0,0.0,0.0,benign
60124,0,0,6,0,5,6,0,2669,26,1.0,4,4,4,9582.851949025488,1.0,0.0,3497608.0,1,1,2451,1,0,0,0,0.0,0.0,0.0,0,0,0,105,2.4056,8,1,0,1,0.0,0.875,0,0,0.0,0,0,0,0,0.0667,0.0133,0,2669,1,1,2451,46872.43,8159.94,32792.0,60980.0,1.4427,6.689127389705883,24.012961930518728,576.631097886723,0.1448,100.4992,0.3922,10100.140082105,12.160277787532925,0.0,1.0,0.0,0.0,0.0,benign
40148,0,0,8,3,18,1,0,8429,14,0.0,862,4548,8305,1301.1058376839107,0.0,0.0,10965174.0,1,1,7781,3,0,0,0,0.0,0.0,0.0,0,0,0,111,2.4056,8,1,0,1,0.0,0.875,0,0,0.0,0,0,0,0,14.3667,15.16,0,8429,1,3,7781,48171.45,9720.14,32768.0,60998.0,100.4992,6.689127389705883,24.012961930518728,576.631097886723,0.1448,100.4992,0.3922,10100.140082105,12.160277787532925,0.0,1.0,0.0,0.0,0.0,benign
41148,0,0,17,3,18,1,0,5721,17,1.0,1398,4769,5056,0.1998251748251748,0.0,0.0,179.0,1,6,1778,1,0,0,0,0.0,0.0,0.0,0,0,0,114,2.4056,8,1,0,1,0.0,0.875,0,0,0.0,0,0,0,0,23.3,15.8967,0,5721,6,1,1778,45337.42,11858.7,1028.0,64678.0,1.4427,6.689127389705883,24.012961930518728,576.631097886723,0.1448,100.4992,0.3922,10100.140082105,12.160277787532925,0.0,1.0,0.0,0.0,0.0,benign
43004,0,0,15,4,9,2,0,196932,3,1.0,1193,5929,11823,0.0535314399459709,0.0,0.0,2.0,1,1,2906,1,0,0,0,0.0,0.0,0.0,0,1,1,12,2.4056,8,1,0,1,0.0,0.875,0,0,0.0,0,0,0,0,19.8833,19.7633,0,196932,1,1,2906,43145.17,13147.53,20006.0,65534.0,1.4427,6.689127389705883,24.012961930518728,576.631097886723,0.1448,100.4992,0.3922,10100.140082105,12.160277787532925,0.0,0.0,1.0,0.0,0.0,benign
37639,0,0,7,3,18,1,0,268627,2,0.0,6638,32772,66183,0.0131856186668453,0.0,0.0,761.0,1,1,2918,5,0,0,0,0.0,0.0,0.0,0,1,1,83,2.4056,8,1,0,1,0.0,0.875,0,0,0.0,0,0,0,0,110.6333,109.24,0,268627,1,5,2918,46666.23,8178.78,32771.0,60999.0,100.4992,6.689127389705883,24.012961930518728,576.631097886723,0.1448,100.4992,0.3922,10100.140082105,12.160277787532925,0.0,0.0,1.0,0.0,0.0,benign
34904,0,0,19,6,1,10,0,3,225,999.0,1,1,1,846822.0,846822.0,163369.0,1530275.0,0,1,3,1,0,0,0,0.0,0.0,0.0,0,0,0,114,2.4056,8,1,0,1,0.0,0.875,0,0,0.0,0,0,0,0,0.0167,0.0033,0,3,1,1,3,42316.67,13696.59,33924.0,58122.0,0.1448,6.689127389705883,24.012961930518728,576.631097886723,0.1448,100.4992,0.3922,10100.140082105,12.160277787532925,0.0,1.0,0.0,0.0,0.0,benign
40466,0,0,16,3,8,2,0,503966,1,0.0,2961,14791,29573,0.0228130921790203,0.0,0.0,3.0,1,1,5362,3,0,0,0,0.0,0.0,0.0,0,1,1,12,2.4056,8,1,0,1,0.0,0.875,0,0,0.0,0,0,0,0,49.35,49.3033,0,503966,1,3,5362,42667.95,12987.28,20002.0,65534.0,100.4992,6.689127389705883,24.012961930518728,576.631097886723,0.1448,100.4992,0.3922,10100.140082105,12.160277787532925,0.0,0.0,1.0,0.0,0.0,benign
41016,0,0,14,4,9,2,0,88661,4,0.0,1156,5616,11254,0.0536882472366343,0.0,0.0,2.0,1,1,1133,1,0,0,0,0.0,0.0,0.0,0,1,1,12,2.4056,8,1,0,1,0.0,0.875,0,0,0.0,0,0,0,0,19.2667,18.72,0,88661,1,1,1133,42855.32,12825.37,20014.0,65440.0,100.4992,6.689127389705883,24.012961930518728,576.631097886723,0.1448,100.4992,0.3922,10100.140082105,12.160277787532925,0.0,0.0,1.0,0.0,0.0,benign
54746,0,0,8,3,18,1,0,8429,14,0.0,1091,2164,2164,1301.1058376839107,0.0,0.0,10965174.0,1,1,7781,3,0,0,0,0.0,0.0,0.0,0,0,0,111,2.4056,8,1,0,1,0.0,0.875,0,0,0.0,0,0,0,0,18.1833,7.2133,0,8429,1,3,7781,48171.45,9720.14,32768.0,60998.0,100.4992,6.689127389705883,24.012961930518728,576.631097886723,0.1448,100.4992,0.3922,10100.140082105,12.160277787532925,0.0,1.0,0.0,0.0,0.0,benign
59963,0,0,6,3,18,1,0,268627,2,0.0,6767,31815,63007,0.0131856186668453,0.0,0.0,761.0,1,1,2918,5,0,0,0,0.0,0.0,0.0,0,1,1,83,2.4056,8,1,0,1,0.0,0.875,0,0,0.0,0,0,0,0,112.7833,106.05,0,268627,1,5,2918,46666.23,8178.78,32771.0,60999.0,100.4992,6.689127389705883,24.012961930518728,576.631097886723,0.1448,100.4992,0.3922,10100.140082105,12.160277787532925,0.0,0.0,1.0,0.0,0.0,benign
60953,0,0,6,3,18,1,0,268627,2,0.0,6915,32474,64583,0.0131856186668453,0.0,0.0,761.0,1,1,2918,5,0,0,0,0.0,0.0,0.0,0,1,1,83,2.4056,8,1,0,1,0.0,0.875,0,0,0.0,0,0,0,0,115.25,108.2467,0,268627,1,5,2918,46666.23,8178.78,32771.0,60999.0,100.4992,6.689127389705883,24.012961930518728,576.631097886723,0.1448,100.4992,0.3922,10100.140082105,12.160277787532925,0.0,0.0,1.0,0.0,0.0,benign
44660,0,0,14,3,8,2,0,503966,1,0.0,3624,17704,35380,0.0228130921790203,0.0,0.0,3.0,1,1,5362,3,0,0,0,0.0,0.0,0.0,0,1,1,12,2.4056,8,1,0,1,0.0,0.875,0,0,0.0,0,0,0,0,60.4,59.0133,0,503966,1,3,5362,42667.95,12987.28,20002.0,65534.0,100.4992,6.689127389705883,24.012961930518728,576.631097886723,0.1448,100.4992,0.3922,10100.140082105,12.160277787532925,0.0,0.0,1.0,0.0,0.0,benign
29222,0,0,15,3,8,2,0,503966,1,0.0,2922,14109,27848,0.0228130921790203,0.0,0.0,3.0,1,1,5362,3,0,0,0,0.0,0.0,0.0,0,1,1,12,2.4056,8,1,0,1,0.0,0.875,0,0,0.0,0,0,0,0,48.7,47.03,0,503966,1,3,5362,42667.95,12987.28,20002.0,65534.0,100.4992,6.689127389705883,24.012961930518728,576.631097886723,0.1448,100.4992,0.3922,10100.140082105,12.160277787532925,0.0,0.0,1.0,0.0,0.0,benign
38180,0,0,8,3,18,1,0,17749,9,0.0,792,792,792,0.1488618435880099,0.0,0.0,1522.0,1,1,9925,1,0,0,0,0.0,0.0,0.0,0,0,0,111,2.4056,8,1,0,1,0.0,0.875,0,0,0.0,0,0,0,0,13.2,2.64,0,17749,1,1,9925,46385.64,8302.84,32768.0,60998.0,100.4992,94.2372140402276,24.10654189729186,581.1253622458878,0.1448,100.4992,100.4992,167936514.3302602,12.440885294117647,0.0,1.0,0.0,0.0,0.0,benign
1334,0,0,7,3,18,1,0,2017,28,0.0,1600,1601,1601,0.2242063492063492,0.0,0.0,174.0,1,1,493,2,0,0,0,0.0,0.0,0.0,0,1,1,83,2.4056,8,1,0,1,0.0,0.875,0,0,0.0,0,0,0,0,26.6667,5.3367,0,2017,1,2,493,16658.24,15528.09,1064.0,63639.0,100.4992,6.689127389705883,24.012961930518728,576.631097886723,0.1448,100.4992,0.3922,10100.140082105,12.160277787532925,0.0,0.0,1.0,0.0,0.0,benign
34104,0,0,14,3,8,2,0,503966,1,0.0,2706,14107,27745,0.0228130921790203,0.0,0.0,3.0,1,1,5362,3,0,0,0,0.0,0.0,0.0,0,1,1,12,2.4056,8,1,0,1,0.0,0.875,0,0,0.0,0,0,0,0,45.1,47.0233,0,503966,1,3,5362,42667.95,12987.28,20002.0,65534.0,100.4992,6.689127389705883,24.012961930518728,576.631097886723,0.1448,100.4992,0.3922,10100.140082105,12.160277787532925,0.0,0.0,1.0,0.0,0.0,benign
60384,0,0,14,6,11,2,0,43,185,2.0,17,17,17,0.8571428571428571,1.0,0.0,8.0,0,1,43,1,0,0,0,0.0,0.0,0.0,0,0,0,7,2.4056,8,1,0,1,0.0,0.875,0,0,0.0,0,0,0,0,0.2833,0.0567,0,43,1,1,43,47020.14,7045.75,34560.0,60448.0,0.9102,6.689127389705883,24.012961930518728,576.631097886723,0.1448,100.4992,0.3922,10100.140082105,12.160277787532925,0.0,0.0,0.0,0.0,1.0,benign
45642,0,0,16,3,8,2,0,503966,1,1.0,2974,14767,29527,0.0228130921790203,0.0,0.0,3.0,1,1,5362,3,0,0,0,0.0,0.0,0.0,0,1,1,12,2.4056,8,1,0,1,0.0,0.875,0,0,0.0,0,0,0,0,49.5667,49.2233,0,503966,1,3,5362,42667.95,12987.28,20002.0,65534.0,1.4427,6.689127389705883,24.012961930518728,576.631097886723,0.1448,100.4992,0.3922,10100.140082105,12.160277787532925,0.0,0.0,1.0,0.0,0.0,benign
32676,0,0,14,3,8,2,0,503966,1,0.0,3492,17663,35342,0.0228130921790203,0.0,0.0,3.0,1,1,5362,3,0,0,0,0.0,0.0,0.0,0,1,1,12,2.4056,8,1,0,1,0.0,0.875,0,0,0.0,0,0,0,0,58.2,58.8767,0,503966,1,3,5362,42667.95,12987.28,20002.0,65534.0,100.4992,6.689127389705883,24.012961930518728,576.631097886723,0.1448,100.4992,0.3922,10100.140082105,12.160277787532925,0.0,0.0,1.0,0.0,0.0,benign
56006,0,0,15,4,9,2,0,196932,3,0.0,1164,1298,1298,0.0535314399459709,0.0,0.0,2.0,1,1,2906,1,0,0,0,0.0,0.0,0.0,0,1,1,12,2.4056,8,1,0,1,0.0,0.875,0,0,0.0,0,0,0,0,19.4,4.3267,0,196932,1,1,2906,43145.17,13147.53,20006.0,65534.0,100.4992,6.689127389705883,24.012961930518728,576.631097886723,0.1448,100.4992,0.3922,10100.140082105,12.160277787532925,0.0,0.0,1.0,0.0,0.0,benign
53490,0,0,14,3,8,2,0,503966,1,0.0,4249,21716,37627,0.0228130921790203,0.0,0.0,3.0,1,1,5362,3,0,0,0,0.0,0.0,0.0,0,1,1,12,2.4056,8,1,0,1,0.0,0.875,0,0,0.0,0,0,0,0,70.8167,72.3867,0,503966,1,3,5362,42667.95,12987.28,20002.0,65534.0,100.4992,6.689127389705883,24.012961930518728,576.631097886723,0.1448,100.4992,0.3922,10100.140082105,12.160277787532925,0.0,0.0,1.0,0.0,0.0,benign
50621,0,0,6,3,18,1,0,268627,2,0.0,6080,31224,41067,0.0131856186668453,0.0,0.0,761.0,1,1,2918,5,0,0,0,0.0,0.0,0.0,0,1,1,83,2.4056,8,1,0,1,0.0,0.875,0,0,0.0,0,0,0,0,101.3333,104.08,0,268627,1,5,2918,46666.23,8178.78,32771.0,60999.0,100.4992,6.689127389705883,24.012961930518728,576.631097886723,0.1448,100.4992,0.3922,10100.140082105,12.160277787532925,0.0,0.0,1.0,0.0,0.0,benign
60644,0,0,9,4,10,3,0,18209,8,1.0,206,977,1341,1802.7104569420037,0.0,0.0,6129127.0,1,81,11651,88,0,0,0,0.0,0.0,0.0,0,0,0,63,2.4056,8,1,0,1,0.0,0.875,0,5,2.3219,0,0,0,0,3.4333,3.2567,0,18209,81,88,11651,46390.82,17565.52,1635.0,65516.0,1.4427,6.689127389705883,24.012961930518728,576.631097886723,0.1448,100.4992,0.3922,10100.140082105,12.160277787532925,0.0,1.0,0.0,0.0,0.0,brute_force
45176,0,0,4,4,17,2,1,11,217,0.0,11,11,11,0.1,0.0,0.0,1.0,1,1,11,1,0,0,0,0.0,0.0,0.0,0,0,0,115,2.4056,8,1,0,1,0.0,0.875,0,3,0.9183,0,0,0,0,0.1833,0.0367,0,11,1,1,11,45110.18,45.83,45044.0,45176.0,100.4992,6.689127389705883,24.012961930518728,576.631097886723,0.1448,100.4992,0.3922,10100.140082105,12.160277787532925,0.0,1.0,0.0,0.0,0.0,brute_force
21282,0,0,4,4,17,2,1,22,206,0.0,3,3,3,0.6190476190476191,0.0,0.0,5.0,1,1,22,2,0,0,0,0.0,0.0,0.0,0,0,0,113,2.4056,8,1,0,1,0.0,0.875,0,2,1.0,0,0,0,0,0.05,0.01,0,22,1,2,22,21860.0,480.4,21218.0,22498.0,100.4992,6.689127389705883,24.012961930518728,576.631097886723,0.1448,100.4992,0.3922,10100.140082105,12.160277787532925,0.0,1.0,0.0,0.0,0.0,brute_force
33810,0,0,22,5,28,1,0,11,217,0.0,11,11,11,0.3,0.0,0.0,1.0,1,1,11,1,0,0,0,0.0,0.0,0.0,0,0,0,115,2.4056,8,1,0,1,0.0,0.875,0,3,1.585,0,0,0,0,0.1833,0.0367,0,11,1,1,11,33759.09,32.61,33706.0,33810.0,100.4992,6.689127389705883,24.012961930518728,576.631097886723,0.1448,100.4992,0.3922,10100.140082105,12.160277787532925,0.0,1.0,0.0,0.0,0.0,brute_force
55603,0,0,4,4,17,2,1,77,153,0.0,14,47,69,6.355263157894737,0.0,0.0,203.0,1,1,77,7,0,0,0,0.0,0.0,0.0,0,0,0,115,2.4056,8,1,0,1,0.0,0.875,0,3,0.9183,0,0,0,0,0.2333,0.1567,0,77,1,7,77,57735.82,4319.07,49913.0,65260.0,100.4992,6.689127389705883,24.012961930518728,576.631097886723,0.1448,100.4992,0.3922,10100.140082105,12.160277787532925,0.0,1.0,0.0,0.0,0.0,brute_force
45138,0,0,4,4,17,2,1,11,217,1.0,8,8,8,0.1,0.0,0.0,1.0,1,1,11,1,0,0,0,0.0,0.0,0.0,0,0,0,115,2.4056,8,1,0,1,0.0,0.875,0,3,1.585,0,0,0,0,0.1333,0.0267,0,11,1,1,11,45110.18,45.83,45044.0,45176.0,1.4427,6.689127389705883,24.012961930518728,576.631097886723,0.1448,100.4992,0.3922,10100.140082105,12.160277787532925,0.0,1.0,0.0,0.0,0.0,brute_force
50914,0,0,19,5,28,1,0,11,217,999.0,1,1,1,0.1,0.0,0.0,1.0,0,1,11,1,0,0,0,0.0,0.0,0.0,0,0,0,101,2.4056,8,1,0,1,0.0,0.875,0,3,0.9183,0,0,0,0,0.0167,0.0033,0,11,1,1,11,50957.09,29.39,50914.0,50998.0,0.1448,6.689127389705883,24.012961930518728,576.631097886723,0.1448,100.4992,0.3922,10100.140082105,12.160277787532925,0.0,1.0,0.0,0.0,0.0,brute_force
46162,0,0,19,5,28,1,0,11,217,1.0,6,6,6,0.1,0.0,0.0,1.0,1,1,11,1,0,0,0,0.0,0.0,0.0,0,0,0,115,2.4056,8,1,0,1,0.0,0.875,0,2,1.0,0,0,0,0,0.1,0.02,0,11,1,1,11,46174.18,171.05,45932.0,46458.0,1.4427,6.689127389705883,24.012961930518728,576.631097886723,0.1448,100.4992,0.3922,10100.140082105,12.160277787532925,0.0,1.0,0.0,0.0,0.0,brute_force
42044,0,0,22,5,28,1,0,11,217,999.0,1,1,1,0.7,1.0,0.0,2.0,0,1,11,1,0,0,0,0.0,0.0,0.0,0,0,0,77,2.4056,8,1,0,1,0.0,0.875,0,3,0.9183,0,0,0,0,0.0167,0.0033,0,11,1,1,11,42289.09,161.36,42044.0,42564.0,0.1448,6.689127389705883,24.012961930518728,576.631097886723,0.1448,100.4992,0.3922,10100.140082105,12.160277787532925,0.0,1.0,0.0,0.0,0.0,brute_force
35288,0,0,4,4,17,2,1,22,206,0.0,10,10,10,0.5714285714285714,0.0,0.0,5.0,1,1,22,2,0,0,0,0.0,0.0,0.0,0,0,0,115,2.4056,8,1,0,1,0.0,0.875,0,3,1.585,0,0,0,0,0.1667,0.0333,0,22,1,2,22,35285.0,297.51,34934.0,36014.0,100.4992,6.689127389705883,24.012961930518728,576.631097886723,0.1448,100.4992,0.3922,10100.140082105,12.160277787532925,0.0,1.0,0.0,0.0,0.0,brute_force
22466,0,0,4,4,17,2,1,22,206,1.0,21,21,21,0.6190476190476191,0.0,0.0,5.0,1,1,22,2,0,0,0,0.0,0.0,0.0,0,0,0,115,2.4056,8,1,0,1,0.0,0.875,0,2,1.0,0,0,0,0,0.35,0.07,0,22,1,2,22,21860.0,480.4,21218.0,22498.0,1.4427,6.689127389705883,24.012961930518728,576.631097886723,0.1448,100.4992,0.3922,10100.140082105,12.160277787532925,0.0,1.0,0.0,0.0,0.0,brute_force
18874,0,0,22,5,28,1,0,22,206,0.0,10,10,10,388.4761904761905,1.0,0.0,8146.0,1,1,22,2,0,0,0,0.0,0.0,0.0,0,0,0,113,2.4056,8,1,0,1,0.0,0.875,0,3,1.585,0,0,0,0,0.1667,0.0333,0,22,1,2,22,32899.77,14967.54,17512.0,48547.0,100.4992,6.689127389705883,24.012961930518728,576.631097886723,0.1448,100.4992,0.3922,10100.140082105,12.160277787532925,0.0,1.0,0.0,0.0,0.0,brute_force
60314,0,0,4,4,17,2,1,11,217,0.0,3,3,3,0.2,0.0,0.0,1.0,1,1,11,1,0,0,0,0.0,0.0,0.0,0,0,0,103,2.4056,8,1,0,1,0.0,0.875,0,3,0.9183,0,0,0,0,0.05,0.01,0,11,1,1,11,60394.0,82.92,60256.0,60498.0,100.4992,6.689127389705883,24.012961930518728,576.631097886723,0.1448,100.4992,0.3922,10100.140082105,12.160277787532925,0.0,1.0,0.0,0.0,0.0,brute_force
39276,0,0,19,5,28,1,0,11,217,0.0,10,10,10,0.2,0.0,0.0,1.0,1,1,11,1,0,0,0,0.0,0.0,0.0,0,0,0,115,2.4056,8,1,0,1,0.0,0.875,0,2,1.0,0,0,0,0,0.1667,0.0333,0,11,1,1,11,38991.45,237.41,38634.0,39348.0,100.4992,6.689127389705883,24.012961930518728,576.631097886723,0.1448,100.4992,0.3922,10100.140082105,12.160277787532925,0.0,1.0,0.0,0.0,0.0,brute_force
60460,0,0,4,4,17,2,1,77,153,0.0,14,25,47,6.355263157894737,0.0,0.0,203.0,1,1,77,7,0,0,0,0.0,0.0,0.0,0,0,0,115,2.4056,8,1,0,1,0.0,0.875,0,3,1.585,0,0,0,0,0.2333,0.0833,0,77,1,7,77,57735.82,4319.07,49913.0,65260.0,100.4992,6.689127389705883,24.012961930518728,576.631097886723,0.1448,100.4992,0.3922,10100.140082105,12.160277787532925,0.0,1.0,0.0,0.0,0.0,brute_force
43016,0,0,4,4,17,2,1,11,217,999.0,1,1,1,0.5,0.5,0.0,1.0,0,1,11,1,0,0,0,0.0,0.0,0.0,0,0,0,115,2.4056,8,1,0,1,0.0,0.875,0,1,0.0,0,0,0,0,0.0167,0.0033,0,11,1,1,11,43122.18,80.81,43016.0,43250.0,0.1448,6.689127389705883,24.012961930518728,576.631097886723,0.1448,100.4992,0.3922,10100.140082105,12.160277787532925,0.0,1.0,0.0,0.0,0.0,brute_force
33736,0,0,22,5,28,1,0,11,217,0.0,3,3,3,0.3,0.0,0.0,1.0,1,1,11,1,0,0,0,0.0,0.0,0.0,0,0,0,115,2.4056,8,1,0,1,0.0,0.875,0,3,1.585,0,0,0,0,0.05,0.01,0,11,1,1,11,33759.09,32.61,33706.0,33810.0,100.4992,6.689127389705883,24.012961930518728,576.631097886723,0.1448,100.4992,0.3922,10100.140082105,12.160277787532925,0.0,1.0,0.0,0.0,0.0,brute_force
49453,0,0,10,2,11,1,0,288,66,0.0,95,129,129,31.65505226480836,1.0,0.0,3941.0,1,10,219,4,0,0,0,0.0,0.0,0.0,0,1,1,79,2.4056,8,1,0,1,0.0,0.875,0,2,1.0,0,0,0,0,1.5833,0.43,0,288,10,4,219,50091.64,3809.29,19008.0,65523.0,100.4992,6.689127389705883,24.012961930518728,576.631097886723,0.1448,100.4992,0.3922,10100.140082105,12.160277787532925,0.0,0.0,1.0,0.0,0.0,brute_force
59702,0,0,22,5,28,1,0,88,142,2.0,19,30,30,96.42528735632185,1.0,0.0,8081.0,0,1,88,8,0,0,0,0.0,0.0,0.0,0,0,0,72,2.4056,8,1,0,1,0.0,0.875,0,3,0.9183,0,0,0,0,0.3167,0.1,0,88,1,8,88,46423.45,8584.96,32876.0,60638.0,0.9102,6.689127389705883,24.012961930518728,576.631097886723,0.1448,100.4992,0.3922,10100.140082105,12.160277787532925,0.0,1.0,0.0,0.0,0.0,brute_force
49427,0,0,10,2,11,1,0,288,66,0.0,75,109,109,31.65505226480836,1.0,0.0,3941.0,1,10,219,4,0,0,0,0.0,0.0,0.0,0,1,1,79,2.4056,8,1,0,1,0.0,0.875,0,5,2.3219,0,0,0,0,1.25,0.3633,0,288,10,4,219,50091.64,3809.29,19008.0,65523.0,100.4992,6.689127389705883,24.012961930518728,576.631097886723,0.1448,100.4992,0.3922,10100.140082105,12.160277787532925,0.0,0.0,1.0,0.0,0.0,brute_force
53388,0,0,19,5,28,1,0,11,217,0.0,5,5,5,0.1,0.0,0.0,1.0,1,1,11,1,0,0,0,0.0,0.0,0.0,0,0,0,114,2.4056,8,1,0,1,0.0,0.875,0,3,1.585,0,0,0,0,0.0833,0.0167,0,11,1,1,11,53400.0,53.91,53316.0,53480.0,100.4992,6.689127389705883,24.012961930518728,576.631097886723,0.1448,100.4992,0.3922,10100.140082105,12.160277787532925,0.0,1.0,0.0,0.0,0.0,brute_force
42004,0,0,2,4,27,1,1,22,206,0.0,6,6,6,1.5714285714285714,0.0,0.0,26.0,1,1,22,2,0,0,0,0.0,0.0,0.0,0,0,0,115,2.4056,8,1,0,1,0.0,0.875,0,2,1.0,0,0,0,0,0.1,0.02,0,22,1,2,22,51474.36,8477.52,41210.0,64108.0,100.4992,6.689127389705883,24.012961930518728,576.631097886723,0.1448,100.4992,0.3922,10100.140082105,12.160277787532925,0.0,1.0,0.0,0.0,0.0,brute_force
31156,0,0,22,5,28,1,0,22,206,0.0,17,17,17,2.6666666666666665,0.0,0.0,47.0,1,1,22,2,0,0,0,0.0,0.0,0.0,0,0,0,115,2.4056,8,1,0,1,0.0,0.875,0,3,1.585,0,0,0,0,0.2833,0.0567,0,22,1,2,22,25048.09,6246.18,18312.0,31682.0,100.4992,6.689127389705883,24.012961930518728,576.631097886723,0.1448,100.4992,0.3922,10100.140082105,12.160277787532925,0.0,1.0,0.0,0.0,0.0,brute_force
62463,0,0,22,5,28,1,0,11,217,0.0,2,2,2,0.1,0.0,0.0,1.0,1,1,11,1,0,0,0,0.0,0.0,0.0,0,0,0,77,2.4056,8,1,0,1,0.0,0.875,0,3,1.585,0,0,0,0,0.0333,0.0067,0,11,1,1,11,62539.18,67.87,62437.0,62645.0,100.4992,6.689127389705883,24.012961930518728,576.631097886723,0.1448,100.4992,0.3922,10100.140082105,12.160277787532925,0.0,1.0,0.0,0.0,0.0,brute_force
46022,0,0,4,4,17,2,1,11,217,0.0,6,6,6,0.4,0.0,0.0,1.0,1,1,11,1,0,0,0,0.0,0.0,0.0,0,0,0,106,2.4056,8,1,0,1,0.0,0.875,0,3,1.585,0,0,0,0,0.1,0.02,0,11,1,1,11,45990.55,682.91,45018.0,46996.0,100.4992,6.689127389705883,24.012961930518728,576.631097886723,0.1448,100.4992,0.3922,10100.140082105,12.160277787532925,0.0,1.0,0.0,0.0,0.0,brute_force
59062,0,0,22,5,28,1,0,88,142,0.0,6,17,17,96.42528735632185,1.0,0.0,8081.0,1,1,88,8,0,0,0,0.0,0.0,0.0,0,0,0,65,2.4056,8,1,0,1,0.0,0.875,0,3,1.585,0,0,0,0,0.1,0.0567,0,88,1,8,88,46423.45,8584.96,32876.0,60638.0,100.4992,6.689127389705883,24.012961930518728,576.631097886723,0.1448,100.4992,0.3922,10100.140082105,12.160277787532925,0.0,1.0,0.0,0.0,0.0,brute_force
1314,0,0,13,4,13,1,0,1403,32,0.0,71,71,71,7.530670470756062,0.0,0.0,3240.0,1,6,1337,14,0,0,0,0.0,0.0,0.0,0,1,1,79,2.4056,8,1,0,1,0.0,0.875,0,1,0.0,0,0,0,0,1.1833,0.2367,0,1403,6,14,1337,34108.51,19402.38,1025.0,65497.0,100.4992,6.689127389705883,24.012961930518728,576.631097886723,0.1448,100.4992,0.3922,10100.140082105,12.160277787532925,0.0,0.0,1.0,0.0,0.0,brute_force
50928,0,0,19,5,28,1,0,11,217,0.0,3,3,3,0.1,0.0,0.0,1.0,1,1,11,1,0,0,0,0.0,0.0,0.0,0,0,0,101,2.4056,8,1,0,1,0.0,0.875,0,3,1.585,0,0,0,0,0.05,0.01,0,11,1,1,11,50957.09,29.39,50914.0,50998.0,100.4992,6.689127389705883,24.012961930518728,576.631097886723,0.1448,100.4992,0.3922,10100.140082105,12.160277787532925,0.0,1.0,0.0,0.0,0.0,brute_force
58798,0,0,4,4,17,2,1,22,206,30.0,12,12,12,2.0476190476190474,1.0,0.0,30.0,0,1,22,2,0,0,0,0.0,0.0,0.0,0,0,0,121,2.4056,8,1,0,1,0.0,0.875,0,2,1.0,0,0,0,0,0.2,0.04,0,22,1,2,22,49691.91,4895.32,45340.0,58816.0,0.2912,6.689127389705883,24.012961930518728,576.631097886723,0.1448,100.4992,0.3922,10100.140082105,12.160277787532925,0.0,1.0,0.0,0.0,0.0,brute_force
53876,0,0,22,5,28,1,0,33,195,1.0,8,8,8,258.6875,0.0,0.0,8237.0,1,1,33,3,0,0,0,0.0,0.0,0.0,0,0,0,78,2.4056,8,1,0,1,0.0,0.875,0,3,1.585,0,0,0,0,0.1333,0.0267,0,33,1,3,33,45400.12,8045.47,34354.0,54248.0,1.4427,6.689127389705883,24.012961930518728,576.631097886723,0.1448,100.4992,0.3922,10100.140082105,12.160277787532925,0.0,1.0,0.0,0.0,0.0,brute_force
43548,0,0,22,5,28,1,0,11,217,0.0,2,2,2,0.0,0.0,0.0,0.0,1,1,11,1,0,0,0,0.0,0.0,0.0,0,0,0,115,2.4056,8,1,0,1,0.0,0.875,0,2,1.0,0,0,0,0,0.0333,0.0067,0,11,1,1,11,43558.91,8.64,43546.0,43572.0,100.4992,6.689127389705883,24.012961930518728,576.631097886723,0.1448,100.4992,0.3922,10100.140082105,12.160277787532925,0.0,1.0,0.0,0.0,0.0,brute_force
35958,0,0,4,4,17,2,1,42,186,0.0,11,11,11,3.1219512195121952,1.0,0.0,33.0,1,1,42,4,0,0,0,0.0,0.0,0.0,0,0,0,115,2.4056,8,1,0,1,0.0,0.875,0,2,1.0,0,0,0,0,0.1833,0.0367,0,42,1,4,42,45654.29,8425.16,33396.0,60640.0,100.4992,6.689127389705883,24.012961930518728,576.631097886723,0.1448,100.4992,0.3922,10100.140082105,12.160277787532925,0.0,1.0,0.0,0.0,0.0,brute_force
53282,0,0,22,5,28,1,0,22,206,1.0,8,8,8,4.428571428571429,1.0,0.0,79.0,1,1,22,2,0,0,0,0.0,0.0,0.0,0,0,0,87,2.4056,8,1,0,1,0.0,0.875,0,3,1.585,0,0,0,0,0.1333,0.0267,0,22,1,2,22,47198.0,6076.84,40826.0,54052.0,1.4427,6.689127389705883,24.012961930518728,576.631097886723,0.1448,100.4992,0.3922,10100.140082105,12.160277787532925,0.0,1.0,0.0,0.0,0.0,brute_force
60600,0,0,4,4,17,2,1,77,153,0.0,7,29,29,6.355263157894737,0.0,0.0,203.0,1,1,77,7,0,0,0,0.0,0.0,0.0,0,0,0,73,2.4056,8,1,0,1,0.0,0.875,0,3,1.585,0,0,0,0,0.1167,0.0967,0,77,1,7,77,57735.82,4319.07,49913.0,65260.0,100.4992,6.689127389705883,24.012961930518728,576.631097886723,0.1448,100.4992,0.3922,10100.140082105,12.160277787532925,0.0,1.0,0.0,0.0,0.0,brute_force
35002,0,0,4,4,17,2,1,22,206,0.0,5,5,5,0.5714285714285714,0.0,0.0,5.0,1,1,22,2,0,0,0,0.0,0.0,0.0,0,0,0,105,2.4056,8,1,0,1,0.0,0.875,0,3,0.9183,0,0,0,0,0.0833,0.0167,0,22,1,2,22,35285.0,297.51,34934.0,36014.0,100.4992,6.689127389705883,24.012961930518728,576.631097886723,0.1448,100.4992,0.3922,10100.140082105,12.160277787532925,0.0,1.0,0.0,0.0,0.0,brute_force
55323,0,0,6,2,26,7,0,211,80,0.0,73,73,107,1.9857142857142855,0.0,0.0,372.0,1,9,162,2,0,0,0,0.0,0.0,0.0,0,1,1,79,2.4056,8,1,0,1,0.0,0.875,0,2,1.0,0,0,0,0,1.2167,0.2433,0,211,9,2,162,55328.58,400.37,55080.0,59294.0,100.4992,6.689127389705883,24.012961930518728,576.631097886723,0.1448,100.4992,0.3922,10100.140082105,12.160277787532925,0.0,0.0,1.0,0.0,0.0,brute_force
52870,0,0,22,5,28,1,0,22,206,0.0,11,11,11,388.5238095238095,1.0,0.0,8145.0,1,1,22,2,0,0,0,0.0,0.0,0.0,0,0,0,78,2.4056,8,1,0,1,0.0,0.875,0,3,1.585,0,0,0,0,0.1833,0.0367,0,22,1,2,22,56154.82,3533.84,52528.0,59778.0,100.4992,6.689127389705883,24.012961930518728,576.631097886723,0.1448,100.4992,0.3922,10100.140082105,12.160277787532925,0.0,1.0,0.0,0.0,0.0,brute_force
36236,0,0,19,5,28,1,0,11,217,1.0,7,7,7,0.5,0.5,0.0,1.0,1,1,11,1,0,0,0,0.0,0.0,0.0,0,0,0,78,2.4056,8,1,0,1,0.0,0.875,0,3,0.9183,0,0,0,0,0.1167,0.0233,0,11,1,1,11,36227.27,28.85,36190.0,36274.0,1.4427,6.689127389705883,24.012961930518728,576.631097886723,0.1448,100.4992,0.3922,10100.140082105,12.160277787532925,0.0,1.0,0.0,0.0,0.0,brute_force
36014,0,0,4,4,17,2,1,22,206,0.0,22,22,22,1.1428571428571428,0.0,0.0,22.0,1,1,22,2,0,0,0,0.0,0.0,0.0,0,0,0,122,2.4056,8,1,0,1,0.0,0.875,0,3,1.585,0,0,0,0,0.3667,0.0733,0,22,1,2,22,35728.91,277.88,35436.0,36014.0,100.4992,6.689127389705883,24.012961930518728,576.631097886723,0.1448,100.4992,0.3922,10100.140082105,12.160277787532925,0.0,1.0,0.0,0.0,0.0,brute_force
43135,0,0,22,5,28,1,0,11,217,0.0,2,2,2,0.4,0.0,0.0,1.0,1,1,11,1,0,0,0,0.0,0.0,0.0,0,0,0,103,2.4056,8,1,0,1,0.0,0.875,0,3,1.585,0,0,0,0,0.0333,0.0067,0,11,1,1,11,43583.18,389.96,43013.0,44175.0,100.4992,6.689127389705883,24.012961930518728,576.631097886723,0.1448,100.4992,0.3922,10100.140082105,12.160277787532925,0.0,1.0,0.0,0.0,0.0,brute_force
48315,0,0,19,5,28,1,0,22,206,1.0,10,10,10,388.4761904761905,1.0,0.0,8146.0,1,1,22,2,0,0,0,0.0,0.0,0.0,0,0,0,114,2.4056,8,1,0,1,0.0,0.875,0,3,1.585,0,0,0,0,0.1667,0.0333,0,22,1,2,22,32899.77,14967.54,17512.0,48547.0,1.4427,6.689127389705883,24.012961930518728,576.631097886723,0.1448,100.4992,0.3922,10100.140082105,12.160277787532925,0.0,1.0,0.0,0.0,0.0,brute_force
51214,0,0,2,4,27,1,1,11,217,999.0,1,1,1,0.5,0.5,0.0,1.0,0,1,11,1,0,0,0,0.0,0.0,0.0,0,0,0,78,2.4056,8,1,0,1,0.0,0.875,0,1,0.0,0,0,0,0,0.0167,0.0033,0,11,1,1,11,51374.73,107.42,51214.0,51540.0,0.1448,46.35039090909091,51.84489152752573,2687.892777500909,0.1448,100.4992,1.4427,50510.87388669001,89.28064,0.0,1.0,0.0,0.0,0.0,brute_force
52740,0,0,22,5,28,1,0,22,206,0.0,7,7,7,388.5238095238095,1.0,0.0,8145.0,1,1,22,2,0,0,0,0.0,0.0,0.0,0,0,0,78,2.4056,8,1,0,1,0.0,0.875,0,3,1.585,0,0,0,0,0.1167,0.0233,0,22,1,2,22,56154.82,3533.84,52528.0,59778.0,100.4992,6.689127389705883,24.012961930518728,576.631097886723,0.1448,100.4992,0.3922,10100.140082105,12.160277787532925,0.0,1.0,0.0,0.0,0.0,brute_force
60474,0,0,4,4,17,2,1,11,217,1.0,9,9,9,0.2,0.0,0.0,1.0,1,1,11,1,0,0,0,0.0,0.0,0.0,0,0,0,103,2.4056,8,1,0,1,0.0,0.875,0,3,0.9183,0,0,0,0,0.15,0.03,0,11,1,1,11,60394.0,82.92,60256.0,60498.0,1.4427,6.689127389705883,24.012961930518728,576.631097886723,0.1448,100.4992,0.3922,10100.140082105,12.160277787532925,0.0,1.0,0.0,0.0,0.0,brute_force
40597,0,0,4,4,17,2,1,22,206,0.0,7,7,18,16.476190476190474,0.0,0.0,346.0,1,1,22,2,0,0,0,0.0,0.0,0.0,0,0,0,72,2.4056,8,1,0,1,0.0,0.875,0,3,1.585,0,0,0,0,0.1167,0.0233,0,22,1,2,22,36241.55,4454.06,31867.0,40613.0,100.4992,91.37726363636364,29.524920392708225,871.720924195758,0.1448,100.4992,100.4992,202001.83422084007,14.33384761904762,0.0,1.0,0.0,0.0,0.0,brute_force
22120,0,0,4,4,17,2,1,22,206,5.0,12,12,12,0.6190476190476191,0.0,0.0,5.0,0,1,22,2,0,0,0,0.0,0.0,0.0,0,0,0,115,2.4056,8,1,0,1,0.0,0.875,0,2,1.0,0,0,0,0,0.2,0.04,0,22,1,2,22,21860.0,480.4,21218.0,22498.0,0.5581,6.689127389705883,24.012961930518728,576.631097886723,0.1448,100.4992,0.3922,10100.140082105,12.160277787532925,0.0,1.0,0.0,0.0,0.0,brute_force
55345,0,0,6,2,26,7,0,211,80,0.0,90,90,124,1.9857142857142855,0.0,0.0,372.0,1,9,162,2,0,0,0,0.0,0.0,0.0,0,1,1,79,2.4056,8,1,0,1,0.0,0.875,0,2,1.0,0,0,0,0,1.5,0.3,0,211,9,2,162,55328.58,400.37,55080.0,59294.0,100.4992,6.689127389705883,24.012961930518728,576.631097886723,0.1448,100.4992,0.3922,10100.140082105,12.160277787532925,0.0,0.0,1.0,0.0,0.0,brute_force
13317,0,0,4,4,17,2,1,22,206,1.0,4,4,4,5.428571428571429,1.0,0.0,101.0,1,1,22,2,0,0,0,0.0,0.0,0.0,0,0,0,121,2.4056,8,1,0,1,0.0,0.875,0,3,1.585,0,0,0,0,0.0667,0.0133,0,22,1,2,22,30486.09,17262.96,12751.0,48295.0,1.4427,6.689127389705883,24.012961930518728,576.631097886723,0.1448,100.4992,0.3922,10100.140082105,12.160277787532925,0.0,1.0,0.0,0.0,0.0,brute_force
33940,0,0,22,5,28,1,0,33,195,0.0,17,28,28,5.53125,0.0,0.0,128.0,1,1,33,3,0,0,0,0.0,0.0,0.0,0,0,0,84,2.4056,8,1,0,1,0.0,0.875,0,3,1.585,0,0,0,0,0.2833,0.0933,0,33,1,3,33,45056.67,8576.58,33090.0,60882.0,100.4992,6.689127389705883,24.012961930518728,576.631097886723,0.1448,100.4992,0.3922,10100.140082105,12.160277787532925,0.0,1.0,0.0,0.0,0.0,brute_force
48362,0,0,19,5,28,1,0,11,217,0.0,9,9,9,0.7,1.0,0.0,1.0,1,1,11,1,0,0,0,0.0,0.0,0.0,0,0,0,73,2.4056,8,1,0,1,0.0,0.875,0,3,1.585,0,0,0,0,0.15,0.03,0,11,1,1,11,47777.64,629.35,46776.0,48672.0,100.4992,6.689127389705883,24.012961930518728,576.631097886723,0.1448,100.4992,0.3922,10100.140082105,12.160277787532925,0.0,1.0,0.0,0.0,0.0,brute_force
10182,0,0,4,4,17,2,1,11,217,999.0,1,1,1,0.5,0.5,0.0,1.0,0,1,11,1,0,0,0,0.0,0.0,0.0,0,0,0,115,2.4056,8,1,0,1,0.0,0.875,0,3,1.585,0,0,0,0,0.0167,0.0033,0,11,1,1,11,10351.09,129.92,10182.0,10550.0,0.1448,6.689127389705883,24.012961930518728,576.631097886723,0.1448,100.4992,0.3922,10100.140082105,12.160277787532925,0.0,1.0,0.0,0.0,0.0,brute_force
2795,0,0,13,4,13,1,0,1403,32,0.0,111,111,111,7.530670470756062,0.0,0.0,3240.0,1,6,1337,14,0,0,0,0.0,0.0,0.0,0,1,1,79,2.4056,8,1,0,1,0.0,0.875,0,2,1.0,0,0,0,0,1.85,0.37,0,1403,6,14,1337,34108.51,19402.38,1025.0,65497.0,100.4992,6.689127389705883,24.012961930518728,576.631097886723,0.1448,100.4992,0.3922,10100.140082105,12.160277787532925,0.0,0.0,1.0,0.0,0.0,brute_force
39128,0,0,19,5,28,1,0,11,217,0.0,8,8,8,0.2,0.0,0.0,1.0,1,1,11,1,0,0,0,0.0,0.0,0.0,0,0,0,115,2.4056,8,1,0,1,0.0,0.875,0,2,1.0,0,0,0,0,0.1333,0.0267,0,11,1,1,11,38991.45,237.41,38634.0,39348.0,100.4992,6.689127389705883,24.012961930518728,576.631097886723,0.1448,100.4992,0.3922,10100.140082105,12.160277787532925,0.0,1.0,0.0,0.0,0.0,brute_force
34034,0,0,22,5,28,1,0,11,217,1.0,9,9,9,1.2,1.0,0.0,3.0,1,1,11,1,0,0,0,0.0,0.0,0.0,0,0,0,115,2.4056,8,1,0,1,0.0,0.875,0,3,1.585,0,0,0,0,0.15,0.03,0,11,1,1,11,43786.55,13544.99,33992.0,60880.0,1.4427,6.689127389705883,24.012961930518728,576.631097886723,0.1448,100.4992,0.3922,10100.140082105,12.160277787532925,0.0,1.0,0.0,0.0,0.0,brute_force
49278,0,0,4,4,17,2,1,22,206,0.0,3,3,3,9.0,0.0,0.0,182.0,1,1,22,2,0,0,0,0.0,0.0,0.0,0,0,0,115,2.4056,8,1,0,1,0.0,0.875,0,3,0.9183,0,0,0,0,0.05,0.01,0,22,1,2,22,45034.91,4857.05,39538.0,50494.0,100.4992,6.689127389705883,24.012961930518728,576.631097886723,0.1448,100.4992,0.3922,10100.140082105,12.160277787532925,0.0,1.0,0.0,0.0,0.0,brute_force
61915,0,0,4,4,17,2,1,77,153,0.0,2,13,35,6.355263157894737,0.0,0.0,203.0,1,1,77,7,0,0,0,0.0,0.0,0.0,0,0,0,78,2.4056,8,1,0,1,0.0,0.875,0,3,1.585,0,0,0,0,0.0333,0.0433,0,77,1,7,77,57735.82,4319.07,49913.0,65260.0,100.4992,6.689127389705883,24.012961930518728,576.631097886723,0.1448,100.4992,0.3922,10100.140082105,12.160277787532925,0.0,1.0,0.0,0.0,0.0,brute_force
55892,0,0,4,4,17,2,1,11,217,0.0,9,9,9,0.2,0.0,0.0,1.0,1,1,11,1,0,0,0,0.0,0.0,0.0,0,0,0,113,2.4056,8,1,0,1,0.0,0.875,0,3,1.585,0,0,0,0,0.15,0.03,0,11,1,1,11,55824.73,83.08,55690.0,55956.0,100.4992,6.689127389705883,24.012961930518728,576.631097886723,0.1448,100.4992,0.3922,10100.140082105,12.160277787532925,0.0,1.0,0.0,0.0,0.0,brute_force
35472,0,0,4,4,17,2,1,22,206,0.0,10,10,10,1.1428571428571428,0.0,0.0,22.0,1,1,22,2,0,0,0,0.0,0.0,0.0,0,0,0,78,2.4056,8,1,0,1,0.0,0.875,0,3,0.9183,0,0,0,0,0.1667,0.0333,0,22,1,2,22,35728.91,277.88,35436.0,36014.0,100.4992,6.689127389705883,24.012961930518728,576.631097886723,0.1448,100.4992,0.3922,10100.140082105,12.160277787532925,0.0,1.0,0.0,0.0,0.0,brute_force
53436,0,0,19,5,28,1,0,11,217,0.0,8,8,8,0.1,0.0,0.0,1.0,1,1,11,1,0,0,0,0.0,0.0,0.0,0,0,0,114,2.4056,8,1,0,1,0.0,0.875,0,3,1.585,0,0,0,0,0.1333,0.0267,0,11,1,1,11,53400.0,53.91,53316.0,53480.0,100.4992,6.689127389705883,24.012961930518728,576.631097886723,0.1448,100.4992,0.3922,10100.140082105,12.160277787532925,0.0,1.0,0.0,0.0,0.0,brute_force
46190,0,0,4,4,17,2,1,11,217,0.0,7,7,7,0.4,0.0,0.0,1.0,1,1,11,1,0,0,0,0.0,0.0,0.0,0,0,0,106,2.4056,8,1,0,1,0.0,0.875,0,3,0.9183,0,0,0,0,0.1167,0.0233,0,11,1,1,11,45990.55,682.91,45018.0,46996.0,100.4992,6.689127389705883,24.012961930518728,576.631097886723,0.1448,100.4992,0.3922,10100.140082105,12.160277787532925,0.0,1.0,0.0,0.0,0.0,brute_force
43062,0,0,4,4,17,2,1,11,217,1.0,4,4,4,0.5,0.5,0.0,1.0,1,1,11,1,0,0,0,0.0,0.0,0.0,0,0,0,115,2.4056,8,1,0,1,0.0,0.875,0,1,0.0,0,0,0,0,0.0667,0.0133,0,11,1,1,11,43122.18,80.81,43016.0,43250.0,1.4427,6.689127389705883,24.012961930518728,576.631097886723,0.1448,100.4992,0.3922,10100.140082105,12.160277787532925,0.0,1.0,0.0,0.0,0.0,brute_force
41010,0,0,22,5,28,1,0,33,195,0.0,5,16,16,5.53125,0.0,0.0,128.0,1,1,33,3,0,0,0,0.0,0.0,0.0,0,0,0,78,2.4056,8,1,0,1,0.0,0.875,0,3,1.585,0,0,0,0,0.0833,0.0533,0,33,1,3,33,45056.67,8576.58,33090.0,60882.0,100.4992,6.689127389705883,24.012961930518728,576.631097886723,0.1448,100.4992,0.3922,10100.140082105,12.160277787532925,0.0,1.0,0.0,0.0,0.0,brute_force
58272,0,0,22,5,28,1,0,22,206,0.0,8,8,8,392.3809523809524,1.0,0.0,8230.0,1,1,22,2,0,0,0,0.0,0.0,0.0,0,0,0,78,2.4056,8,1,0,1,0.0,0.875,0,3,1.585,0,0,0,0,0.1333,0.0267,0,22,1,2,22,53608.0,6580.47,45078.0,59240.0,100.4992,6.689127389705883,24.012961930518728,576.631097886723,0.1448,100.4992,0.3922,10100.140082105,12.160277787532925,0.0,1.0,0.0,0.0,0.0,brute_force
40416,0,0,4,4,17,2,1,11,217,0.0,5,5,5,0.2,0.0,0.0,1.0,1,1,11,1,0,0,0,0.0,0.0,0.0,0,0,0,72,2.4056,8,1,0,1,0.0,0.875,0,3,1.585,0,0,0,0,0.0833,0.0167,0,11,1,1,11,40470.18,155.22,40244.0,40716.0,100.4992,6.689127389705883,24.012961930518728,576.631097886723,0.1448,100.4992,0.3922,10100.140082105,12.160277787532925,0.0,1.0,0.0,0.0,0.0,brute_force
51440,0,0,2,4,27,1,1,11,217,1.0,8,8,8,0.5,0.5,0.0,1.0,1,1,11,1,0,0,0,0.0,0.0,0.0,0,0,0,78,2.4056,8,1,0,1,0.0,0.875,0,1,0.0,0,0,0,0,0.1333,0.0267,0,11,1,1,11,51374.73,107.42,51214.0,51540.0,1.4427,46.35039090909091,51.84489152752573,2687.892777500909,0.1448,100.4992,1.4427,50510.87388669001,89.28064,0.0,1.0,0.0,0.0,0.0,brute_force
55090,0,0,4,4,17,2,1,11,217,0.0,7,7,7,0.2,0.0,0.0,1.0,1,1,11,1,0,0,0,0.0,0.0,0.0,0,0,0,115,2.4056,8,1,0,1,0.0,0.875,0,3,1.585,0,0,0,0,0.1167,0.0233,0,11,1,1,11,55086.73,8.26,55074.0,55098.0,100.4992,6.689127389705883,24.012961930518728,576.631097886723,0.1448,100.4992,0.3922,10100.140082105,12.160277787532925,0.0,1.0,0.0,0.0,0.0,brute_force
45612,0,0,2,4,27,1,1,11,217,1.0,10,10,10,0.6,1.0,0.0,1.0,1,1,11,1,0,0,0,0.0,0.0,0.0,0,0,0,78,2.4056,8,1,0,1,0.0,0.875,0,2,1.0,0,0,0,0,0.1667,0.0333,0,11,1,1,11,45452.36,123.28,45312.0,45636.0,1.4427,6.689127389705883,24.012961930518728,576.631097886723,0.1448,100.4992,0.3922,10100.140082105,12.160277787532925,0.0,1.0,0.0,0.0,0.0,brute_force
42390,0,0,4,4,17,2,1,11,217,0.0,5,5,5,0.5,0.5,0.0,1.0,1,1,11,1,0,0,0,0.0,0.0,0.0,0,0,0,115,2.4056,8,1,0,1,0.0,0.875,0,3,1.585,0,0,0,0,0.0833,0.0167,0,11,1,1,11,42408.18,45.15,42348.0,42480.0,100.4992,6.689127389705883,24.012961930518728,576.631097886723,0.1448,100.4992,0.3922,10100.140082105,12.160277787532925,0.0,1.0,0.0,0.0,0.0,brute_force
62537,0,0,22,5,28,1,0,11,217,0.0,6,6,6,0.1,0.0,0.0,1.0,1,1,11,1,0,0,0,0.0,0.0,0.0,0,0,0,77,2.4056,8,1,0,1,0.0,0.875,0,3,0.9183,0,0,0,0,0.1,0.02,0,11,1,1,11,62539.18,67.87,62437.0,62645.0,100.4992,6.689127389705883,24.012961930518728,576.631097886723,0.1448,100.4992,0.3922,10100.140082105,12.160277787532925,0.0,1.0,0.0,0.0,0.0,brute_force
58830,0,0,19,5,28,1,0,11,217,1.0,5,5,5,0.4,0.0,0.0,1.0,1,1,11,1,0,0,0,0.0,0.0,0.0,0,0,0,115,2.4056,8,1,0,1,0.0,0.875,0,3,1.585,0,0,0,0,0.0833,0.0167,0,11,1,1,11,58898.18,212.94,58592.0,59238.0,1.4427,6.689127389705883,24.012961930518728,576.631097886723,0.1448,100.4992,0.3922,10100.140082105,12.160277787532925,0.0,1.0,0.0,0.0,0.0,brute_force
56804,0,0,10,3,9,2,0,11,217,0.0,2,2,2,0.4,0.0,0.0,1.0,1,1,11,1,0,0,0,0.0,0.0,0.0,0,0,0,115,2.4056,8,1,0,1,0.0,0.875,0,2,1.0,0,0,0,0,0.0333,0.0067,0,11,1,1,11,51567.82,2585.47,50368.0,56804.0,100.4992,6.689127389705883,24.012961930518728,576.631097886723,0.1448,100.4992,0.3922,10100.140082105,12.160277787532925,0.0,1.0,0.0,0.0,0.0,brute_force
40778,0,0,4,4,17,2,1,22,206,0.0,9,20,20,9.0,0.0,0.0,182.0,1,1,22,2,0,0,0,0.0,0.0,0.0,0,0,0,78,2.4056,8,1,0,1,0.0,0.875,0,3,0.9183,0,0,0,0,0.15,0.0667,0,22,1,2,22,45034.91,4857.05,39538.0,50494.0,100.4992,6.689127389705883,24.012961930518728,576.631097886723,0.1448,100.4992,0.3922,10100.140082105,12.160277787532925,0.0,1.0,0.0,0.0,0.0,brute_force
45552,0,0,4,4,17,2,1,42,186,0.0,15,15,15,3.1219512195121952,1.0,0.0,33.0,1,1,42,4,0,0,0,0.0,0.0,0.0,0,0,0,115,2.4056,8,1,0,1,0.0,0.875,0,2,1.0,0,0,0,0,0.25,0.05,0,42,1,4,42,45654.29,8425.16,33396.0,60640.0,100.4992,6.689127389705883,24.012961930518728,576.631097886723,0.1448,100.4992,0.3922,10100.140082105,12.160277787532925,0.0,1.0,0.0,0.0,0.0,brute_force
52200,0,0,4,4,17,2,1,22,206,1.0,20,20,20,2.0476190476190474,1.0,0.0,30.0,1,1,22,2,0,0,0,0.0,0.0,0.0,0,0,0,121,2.4056,8,1,0,1,0.0,0.875,0,2,1.0,0,0,0,0,0.3333,0.0667,0,22,1,2,22,49691.91,4895.32,45340.0,58816.0,1.4427,6.689127389705883,24.012961930518728,576.631097886723,0.1448,100.4992,0.3922,10100.140082105,12.160277787532925,0.0,1.0,0.0,0.0,0.0,brute_force
36248,0,0,19,5,28,1,0,11,217,1.0,9,9,9,0.5,0.5,0.0,1.0,1,1,11,1,0,0,0,0.0,0.0,0.0,0,0,0,78,2.4056,8,1,0,1,0.0,0.875,0,3,0.9183,0,0,0,0,0.15,0.03,0,11,1,1,11,36227.27,28.85,36190.0,36274.0,1.4427,6.689127389705883,24.012961930518728,576.631097886723,0.1448,100.4992,0.3922,10100.140082105,12.160277787532925,0.0,1.0,0.0,0.0,0.0,brute_force
41762,0,0,22,5,28,1,0,33,195,0.0,7,18,18,5.53125,0.0,0.0,128.0,1,1,33,3,0,0,0,0.0,0.0,0.0,0,0,0,78,2.4056,8,1,0,1,0.0,0.875,0,3,1.585,0,0,0,0,0.1167,0.06,0,33,1,3,33,45056.67,8576.58,33090.0,60882.0,100.4992,6.689127389705883,24.012961930518728,576.631097886723,0.1448,100.4992,0.3922,10100.140082105,12.160277787532925,0.0,1.0,0.0,0.0,0.0,brute_force
51500,0,0,2,4,27,1,1,11,217,1.0,10,10,10,0.5,0.5,0.0,1.0,1,1,11,1,0,0,0,0.0,0.0,0.0,0,0,0,78,2.4056,8,1,0,1,0.0,0.875,0,1,0.0,0,0,0,0,0.1667,0.0333,0,11,1,1,11,51374.73,107.42,51214.0,51540.0,1.4427,46.35039090909091,51.84489152752573,2687.892777500909,0.1448,100.4992,1.4427,50510.87388669001,89.28064,0.0,1.0,0.0,0.0,0.0,brute_force
43178,0,0,4,4,17,2,1,11,217,1.0,8,8,8,0.5,0.5,0.0,1.0,1,1,11,1,0,0,0,0.0,0.0,0.0,0,0,0,115,2.4056,8,1,0,1,0.0,0.875,0,1,0.0,0,0,0,0,0.1333,0.0267,0,11,1,1,11,43122.18,80.81,43016.0,43250.0,1.4427,6.689127389705883,24.012961930518728,576.631097886723,0.1448,100.4992,0.3922,10100.140082105,12.160277787532925,0.0,1.0,0.0,0.0,0.0,brute_force
22375,0,0,19,5,28,1,0,11,217,0.0,7,7,7,0.4,0.0,0.0,1.0,1,1,11,1,0,0,0,0.0,0.0,0.0,0,0,0,77,2.4056,8,1,0,1,0.0,0.875,0,3,1.585,0,0,0,0,0.1167,0.0233,0,11,1,1,11,22337.36,180.78,22057.0,22653.0,100.4992,6.689127389705883,24.012961930518728,576.631097886723,0.1448,100.4992,0.3922,10100.140082105,12.160277787532925,0.0,1.0,0.0,0.0,0.0,brute_force
41190,0,0,19,5,28,1,0,11,217,0.0,8,8,8,0.8,1.0,0.0,1.0,1,1,11,1,0,0,0,0.0,0.0,0.0,0,0,0,73,2.4056,8,1,0,1,0.0,0.875,0,3,1.585,0,0,0,0,0.1333,0.0267,0,11,1,1,11,41008.73,360.63,40468.0,41558.0,100.4992,6.689127389705883,24.012961930518728,576.631097886723,0.1448,100.4992,0.3922,10100.140082105,12.160277787532925,0.0,1.0,0.0,0.0,0.0,brute_force
60191,0,0,8,4,10,3,0,18209,8,0.0,225,801,1039,1802.7104569420037,0.0,0.0,6129127.0,1,81,11651,88,0,0,0,0.0,0.0,0.0,0,0,0,63,2.4056,8,1,0,1,0.0,0.875,0,5,2.3219,0,0,0,0,3.75,2.67,0,18209,81,88,11651,46390.82,17565.52,1635.0,65516.0,100.4992,6.689127389705883,24.012961930518728,576.631097886723,0.1448,100.4992,0.3922,10100.140082105,12.160277787532925,0.0,1.0,0.0,0.0,0.0,brute_force
41852,0,0,4,4,17,2,1,42,186,1.0,26,28,28,3.1219512195121952,1.0,0.0,33.0,1,1,42,4,0,0,0,0.0,0.0,0.0,0,0,0,115,2.4056,8,1,0,1,0.0,0.875,0,3,0.9183,0,0,0,0,0.4333,0.0933,0,42,1,4,42,45654.29,8425.16,33396.0,60640.0,1.4427,6.689127389705883,24.012961930518728,576.631097886723,0.1448,100.4992,0.3922,10100.140082105,12.160277787532925,0.0,1.0,0.0,0.0,0.0,brute_force
31887,0,0,4,4,17,2,1,22,206,0.0,5,5,5,16.476190476190474,0.0,0.0,346.0,1,1,22,2,0,0,0,0.0,0.0,0.0,0,0,0,77,2.4056,8,1,0,1,0.0,0.875,0,2,1.0,0,0,0,0,0.0833,0.0167,0,22,1,2,22,36241.55,4454.06,31867.0,40613.0,100.4992,91.37726363636364,29.524920392708225,871.720924195758,0.1448,100.4992,100.4992,202001.83422084007,14.33384761904762,0.0,1.0,0.0,0.0,0.0,brute_force
55319,0,0,6,2,26,7,0,211,80,0.0,70,70,104,1.9857142857142855,0.0,0.0,372.0,1,9,162,2,0,0,0,0.0,0.0,0.0,0,1,1,79,2.4056,8,1,0,1,0.0,0.875,0,2,0.0,0,0,0,0,1.1667,0.2333,0,211,9,2,162,55328.58,400.37,55080.0,59294.0,100.4992,6.689127389705883,24.012961930518728,576.631097886723,0.1448,100.4992,0.3922,10100.140082105,12.160277787532925,0.0,0.0,1.0,0.0,0.0,brute_force
52214,0,0,4,4,17,2,1,22,206,1.0,21,21,21,2.0476190476190474,1.0,0.0,30.0,1,1,22,2,0,0,0,0.0,0.0,0.0,0,0,0,121,2.4056,8,1,0,1,0.0,0.875,0,2,1.0,0,0,0,0,0.35,0.07,0,22,1,2,22,49691.91,4895.32,45340.0,58816.0,1.4427,6.689127389705883,24.012961930518728,576.631097886723,0.1448,100.4992,0.3922,10100.140082105,12.160277787532925,0.0,1.0,0.0,0.0,0.0,brute_force
51540,0,0,2,4,27,1,1,11,217,0.0,11,11,11,0.5,0.5,0.0,1.0,1,1,11,1,0,0,0,0.0,0.0,0.0,0,0,0,78,2.4056,8,1,0,1,0.0,0.875,0,2,1.0,0,0,0,0,0.1833,0.0367,0,11,1,1,11,51374.73,107.42,51214.0,51540.0,100.4992,46.35039090909091,51.84489152752573,2687.892777500909,0.1448,100.4992,1.4427,50510.87388669001,89.28064,0.0,1.0,0.0,0.0,0.0,brute_force
50368,0,0,10,3,9,2,0,11,217,1.0,3,3,3,0.4,0.0,0.0,1.0,1,1,11,1,0,0,0,0.0,0.0,0.0,0,0,0,115,2.4056,8,1,0,1,0.0,0.875,0,2,1.0,0,0,0,0,0.05,0.01,0,11,1,1,11,51567.82,2585.47,50368.0,56804.0,1.4427,6.689127389705883,24.012961930518728,576.631097886723,0.1448,100.4992,0.3922,10100.140082105,12.160277787532925,0.0,1.0,0.0,0.0,0.0,brute_force
53512,0,0,22,5,28,1,0,33,195,0.0,4,4,4,258.6875,0.0,0.0,8237.0,1,1,33,3,0,0,0,0.0,0.0,0.0,0,0,0,78,2.4056,8,1,0,1,0.0,0.875,0,3,1.585,0,0,0,0,0.0667,0.0133,0,33,1,3,33,45400.12,8045.47,34354.0,54248.0,100.4992,6.689127389705883,24.012961930518728,576.631097886723,0.1448,100.4992,0.3922,10100.140082105,12.160277787532925,0.0,1.0,0.0,0.0,0.0,brute_force
34952,0,0,4,4,17,2,1,22,206,0.0,2,2,2,0.5714285714285714,0.0,0.0,5.0,1,1,22,2,0,0,0,0.0,0.0,0.0,0,0,0,105,2.4056,8,1,0,1,0.0,0.875,0,3,0.9183,0,0,0,0,0.0333,0.0067,0,22,1,2,22,35285.0,297.51,34934.0,36014.0,100.4992,6.689127389705883,24.012961930518728,576.631097886723,0.1448,100.4992,0.3922,10100.140082105,12.160277787532925,0.0,1.0,0.0,0.0,0.0,brute_force
33904,0,0,4,4,17,2,1,11,217,0.0,3,3,3,0.0,0.0,0.0,0.0,1,1,11,1,0,0,0,0.0,0.0,0.0,0,0,0,115,2.4056,8,1,0,1,0.0,0.875,0,3,0.9183,0,0,0,0,0.05,0.01,0,11,1,1,11,33910.0,6.63,33900.0,33920.0,100.4992,6.689127389705883,24.012961930518728,576.631097886723,0.1448,100.4992,0.3922,10100.140082105,12.160277787532925,0.0,1.0,0.0,0.0,0.0,brute_force
46982,0,0,4,4,17,2,1,11,217,0.0,8,8,8,0.1,0.0,0.0,1.0,1,1,11,1,0,0,0,0.0,0.0,0.0,0,0,0,113,2.4056,8,1,0,1,0.0,0.875,0,3,1.585,0,0,0,0,0.1333,0.0267,0,11,1,1,11,46830.36,249.61,46458.0,47186.0,100.4992,6.689127389705883,24.012961930518728,576.631097886723,0.1448,100.4992,0.3922,10100.140082105,12.160277787532925,0.0,1.0,0.0,0.0,0.0,brute_force
38542,0,0,22,5,28,1,0,11,217,0.0,7,7,7,0.4,0.0,0.0,1.0,1,1,11,1,0,0,0,0.0,0.0,0.0,0,0,0,113,2.4056,8,1,0,1,0.0,0.875,0,3,0.9183,0,0,0,0,0.1167,0.0233,0,11,1,1,11,38528.55,34.43,38478.0,38584.0,100.4992,6.689127389705883,24.012961930518728,576.631097886723,0.1448,100.4992,0.3922,10100.140082105,12.160277787532925,0.0,1.0,0.0,0.0,0.0,brute_force
50984,0,0,19,5,28,1,0,11,217,0.0,9,9,9,0.1,0.0,0.0,1.0,1,1,11,1,0,0,0,0.0,0.0,0.0,0,0,0,101,2.4056,8,1,0,1,0.0,0.875,0,3,1.585,0,0,0,0,0.15,0.03,0,11,1,1,11,50957.09,29.39,50914.0,50998.0,100.4992,6.689127389705883,24.012961930518728,576.631097886723,0.1448,100.4992,0.3922,10100.140082105,12.160277787532925,0.0,1.0,0.0,0.0,0.0,brute_force
33952,0,0,19,5,28,1,0,11,217,999.0,1,1,1,0.2,0.0,0.0,1.0,0,1,11,1,0,0,0,0.0,0.0,0.0,0,0,0,101,2.4056,8,1,0,1,0.0,0.875,0,3,0.9183,0,0,0,0,0.0167,0.0033,0,11,1,1,11,34066.18,61.34,33952.0,34152.0,0.1448,6.689127389705883,24.012961930518728,576.631097886723,0.1448,100.4992,0.3922,10100.140082105,12.160277787532925,0.0,1.0,0.0,0.0,0.0,brute_force
46806,0,0,4,4,17,2,1,42,186,21.0,27,32,32,3.1219512195121952,1.0,0.0,33.0,0,1,42,4,0,0,0,0.0,0.0,0.0,0,0,0,73,2.4056,8,1,0,1,0.0,0.875,0,3,0.9183,0,0,0,0,0.45,0.1067,0,42,1,4,42,45654.29,8425.16,33396.0,60640.0,0.3235,6.689127389705883,24.012961930518728,576.631097886723,0.1448,100.4992,0.3922,10100.140082105,12.160277787532925,0.0,1.0,0.0,0.0,0.0,brute_force
48652,0,0,4,4,17,2,1,11,217,0.0,4,4,4,1.0,1.0,0.0,2.0,1,1,11,1,0,0,0,0.0,0.0,0.0,0,0,0,115,2.4056,8,1,0,1,0.0,0.875,0,3,0.9183,0,0,0,0,0.0667,0.0133,0,11,1,1,11,48760.55,151.95,48524.0,48970.0,100.4992,6.689127389705883,24.012961930518728,576.631097886723,0.1448,100.4992,0.3922,10100.140082105,12.160277787532925,0.0,1.0,0.0,0.0,0.0,brute_force
53464,0,0,19,5,28,1,0,11,217,1.0,10,10,10,0.1,0.0,0.0,1.0,1,1,11,1,0,0,0,0.0,0.0,0.0,0,0,0,114,2.4056,8,1,0,1,0.0,0.875,0,3,1.585,0,0,0,0,0.1667,0.0333,0,11,1,1,11,53400.0,53.91,53316.0,53480.0,1.4427,6.689127389705883,24.012961930518728,576.631097886723,0.1448,100.4992,0.3922,10100.140082105,12.160277787532925,0.0,1.0,0.0,0.0,0.0,brute_force
43494,0,0,22,5,28,1,0,11,217,1.0,10,10,10,1.0,1.0,0.0,3.0,1,1,11,1,0,0,0,0.0,0.0,0.0,0,0,0,157,2.4056,8,1,0,1,0.0,0.875,0,2,1.0,0,0,0,0,0.1667,0.0333,0,11,1,1,11,43266.36,222.89,42958.0,43524.0,1.4427,6.689127389705883,24.012961930518728,576.631097886723,0.1448,100.4992,0.3922,10100.140082105,12.160277787532925,0.0,1.0,0.0,0.0,0.0,brute_force
55302,0,0,6,2,26,7,0,211,80,0.0,53,53,87,1.9857142857142855,0.0,0.0,372.0,1,9,162,2,0,0,0,0.0,0.0,0.0,0,1,1,79,2.4056,8,1,0,1,0.0,0.875,0,1,0.0,0,0,0,0,0.8833,0.1767,0,211,9,2,162,55328.58,400.37,55080.0,59294.0,100.4992,6.689127389705883,24.012961930518728,576.631097886723,0.1448,100.4992,0.3922,10100.140082105,12.160277787532925,0.0,0.0,1.0,0.0,0.0,brute_force
38572,0,0,10,3,9,2,0,11,217,0.0,5,5,5,0.1,0.0,0.0,1.0,1,1,11,1,0,0,0,0.0,0.0,0.0,0,0,0,115,2.4056,8,1,0,1,0.0,0.875,0,1,0.0,0,0,0,0,0.0833,0.0167,0,11,1,1,11,38584.91,59.81,38498.0,38666.0,100.4992,6.689127389705883,24.012961930518728,576.631097886723,0.1448,100.4992,0.3922,10100.140082105,12.160277787532925,0.0,1.0,0.0,0.0,0.0,brute_force
53650,0,0,22,5,28,1,0,22,206,3.0,10,10,10,4.428571428571429,1.0,0.0,79.0,0,1,22,2,0,0,0,0.0,0.0,0.0,0,0,0,87,2.4056,8,1,0,1,0.0,0.875,0,3,1.585,0,0,0,0,0.1667,0.0333,0,22,1,2,22,47198.0,6076.84,40826.0,54052.0,0.7213,6.689127389705883,24.012961930518728,576.631097886723,0.1448,100.4992,0.3922,10100.140082105,12.160277787532925,0.0,1.0,0.0,0.0,0.0,brute_force
58876,0,0,19,5,28,1,0,11,217,0.0,6,6,6,0.4,0.0,0.0,1.0,1,1,11,1,0,0,0,0.0,0.0,0.0,0,0,0,115,2.4056,8,1,0,1,0.0,0.875,0,3,1.585,0,0,0,0,0.1,0.02,0,11,1,1,11,58898.18,212.94,58592.0,59238.0,100.4992,6.689127389705883,24.012961930518728,576.631097886723,0.1448,100.4992,0.3922,10100.140082105,12.160277787532925,0.0,1.0,0.0,0.0,0.0,brute_force
39318,0,0,4,4,17,2,1,11,217,0.0,5,5,5,0.0,0.0,0.0,0.0,1,1,11,1,0,0,0,0.0,0.0,0.0,0,0,0,113,2.4056,8,1,0,1,0.0,0.875,0,3,1.585,0,0,0,0,0.0833,0.0167,0,11,1,1,11,39330.36,26.52,39296.0,39372.0,100.4992,6.689127389705883,24.012961930518728,576.631097886723,0.1448,100.4992,0.3922,10100.140082105,12.160277787532925,0.0,1.0,0.0,0.0,0.0,brute_force
34976,0,0,4,4,17,2,1,22,206,1.0,2,2,2,6.380952380952381,0.0,0.0,125.0,1,1,22,2,0,0,0,0.0,0.0,0.0,0,0,0,74,2.4056,8,1,0,1,0.0,0.875,0,3,1.585,0,0,0,0,0.0333,0.0067,0,22,1,2,22,38832.45,3514.44,34890.0,42828.0,1.4427,6.689127389705883,24.012961930518728,576.631097886723,0.1448,100.4992,0.3922,10100.140082105,12.160277787532925,0.0,1.0,0.0,0.0,0.0,brute_force
27326,0,0,4,4,17,2,1,11,217,0.0,7,7,7,0.5,0.5,0.0,1.0,1,1,11,1,0,0,0,0.0,0.0,0.0,0,0,0,77,2.4056,8,1,0,1,0.0,0.875,0,3,1.585,0,0,0,0,0.1167,0.0233,0,11,1,1,11,27238.73,190.02,26954.0,27492.0,100.4992,6.689127389705883,24.012961930518728,576.631097886723,0.1448,100.4992,0.3922,10100.140082105,12.160277787532925,0.0,1.0,0.0,0.0,0.0,brute_force
59486,0,0,22,5,28,1,0,88,142,2.0,7,18,18,96.42528735632185,1.0,0.0,8081.0,0,1,88,8,0,0,0,0.0,0.0,0.0,0,0,0,65,2.4056,8,1,0,1,0.0,0.875,0,3,1.585,0,0,0,0,0.1167,0.06,0,88,1,8,88,46423.45,8584.96,32876.0,60638.0,0.9102,6.689127389705883,24.012961930518728,576.631097886723,0.1448,100.4992,0.3922,10100.140082105,12.160277787532925,0.0,1.0,0.0,0.0,0.0,brute_force
37658,0,0,4,4,17,2,1,42,186,1.0,13,13,13,3.1219512195121952,1.0,0.0,33.0,1,1,42,4,0,0,0,0.0,0.0,0.0,0,0,0,115,2.4056,8,1,0,1,0.0,0.875,0,2,0.0,0,0,0,0,0.2167,0.0433,0,42,1,4,42,45654.29,8425.16,33396.0,60640.0,1.4427,6.689127389705883,24.012961930518728,576.631097886723,0.1448,100.4992,0.3922,10100.140082105,12.160277787532925,0.0,1.0,0.0,0.0,0.0,brute_force
56160,0,0,22,5,28,1,0,11,217,0.0,5,5,5,0.5,0.5,0.0,1.0,1,1,11,1,0,0,0,0.0,0.0,0.0,0,0,0,115,2.4056,8,1,0,1,0.0,0.875,0,3,0.9183,0,0,0,0,0.0833,0.0167,0,11,1,1,11,56256.18,438.99,55562.0,56870.0,100.4992,6.689127389705883,24.012961930518728,576.631097886723,0.1448,100.4992,0.3922,10100.140082105,12.160277787532925,0.0,1.0,0.0,0.0,0.0,brute_force
62520,0,0,4,4,17,2,1,22,206,0.0,5,5,5,1.7142857142857142,1.0,0.0,21.0,1,1,22,2,0,0,0,0.0,0.0,0.0,0,0,0,115,2.4056,8,1,0,1,0.0,0.875,0,3,1.585,0,0,0,0,0.0833,0.0167,0,22,1,2,22,63510.32,968.58,62317.0,64689.0,100.4992,6.689127389705883,24.012961930518728,576.631097886723,0.1448,100.4992,0.3922,10100.140082105,12.160277787532925,0.0,1.0,0.0,0.0,0.0,brute_force
21450,0,0,4,4,17,2,1,22,206,0.0,7,7,7,0.6190476190476191,0.0,0.0,5.0,1,1,22,2,0,0,0,0.0,0.0,0.0,0,0,0,113,2.4056,8,1,0,1,0.0,0.875,0,2,1.0,0,0,0,0,0.1167,0.0233,0,22,1,2,22,21860.0,480.4,21218.0,22498.0,100.4992,6.689127389705883,24.012961930518728,576.631097886723,0.1448,100.4992,0.3922,10100.140082105,12.160277787532925,0.0,1.0,0.0,0.0,0.0,brute_force
57620,0,0,4,4,17,2,1,11,217,0.0,6,6,6,0.6,1.0,0.0,1.0,1,1,11,1,0,0,0,0.0,0.0,0.0,0,0,0,78,2.4056,8,1,0,1,0.0,0.875,0,3,1.585,0,0,0,0,0.1,0.02,0,11,1,1,11,57619.64,86.98,57476.0,57748.0,100.4992,6.689127389705883,24.012961930518728,576.631097886723,0.1448,100.4992,0.3922,10100.140082105,12.160277787532925,0.0,1.0,0.0,0.0,0.0,brute_force
32876,0,0,22,5,28,1,0,88,142,1.0,22,33,33,96.42528735632185,1.0,0.0,8081.0,1,1,88,8,0,0,0,0.0,0.0,0.0,0,0,0,72,2.4056,8,1,0,1,0.0,0.875,0,3,1.585,0,0,0,0,0.3667,0.11,0,88,1,8,88,46423.45,8584.96,32876.0,60638.0,1.4427,6.689127389705883,24.012961930518728,576.631097886723,0.1448,100.4992,0.3922,10100.140082105,12.160277787532925,0.0,1.0,0.0,0.0,0.0,brute_force
59420,0,0,8,4,10,3,0,18209,8,1.0,103,347,415,1802.7104569420037,0.0,0.0,6129127.0,1,81,11651,88,0,0,0,0.0,0.0,0.0,0,0,0,63,2.4056,8,1,0,1,0.0,0.875,0,5,2.3219,0,0,0,0,1.7167,1.1567,0,18209,81,88,11651,46390.82,17565.52,1635.0,65516.0,1.4427,6.689127389705883,24.012961930518728,576.631097886723,0.1448,100.4992,0.3922,10100.140082105,12.160277787532925,0.0,1.0,0.0,0.0,0.0,brute_force
27420,0,0,4,4,17,2,1,11,217,0.0,9,9,9,0.5,0.5,0.0,1.0,1,1,11,1,0,0,0,0.0,0.0,0.0,0,0,0,77,2.4056,8,1,0,1,0.0,0.875,0,3,1.585,0,0,0,0,0.15,0.03,0,11,1,1,11,27238.73,190.02,26954.0,27492.0,100.4992,6.689127389705883,24.012961930518728,576.631097886723,0.1448,100.4992,0.3922,10100.140082105,12.160277787532925,0.0,1.0,0.0,0.0,0.0,brute_force
34072,0,0,19,5,28,1,0,11,217,0.0,6,6,6,0.2,0.0,0.0,1.0,1,1,11,1,0,0,0,0.0,0.0,0.0,0,0,0,101,2.4056,8,1,0,1,0.0,0.875,0,3,1.585,0,0,0,0,0.1,0.02,0,11,1,1,11,34066.18,61.34,33952.0,34152.0,100.4992,6.689127389705883,24.012961930518728,576.631097886723,0.1448,100.4992,0.3922,10100.140082105,12.160277787532925,0.0,1.0,0.0,0.0,0.0,brute_force
56306,0,0,22,5,28,1,0,11,217,1.0,6,6,6,0.5,0.5,0.0,1.0,1,1,11,1,0,0,0,0.0,0.0,0.0,0,0,0,115,2.4056,8,1,0,1,0.0,0.875,0,3,1.585,0,0,0,0,0.1,0.02,0,11,1,1,11,56256.18,438.99,55562.0,56870.0,1.4427,6.689127389705883,24.012961930518728,576.631097886723,0.1448,100.4992,0.3922,10100.140082105,12.160277787532925,0.0,1.0,0.0,0.0,0.0,brute_force
32880,0,0,4,4,17,2,1,11,217,1.0,7,7,7,0.5,0.5,0.0,1.0,1,1,11,1,0,0,0,0.0,0.0,0.0,0,0,0,72,2.4056,8,1,0,1,0.0,0.875,0,3,1.585,0,0,0,0,0.1167,0.0233,0,11,1,1,11,45660.36,14571.32,32810.0,60996.0,1.4427,6.689127389705883,24.012961930518728,576.631097886723,0.1448,100.4992,0.3922,10100.140082105,12.160277787532925,0.0,1.0,0.0,0.0,0.0,brute_force
48295,0,0,4,4,17,2,1,22,206,0.0,11,22,22,5.428571428571429,1.0,0.0,101.0,1,1,22,2,0,0,0,0.0,0.0,0.0,0,0,0,72,2.4056,8,1,0,1,0.0,0.875,0,3,1.585,0,0,0,0,0.1833,0.0733,0,22,1,2,22,30486.09,17262.96,12751.0,48295.0,100.4992,6.689127389705883,24.012961930518728,576.631097886723,0.1448,100.4992,0.3922,10100.140082105,12.160277787532925,0.0,1.0,0.0,0.0,0.0,brute_force
45434,0,0,4,4,17,2,1,22,206,1.0,11,11,11,2.0476190476190474,1.0,0.0,30.0,1,1,22,2,0,0,0,0.0,0.0,0.0,0,0,0,122,2.4056,8,1,0,1,0.0,0.875,0,3,0.9183,0,0,0,0,0.1833,0.0367,0,22,1,2,22,49691.91,4895.32,45340.0,58816.0,1.4427,6.689127389705883,24.012961930518728,576.631097886723,0.1448,100.4992,0.3922,10100.140082105,12.160277787532925,0.0,1.0,0.0,0.0,0.0,brute_force
54873,0,0,4,4,17,2,1,77,153,1.0,19,19,19,6.355263157894737,0.0,0.0,203.0,1,1,77,7,0,0,0,0.0,0.0,0.0,0,0,0,78,2.4056,8,1,0,1,0.0,0.875,0,3,1.585,0,0,0,0,0.3167,0.0633,0,77,1,7,77,57735.82,4319.07,49913.0,65260.0,1.4427,6.689127389705883,24.012961930518728,576.631097886723,0.1448,100.4992,0.3922,10100.140082105,12.160277787532925,0.0,1.0,0.0,0.0,0.0,brute_force
54133,0,0,4,4,17,2,1,77,153,0.0,14,14,14,6.355263157894737,0.0,0.0,203.0,1,1,77,7,0,0,0,0.0,0.0,0.0,0,0,0,78,2.4056,8,1,0,1,0.0,0.875,0,3,1.585,0,0,0,0,0.2333,0.0467,0,77,1,7,77,57735.82,4319.07,49913.0,65260.0,100.4992,6.689127389705883,24.012961930518728,576.631097886723,0.1448,100.4992,0.3922,10100.140082105,12.160277787532925,0.0,1.0,0.0,0.0,0.0,brute_force
62129,0,0,4,4,17,2,1,77,153,0.0,5,16,38,6.355263157894737,0.0,0.0,203.0,1,1,77,7,0,0,0,0.0,0.0,0.0,0,0,0,78,2.4056,8,1,0,1,0.0,0.875,0,3,1.585,0,0,0,0,0.0833,0.0533,0,77,1,7,77,57735.82,4319.07,49913.0,65260.0,100.4992,6.689127389705883,24.012961930518728,576.631097886723,0.1448,100.4992,0.3922,10100.140082105,12.160277787532925,0.0,1.0,0.0,0.0,0.0,brute_force
46458,0,0,4,4,17,2,1,11,217,999.0,1,1,1,0.1,0.0,0.0,1.0,0,1,11,1,0,0,0,0.0,0.0,0.0,0,0,0,113,2.4056,8,1,0,1,0.0,0.875,0,3,1.585,0,0,0,0,0.0167,0.0033,0,11,1,1,11,46830.36,249.61,46458.0,47186.0,0.1448,6.689127389705883,24.012961930518728,576.631097886723,0.1448,100.4992,0.3922,10100.140082105,12.160277787532925,0.0,1.0,0.0,0.0,0.0,brute_force
45052,0,0,4,4,17,2,1,11,217,0.0,2,2,2,0.1,0.0,0.0,1.0,1,1,11,1,0,0,0,0.0,0.0,0.0,0,0,0,115,2.4056,8,1,0,1,0.0,0.875,0,3,0.9183,0,0,0,0,0.0333,0.0067,0,11,1,1,11,45110.18,45.83,45044.0,45176.0,100.4992,6.689127389705883,24.012961930518728,576.631097886723,0.1448,100.4992,0.3922,10100.140082105,12.160277787532925,0.0,1.0,0.0,0.0,0.0,brute_force
44676,0,0,19,5,28,1,0,88,142,1.0,9,20,20,96.42528735632185,1.0,0.0,8081.0,1,1,88,8,0,0,0,0.0,0.0,0.0,0,0,0,115,2.4056,8,1,0,1,0.0,0.875,0,3,1.585,0,0,0,0,0.15,0.0667,0,88,1,8,88,46423.45,8584.96,32876.0,60638.0,1.4427,6.689127389705883,24.012961930518728,576.631097886723,0.1448,100.4992,0.3922,10100.140082105,12.160277787532925,0.0,1.0,0.0,0.0,0.0,brute_force
50494,0,0,4,4,17,2,1,22,206,0.0,11,11,11,9.0,0.0,0.0,182.0,1,1,22,2,0,0,0,0.0,0.0,0.0,0,0,0,115,2.4056,8,1,0,1,0.0,0.875,0,3,0.9183,0,0,0,0,0.1833,0.0367,0,22,1,2,22,45034.91,4857.05,39538.0,50494.0,100.4992,6.689127389705883,24.012961930518728,576.631097886723,0.1448,100.4992,0.3922,10100.140082105,12.160277787532925,0.0,1.0,0.0,0.0,0.0,brute_force
33396,0,0,4,4,17,2,1,42,186,1.0,21,23,23,3.1219512195121952,1.0,0.0,33.0,1,1,42,4,0,0,0,0.0,0.0,0.0,0,0,0,115,2.4056,8,1,0,1,0.0,0.875,0,3,0.9183,0,0,0,0,0.35,0.0767,0,42,1,4,42,45654.29,8425.16,33396.0,60640.0,1.4427,6.689127389705883,24.012961930518728,576.631097886723,0.1448,100.4992,0.3922,10100.140082105,12.160277787532925,0.0,1.0,0.0,0.0,0.0,brute_force
10286,0,0,4,4,17,2,1,11,217,0.0,5,5,5,0.5,0.5,0.0,1.0,1,1,11,1,0,0,0,0.0,0.0,0.0,0,0,0,115,2.4056,8,1,0,1,0.0,0.875,0,3,0.9183,0,0,0,0,0.0833,0.0167,0,11,1,1,11,10351.09,129.92,10182.0,10550.0,100.4992,6.689127389705883,24.012961930518728,576.631097886723,0.1448,100.4992,0.3922,10100.140082105,12.160277787532925,0.0,1.0,0.0,0.0,0.0,brute_force
59988,0,0,21,5,6,5,0,5,223,3177798.0,1,1,1,3228848.5,1813237.5,208454.0,9080465.0,0,1,5,1,0,0,0,0.0,0.0,0.0,0,0,0,12,2.4056,8,1,0,1,0.0,0.875,0,0,0.0,0,0,0,0,0.0167,0.0033,0,5,1,1,5,45372.0,9853.93,36440.0,59988.0,0.1448,6.689127389705883,24.012961930518728,576.631097886723,0.1448,100.4992,0.3922,10100.140082105,12.160277787532925,0.0,0.0,0.0,0.0,1.0,command_injection
49134,0,0,2,1,28,3,1,3,225,999.0,1,1,1,2137099.0,2137099.0,388419.0,3885779.0,0,1,3,1,0,0,0,0.0,0.0,0.0,0,0,0,12,2.4056,8,1,0,1,0.0,0.875,0,0,0.0,0,0,0,0,0.0167,0.0033,0,3,1,1,3,46486.0,4675.08,41088.0,49236.0,0.1448,6.689127389705883,24.012961930518728,576.631097886723,0.1448,100.4992,0.3922,10100.140082105,12.160277787532925,0.0,0.0,0.0,0.0,1.0,command_injection
54627,0,0,9,4,14,4,0,1,227,999.0,1,1,1,0.0,0.0,0.0,0.0,0,1,1,1,0,0,0,0.0,0.0,0.0,0,0,0,12,2.4056,8,1,0,1,0.0,0.875,0,0,0.0,0,0,0,0,0.0167,0.0033,0,1,1,1,1,54627.0,0.0,54627.0,54627.0,0.1448,6.689127389705883,24.012961930518728,576.631097886723,0.1448,100.4992,0.3922,10100.140082105,12.160277787532925,0.0,0.0,0.0,0.0,1.0,command_injection
60414,0,0,15,1,16,5,0,5,223,67590.0,1,1,1,5360019.75,4670110.0,3.0,12099856.0,0,1,5,1,0,0,0,0.0,0.0,0.0,0,0,0,12,2.4056,8,1,0,1,0.0,0.875,0,0,0.0,0,0,0,0,0.0167,0.0033,0,5,1,1,5,51342.4,9116.85,40742.0,60464.0,0.1448,6.689127389705883,24.012961930518728,576.631097886723,0.1448,100.4992,0.3922,10100.140082105,12.160277787532925,0.0,0.0,0.0,0.0,1.0,command_injection
50993,0,0,23,3,29,6,0,50,178,1.0,9,9,9,8657.102040816326,0.0,0.0,233835.0,1,1,50,1,0,0,0,0.0,0.0,0.0,0,0,0,7,2.4056,8,1,0,1,0.0,0.875,0,54,4.572,0,0,0,1,0.15,0.03,1,50,1,1,50,37207.66,20145.77,2887.0,65410.0,1.4427,6.689127389705883,24.012961930518728,576.631097886723,0.1448,100.4992,0.3922,10100.140082105,12.160277787532925,0.0,0.0,0.0,0.0,1.0,command_injection
2076,0,0,8,4,3,2,0,1,227,999.0,1,1,1,0.0,0.0,0.0,0.0,0,1,1,1,0,0,0,0.0,0.0,0.0,0,0,0,12,2.4056,8,1,0,1,0.0,0.875,0,0,0.0,0,0,0,0,0.0167,0.0033,0,1,1,1,1,2076.0,0.0,2076.0,2076.0,0.1448,6.689127389705883,24.012961930518728,576.631097886723,0.1448,100.4992,0.3922,10100.140082105,12.160277787532925,0.0,0.0,0.0,0.0,1.0,command_injection
36486,0,0,0,6,20,8,1,5,223,9080465.0,1,1,1,3228848.5,1813237.5,208454.0,9080465.0,0,1,5,1,0,0,0,0.0,0.0,0.0,0,0,0,12,2.4056,8,1,0,1,0.0,0.875,0,0,0.0,0,0,0,0,0.0167,0.0033,0,5,1,1,5,45372.0,9853.93,36440.0,59988.0,0.1448,6.689127389705883,24.012961930518728,576.631097886723,0.1448,100.4992,0.3922,10100.140082105,12.160277787532925,0.0,0.0,0.0,0.0,1.0,command_injection
46036,0,0,15,4,24,2,0,6,222,1085747.0,1,1,1,1420138.4,1085747.0,360342.0,2805131.0,0,1,6,1,0,0,0,0.0,0.0,0.0,0,0,0,12,2.4056,8,1,0,1,0.0,0.875,0,0,0.0,0,0,0,0,0.0167,0.0033,0,6,1,1,6,48556.83,7509.9,39765.0,59339.0,0.1448,6.689127389705883,24.012961930518728,576.631097886723,0.1448,100.4992,0.3922,10100.140082105,12.160277787532925,0.0,0.0,0.0,0.0,1.0,command_injection
56780,0,0,9,4,31,3,0,1,227,999.0,1,1,1,0.0,0.0,0.0,0.0,0,1,1,1,0,0,0,0.0,0.0,0.0,0,0,0,12,2.4056,8,1,0,1,0.0,0.875,0,0,0.0,0,0,0,0,0.0167,0.0033,0,1,1,1,1,56780.0,0.0,56780.0,56780.0,0.1448,6.689127389705883,24.012961930518728,576.631097886723,0.1448,100.4992,0.3922,10100.140082105,12.160277787532925,0.0,0.0,0.0,0.0,1.0,command_injection
19693,0,0,18,1,10,1,0,4119,22,0.0,325,1071,1131,2.040067994171928,0.0,0.0,3807.0,1,59,83,3631,0,0,0,0.0,0.0,0.0,0,1,1,56,2.4056,8,1,0,1,0.0,0.875,0,3,1.585,0,0,0,1,5.4167,3.57,1,4119,59,3631,83,24531.98,10083.29,19648.0,58172.0,100.4992,6.689127389705883,24.012961930518728,576.631097886723,0.1448,100.4992,0.3922,10100.140082105,12.160277787532925,0.0,0.0,1.0,0.0,0.0,command_injection
22955,0,0,21,1,4,7,0,50,178,0.0,11,11,11,8657.102040816326,0.0,0.0,233835.0,1,1,50,1,0,0,0,0.0,0.0,0.0,0,0,0,7,2.4056,8,1,0,1,0.0,0.875,0,54,4.572,0,0,0,1,0.1833,0.0367,1,50,1,1,50,37207.66,20145.77,2887.0,65410.0,100.4992,6.689127389705883,24.012961930518728,576.631097886723,0.1448,100.4992,0.3922,10100.140082105,12.160277787532925,0.0,0.0,0.0,0.0,1.0,command_injection
53579,0,0,10,4,3,2,0,18209,8,0.0,73,673,839,1802.7104569420037,0.0,0.0,6129127.0,1,81,11651,88,0,0,0,0.0,0.0,0.0,0,0,0,63,2.4056,8,1,0,1,0.0,0.875,0,3,1.585,0,0,0,1,1.2167,2.2433,1,18209,81,88,11651,46390.82,17565.52,1635.0,65516.0,100.4992,6.689127389705883,24.012961930518728,576.631097886723,0.1448,100.4992,0.3922,10100.140082105,12.160277787532925,0.0,1.0,0.0,0.0,0.0,command_injection
35056,0,0,19,5,11,2,0,1,227,999.0,1,1,1,0.0,0.0,0.0,0.0,0,1,1,1,0,0,0,0.0,0.0,0.0,0,0,0,12,2.4056,8,1,0,1,0.0,0.875,0,0,0.0,0,0,0,0,0.0167,0.0033,0,1,1,1,1,35056.0,0.0,35056.0,35056.0,0.1448,6.689127389705883,24.012961930518728,576.631097886723,0.1448,100.4992,0.3922,10100.140082105,12.160277787532925,0.0,0.0,0.0,0.0,1.0,command_injection
55162,0,0,2,6,5,11,1,1,227,999.0,1,1,1,0.0,0.0,0.0,0.0,0,1,1,1,0,0,0,0.0,0.0,0.0,0,0,0,12,2.4056,8,1,0,1,0.0,0.875,0,0,0.0,0,0,0,0,0.0167,0.0033,0,1,1,1,1,55162.0,0.0,55162.0,55162.0,0.1448,6.689127389705883,24.012961930518728,576.631097886723,0.1448,100.4992,0.3922,10100.140082105,12.160277787532925,0.0,0.0,0.0,0.0,1.0,command_injection
53310,0,0,12,5,28,1,0,2,226,999.0,1,1,1,10036509.0,10036509.0,10036509.0,10036509.0,0,1,2,1,0,0,0,0.0,0.0,0.0,0,0,0,12,2.4056,8,1,0,1,0.0,0.875,0,0,0.0,0,0,0,0,0.0167,0.0033,0,2,1,1,2,54618.0,1849.79,53310.0,55926.0,0.1448,6.689127389705883,24.012961930518728,576.631097886723,0.1448,100.4992,0.3922,10100.140082105,12.160277787532925,0.0,0.0,0.0,0.0,1.0,command_injection
41420,0,0,12,5,28,1,0,1,227,999.0,1,1,1,0.0,0.0,0.0,0.0,0,1,1,1,0,0,0,0.0,0.0,0.0,0,0,0,12,2.4056,8,1,0,1,0.0,0.875,0,0,0.0,0,0,0,0,0.0167,0.0033,0,1,1,1,1,41420.0,0.0,41420.0,41420.0,0.1448,6.689127389705883,24.012961930518728,576.631097886723,0.1448,100.4992,0.3922,10100.140082105,12.160277787532925,0.0,0.0,0.0,0.0,1.0,command_injection
51136,0,0,12,5,28,1,0,5,223,999.0,1,1,1,5360019.75,4670110.0,3.0,12099856.0,0,1,5,1,0,0,0,0.0,0.0,0.0,0,0,0,12,2.4056,8,1,0,1,0.0,0.875,0,0,0.0,0,0,0,0,0.0167,0.0033,0,5,1,1,5,51342.4,9116.85,40742.0,60464.0,0.1448,6.689127389705883,24.012961930518728,576.631097886723,0.1448,100.4992,0.3922,10100.140082105,12.160277787532925,0.0,0.0,0.0,0.0,1.0,command_injection
48033,0,0,21,5,14,1,0,1,227,999.0,1,1,1,0.0,0.0,0.0,0.0,0,1,1,1,0,0,0,0.0,0.0,0.0,0,0,0,12,2.4056,8,1,0,1,0.0,0.875,0,0,0.0,0,0,0,0,0.0167,0.0033,0,1,1,1,1,48033.0,0.0,48033.0,48033.0,0.1448,6.689127389705883,24.012961930518728,576.631097886723,0.1448,100.4992,0.3922,10100.140082105,12.160277787532925,0.0,0.0,0.0,0.0,1.0,command_injection
31650,0,0,14,3,13,4,0,1,227,999.0,1,1,1,0.0,0.0,0.0,0.0,0,1,1,1,0,0,0,0.0,0.0,0.0,0,0,0,12,2.4056,8,1,0,1,0.0,0.875,0,0,0.0,0,0,0,0,0.0167,0.0033,0,1,1,1,1,31650.0,0.0,31650.0,31650.0,0.1448,6.689127389705883,24.012961930518728,576.631097886723,0.1448,100.4992,0.3922,10100.140082105,12.160277787532925,0.0,0.0,0.0,0.0,1.0,command_injection
63883,0,0,9,4,10,3,0,18209,8,1.0,186,527,1206,1802.7104569420037,0.0,0.0,6129127.0,1,81,11651,88,0,0,0,0.0,0.0,0.0,0,0,0,63,2.4056,8,1,0,1,0.0,0.875,0,4,1.5,0,0,0,1,3.1,1.7567,1,18209,81,88,11651,46390.82,17565.52,1635.0,65516.0,1.4427,6.689127389705883,24.012961930518728,576.631097886723,0.1448,100.4992,0.3922,10100.140082105,12.160277787532925,0.0,1.0,0.0,0.0,0.0,command_injection
34788,0,0,23,4,17,3,0,3,225,4186740.0,1,1,1,9484204.5,9484204.5,4186740.0,14781669.0,0,1,3,1,0,0,0,0.0,0.0,0.0,0,0,0,12,2.4056,8,1,0,1,0.0,0.875,0,0,0.0,0,0,0,0,0.0167,0.0033,0,3,1,1,3,40769.33,10037.82,34788.0,52358.0,0.1448,6.689127389705883,24.012961930518728,576.631097886723,0.1448,100.4992,0.3922,10100.140082105,12.160277787532925,0.0,0.0,0.0,0.0,1.0,command_injection
63586,0,0,9,4,10,3,0,18209,8,2.0,103,625,1133,1802.7104569420037,0.0,0.0,6129127.0,0,81,11651,88,0,0,0,0.0,0.0,0.0,0,0,0,63,2.4056,8,1,0,1,0.0,0.875,0,4,1.5,0,0,0,1,1.7167,2.0833,1,18209,81,88,11651,46390.82,17565.52,1635.0,65516.0,0.9102,6.689127389705883,24.012961930518728,576.631097886723,0.1448,100.4992,0.3922,10100.140082105,12.160277787532925,0.0,1.0,0.0,0.0,0.0,command_injection
58112,0,0,14,3,6,4,0,7,221,531443.0,1,1,1,2754491.0,3337216.0,531443.0,4373855.0,0,1,7,1,0,0,0,0.0,0.0,0.0,0,0,0,12,2.4056,8,1,0,1,0.0,0.875,0,0,0.0,0,0,0,0,0.0167,0.0033,0,7,1,1,7,50860.0,5714.29,44008.0,58112.0,0.1448,6.689127389705883,24.012961930518728,576.631097886723,0.1448,100.4992,0.3922,10100.140082105,12.160277787532925,0.0,0.0,0.0,0.0,1.0,command_injection
16535,0,0,11,6,12,3,0,1,227,999.0,1,1,1,0.0,0.0,0.0,0.0,0,1,1,1,0,0,0,0.0,0.0,0.0,0,0,0,12,2.4056,8,1,0,1,0.0,0.875,0,0,0.0,0,0,0,0,0.0167,0.0033,0,1,1,1,1,16535.0,0.0,16535.0,16535.0,0.1448,6.689127389705883,24.012961930518728,576.631097886723,0.1448,100.4992,0.3922,10100.140082105,12.160277787532925,0.0,0.0,0.0,0.0,1.0,command_injection
53579,0,0,10,4,3,2,0,18209,8,1.0,74,674,839,1802.7104569420037,0.0,0.0,6129127.0,1,81,11651,88,0,0,0,0.0,0.0,0.0,0,0,0,63,2.4056,8,1,0,1,0.0,0.875,0,3,1.585,0,0,0,1,1.2333,2.2467,1,18209,81,88,11651,46390.82,17565.52,1635.0,65516.0,1.4427,6.689127389705883,24.012961930518728,576.631097886723,0.1448,100.4992,0.3922,10100.140082105,12.160277787532925,0.0,1.0,0.0,0.0,0.0,command_injection
2715,0,0,2,4,24,3,1,1,227,999.0,1,1,1,0.0,0.0,0.0,0.0,0,1,1,1,0,0,0,0.0,0.0,0.0,0,0,0,12,2.4056,8,1,0,1,0.0,0.875,0,0,0.0,0,0,0,0,0.0167,0.0033,0,1,1,1,1,2715.0,0.0,2715.0,2715.0,0.1448,6.689127389705883,24.012961930518728,576.631097886723,0.1448,100.4992,0.3922,10100.140082105,12.160277787532925,0.0,0.0,0.0,0.0,1.0,command_injection
61069,0,0,8,2,25,1,0,1,227,999.0,1,1,1,0.0,0.0,0.0,0.0,0,1,1,1,0,0,0,0.0,0.0,0.0,0,0,0,12,2.4056,8,1,0,1,0.0,0.875,0,0,0.0,0,0,0,0,0.0167,0.0033,0,1,1,1,1,61069.0,0.0,61069.0,61069.0,0.1448,6.689127389705883,24.012961930518728,576.631097886723,0.1448,100.4992,0.3922,10100.140082105,12.160277787532925,0.0,0.0,0.0,0.0,1.0,command_injection
51564,0,0,18,5,8,7,0,3,225,1.0,2,2,2,2.0,2.0,1.0,3.0,1,1,3,1,0,0,0,0.0,0.0,0.0,0,0,0,12,2.4056,8,1,0,1,0.0,0.875,0,0,0.0,0,0,0,0,0.0333,0.0067,0,3,1,1,3,51571.0,16.64,51559.0,51590.0,1.4427,6.689127389705883,24.012961930518728,576.631097886723,0.1448,100.4992,0.3922,10100.140082105,12.160277787532925,0.0,0.0,0.0,0.0,1.0,command_injection
4834,0,0,17,1,4,4,0,1,227,999.0,1,1,1,0.0,0.0,0.0,0.0,0,1,1,1,0,0,0,0.0,0.0,0.0,0,0,0,12,2.4056,8,1,0,1,0.0,0.875,0,0,0.0,0,0,0,0,0.0167,0.0033,0,1,1,1,1,4834.0,0.0,4834.0,4834.0,0.1448,6.689127389705883,24.012961930518728,576.631097886723,0.1448,100.4992,0.3922,10100.140082105,12.160277787532925,0.0,0.0,0.0,0.0,1.0,command_injection
53380,0,0,10,4,3,2,0,18209,8,0.0,108,642,714,1802.7104569420037,0.0,0.0,6129127.0,1,81,11651,88,0,0,0,0.0,0.0,0.0,0,0,0,63,2.4056,8,1,0,1,0.0,0.875,0,77,5.2197,0,0,0,1,1.8,2.14,1,18209,81,88,11651,46390.82,17565.52,1635.0,65516.0,100.4992,6.689127389705883,24.012961930518728,576.631097886723,0.1448,100.4992,0.3922,10100.140082105,12.160277787532925,0.0,1.0,0.0,0.0,0.0,command_injection
52783,0,0,10,4,3,2,0,18209,8,1.0,111,262,336,1802.7104569420037,0.0,0.0,6129127.0,1,81,11651,88,0,0,0,0.0,0.0,0.0,0,0,0,63,2.4056,8,1,0,1,0.0,0.875,0,29,3.8573,0,0,0,1,1.85,0.8733,1,18209,81,88,11651,46390.82,17565.52,1635.0,65516.0,1.4427,6.689127389705883,24.012961930518728,576.631097886723,0.1448,100.4992,0.3922,10100.140082105,12.160277787532925,0.0,1.0,0.0,0.0,0.0,command_injection
45775,0,0,22,0,10,4,0,1,227,999.0,1,1,1,0.0,0.0,0.0,0.0,0,1,1,1,0,0,0,0.0,0.0,0.0,0,0,0,12,2.4056,8,1,0,1,0.0,0.875,0,0,0.0,0,0,0,0,0.0167,0.0033,0,1,1,1,1,45775.0,0.0,45775.0,45775.0,0.1448,6.689127389705883,24.012961930518728,576.631097886723,0.1448,100.4992,0.3922,10100.140082105,12.160277787532925,0.0,0.0,0.0,0.0,1.0,command_injection
52557,0,0,10,4,3,2,0,18209,8,2.0,68,153,238,1802.7104569420037,0.0,0.0,6129127.0,0,81,11651,88,0,0,0,0.0,0.0,0.0,0,0,0,63,2.4056,8,1,0,1,0.0,0.875,0,13,3.2389,0,0,0,1,1.1333,0.51,1,18209,81,88,11651,46390.82,17565.52,1635.0,65516.0,0.9102,6.689127389705883,24.012961930518728,576.631097886723,0.1448,100.4992,0.3922,10100.140082105,12.160277787532925,0.0,1.0,0.0,0.0,0.0,command_injection
52614,0,0,10,4,3,2,0,18209,8,0.0,88,180,260,1802.7104569420037,0.0,0.0,6129127.0,1,81,11651,88,0,0,0,0.0,0.0,0.0,0,0,0,63,2.4056,8,1,0,1,0.0,0.875,0,0,0.0,0,0,0,0,1.4667,0.6,0,18209,81,88,11651,46390.82,17565.52,1635.0,65516.0,100.4992,6.689127389705883,24.012961930518728,576.631097886723,0.1448,100.4992,0.3922,10100.140082105,12.160277787532925,0.0,1.0,0.0,0.0,0.0,command_injection
60806,0,0,9,4,10,3,0,18209,8,0.0,248,1042,1468,1802.7104569420037,0.0,0.0,6129127.0,1,81,11651,88,0,0,0,0.0,0.0,0.0,0,0,0,63,2.4056,8,1,0,1,0.0,0.875,0,9,3.1699,0,0,0,1,4.1333,3.4733,1,18209,81,88,11651,46390.82,17565.52,1635.0,65516.0,100.4992,6.689127389705883,24.012961930518728,576.631097886723,0.1448,100.4992,0.3922,10100.140082105,12.160277787532925,0.0,1.0,0.0,0.0,0.0,command_injection
62897,0,0,9,4,10,3,0,18209,8,1.0,150,539,1268,1802.7104569420037,0.0,0.0,6129127.0,1,81,11651,88,0,0,0,0.0,0.0,0.0,0,0,0,63,3.7345,17,1,0,3,0.0,0.8235,0,16,3.625,0,0,0,1,2.5,1.7967,1,18209,81,88,11651,46390.82,17565.52,1635.0,65516.0,1.4427,6.689127389705883,24.012961930518728,576.631097886723,0.1448,100.4992,0.3922,10100.140082105,12.160277787532925,0.0,1.0,0.0,0.0,0.0,command_injection
55926,0,0,16,2,24,5,0,2,226,10036509.0,1,1,1,10036509.0,10036509.0,10036509.0,10036509.0,0,1,2,1,0,0,0,0.0,0.0,0.0,0,0,0,12,2.4056,8,1,0,1,0.0,0.875,0,0,0.0,0,0,0,0,0.0167,0.0033,0,2,1,1,2,54618.0,1849.79,53310.0,55926.0,0.1448,6.689127389705883,24.012961930518728,576.631097886723,0.1448,100.4992,0.3922,10100.140082105,12.160277787532925,0.0,0.0,0.0,0.0,1.0,command_injection
42474,0,0,7,1,24,1,0,18209,8,4.0,79,557,1029,1802.7104569420037,0.0,0.0,6129127.0,0,81,11651,88,0,0,0,0.0,0.0,0.0,0,0,0,63,2.4056,8,1,0,1,0.0,0.875,0,77,5.2197,0,0,0,1,1.3167,1.8567,1,18209,81,88,11651,46390.82,17565.52,1635.0,65516.0,0.6213,6.689127389705883,24.012961930518728,576.631097886723,0.1448,100.4992,0.3922,10100.140082105,12.160277787532925,0.0,1.0,0.0,0.0,0.0,command_injection
40001,0,0,16,2,18,1,0,1,227,999.0,1,1,1,0.0,0.0,0.0,0.0,0,1,1,1,0,0,0,0.0,0.0,0.0,0,0,0,12,2.4056,8,1,0,1,0.0,0.875,0,0,0.0,0,0,0,0,0.0167,0.0033,0,1,1,1,1,40001.0,0.0,40001.0,40001.0,0.1448,6.689127389705883,24.012961930518728,576.631097886723,0.1448,100.4992,0.3922,10100.140082105,12.160277787532925,0.0,0.0,0.0,0.0,1.0,command_injection
12150,0,0,23,3,29,6,0,50,178,0.0,2,2,2,8657.102040816326,0.0,0.0,233835.0,1,1,50,1,0,0,0,0.0,0.0,0.0,0,0,0,7,2.4056,8,1,0,1,0.0,0.875,0,54,4.572,0,0,0,1,0.0333,0.0067,1,50,1,1,50,37207.66,20145.77,2887.0,65410.0,100.4992,6.689127389705883,24.012961930518728,576.631097886723,0.1448,100.4992,0.3922,10100.140082105,12.160277787532925,0.0,0.0,0.0,0.0,1.0,command_injection
41579,0,0,16,2,25,10,0,1,227,999.0,1,1,1,0.0,0.0,0.0,0.0,0,1,1,1,0,0,0,0.0,0.0,0.0,0,0,0,12,2.4056,8,1,0,1,0.0,0.875,0,0,0.0,0,0,0,0,0.0167,0.0033,0,1,1,1,1,41579.0,0.0,41579.0,41579.0,0.1448,6.689127389705883,24.012961930518728,576.631097886723,0.1448,100.4992,0.3922,10100.140082105,12.160277787532925,0.0,0.0,0.0,0.0,1.0,command_injection
47608,0,0,20,4,1,9,0,9,219,2608471.0,1,1,1,2478739.875,2129855.5,175669.0,5533444.0,0,1,9,1,0,0,0,0.0,0.0,0.0,0,0,0,12,2.4056,8,1,0,1,0.0,0.875,0,0,0.0,0,0,0,0,0.0167,0.0033,0,9,1,1,9,40242.89,5766.38,33668.0,50240.0,0.1448,0.1448,0.0,0.0,0.1448,0.1448,0.1448,0.18870336,0.0,0.0,0.0,0.0,0.0,1.0,command_injection
51832,0,0,15,5,8,4,0,1,227,999.0,1,1,1,0.0,0.0,0.0,0.0,0,1,1,1,0,0,0,0.0,0.0,0.0,0,0,0,12,2.4056,8,1,0,1,0.0,0.875,0,0,0.0,0,0,0,0,0.0167,0.0033,0,1,1,1,1,51832.0,0.0,51832.0,51832.0,0.1448,6.689127389705883,24.012961930518728,576.631097886723,0.1448,100.4992,0.3922,10100.140082105,12.160277787532925,0.0,0.0,0.0,0.0,1.0,command_injection
47697,0,0,20,6,22,1,0,1,227,999.0,1,1,1,0.0,0.0,0.0,0.0,0,1,1,1,0,0,0,0.0,0.0,0.0,0,0,0,12,2.4056,8,1,0,1,0.0,0.875,0,0,0.0,0,0,0,0,0.0167,0.0033,0,1,1,1,1,47697.0,0.0,47697.0,47697.0,0.1448,6.689127389705883,24.012961930518728,576.631097886723,0.1448,100.4992,0.3922,10100.140082105,12.160277787532925,0.0,0.0,0.0,0.0,1.0,command_injection
50240,0,0,10,4,31,3,0,7,221,999.0,1,1,1,2754491.0,3337216.0,531443.0,4373855.0,0,1,7,1,0,0,0,0.0,0.0,0.0,0,0,0,12,2.4056,8,1,0,1,0.0,0.875,0,0,0.0,0,0,0,0,0.0167,0.0033,0,7,1,1,7,50860.0,5714.29,44008.0,58112.0,0.1448,6.689127389705883,24.012961930518728,576.631097886723,0.1448,100.4992,0.3922,10100.140082105,12.160277787532925,0.0,0.0,0.0,0.0,1.0,command_injection
36310,0,0,1,1,5,9,1,9,219,276763.0,1,1,1,2478739.875,2129855.5,175669.0,5533444.0,0,1,9,1,0,0,0,0.0,0.0,0.0,0,0,0,12,2.4056,8,1,0,1,0.0,0.875,0,0,0.0,0,0,0,0,0.0167,0.0033,0,9,1,1,9,40242.89,5766.38,33668.0,50240.0,0.1448,0.1448,0.0,0.0,0.1448,0.1448,0.1448,0.18870336,0.0,0.0,0.0,0.0,0.0,1.0,command_injection
43380,0,0,20,6,29,1,0,14,214,4.0,2,2,2,178917.53846153847,34201.0,1.0,1322644.0,0,1,14,1,0,0,0,0.0,0.0,0.0,0,0,0,7,2.4056,8,1,0,1,0.0,0.875,0,126,4.7608,0,0,0,1,0.0333,0.0067,1,14,1,1,14,45963.14,8130.65,33804.0,59900.0,0.6213,6.689127389705883,24.012961930518728,576.631097886723,0.1448,100.4992,0.3922,10100.140082105,12.160277787532925,0.0,0.0,0.0,0.0,1.0,command_injection
54083,0,0,10,4,3,2,0,18209,8,1.0,133,666,1262,1802.7104569420037,0.0,0.0,6129127.0,1,81,11651,88,0,0,0,0.0,0.0,0.0,0,0,0,63,2.4056,8,1,0,1,0.0,0.875,0,11,2.8454,0,0,0,1,2.2167,2.22,1,18209,81,88,11651,46390.82,17565.52,1635.0,65516.0,1.4427,6.689127389705883,24.012961930518728,576.631097886723,0.1448,100.4992,0.3922,10100.140082105,12.160277787532925,0.0,1.0,0.0,0.0,0.0,command_injection
53759,0,0,10,4,3,2,0,18209,8,1.0,103,689,975,1802.7104569420037,0.0,0.0,6129127.0,1,81,11651,88,0,0,0,0.0,0.0,0.0,0,0,0,63,2.4056,8,1,0,1,0.0,0.875,0,4,1.5,0,0,0,1,1.7167,2.2967,1,18209,81,88,11651,46390.82,17565.52,1635.0,65516.0,1.4427,6.689127389705883,24.012961930518728,576.631097886723,0.1448,100.4992,0.3922,10100.140082105,12.160277787532925,0.0,1.0,0.0,0.0,0.0,command_injection
51446,0,0,0,1,1,8,1,1,227,999.0,1,1,1,0.0,0.0,0.0,0.0,0,1,1,1,0,0,0,0.0,0.0,0.0,0,0,0,15,2.4056,8,1,0,1,0.0,0.875,0,0,0.0,0,0,0,0,0.0167,0.0033,0,1,1,1,1,51446.0,0.0,51446.0,51446.0,0.1448,6.689127389705883,24.012961930518728,576.631097886723,0.1448,100.4992,0.3922,10100.140082105,12.160277787532925,0.0,0.0,0.0,0.0,1.0,command_injection
43271,0,0,2,2,18,1,1,1,227,999.0,1,1,1,0.0,0.0,0.0,0.0,0,1,1,1,0,0,0,0.0,0.0,0.0,0,0,0,12,2.4056,8,1,0,1,0.0,0.875,0,0,0.0,0,0,0,0,0.0167,0.0033,0,1,1,1,1,43271.0,0.0,43271.0,43271.0,0.1448,6.689127389705883,24.012961930518728,576.631097886723,0.1448,100.4992,0.3922,10100.140082105,12.160277787532925,0.0,0.0,0.0,0.0,1.0,command_injection
34840,0,0,9,0,6,11,0,1,227,999.0,1,1,1,0.0,0.0,0.0,0.0,0,1,1,1,0,0,0,0.0,0.0,0.0,0,0,0,12,2.4056,8,1,0,1,0.0,0.875,0,0,0.0,0,0,0,0,0.0167,0.0033,0,1,1,1,1,34840.0,0.0,34840.0,34840.0,0.1448,6.689127389705883,24.012961930518728,576.631097886723,0.1448,100.4992,0.3922,10100.140082105,12.160277787532925,0.0,0.0,0.0,0.0,1.0,command_injection
53140,0,0,14,5,21,10,0,2,226,5978148.0,1,1,1,5978148.0,5978148.0,5978148.0,5978148.0,0,1,2,1,0,0,0,0.0,0.0,0.0,0,0,0,12,2.4056,8,1,0,1,0.0,0.875,0,0,0.0,0,0,0,0,0.0167,0.0033,0,2,1,1,2,43548.0,13565.14,33956.0,53140.0,0.1448,6.689127389705883,24.012961930518728,576.631097886723,0.1448,100.4992,0.3922,10100.140082105,12.160277787532925,0.0,0.0,0.0,0.0,1.0,command_injection
52489,0,0,10,4,3,2,0,18209,8,1.0,42,101,186,1802.7104569420037,0.0,0.0,6129127.0,1,81,11651,88,0,0,0,0.0,0.0,0.0,0,0,0,63,2.4056,8,1,0,1,0.0,0.875,0,57,4.4903,0,0,0,0,0.7,0.3367,0,18209,81,88,11651,46390.82,17565.52,1635.0,65516.0,1.4427,6.689127389705883,24.012961930518728,576.631097886723,0.1448,100.4992,0.3922,10100.140082105,12.160277787532925,0.0,1.0,0.0,0.0,0.0,command_injection
46590,0,0,21,4,20,1,0,1,227,999.0,1,1,1,0.0,0.0,0.0,0.0,0,1,1,1,0,0,0,0.0,0.0,0.0,0,0,0,12,2.4056,8,1,0,1,0.0,0.875,0,0,0.0,0,0,0,0,0.0167,0.0033,0,1,1,1,1,46590.0,0.0,46590.0,46590.0,0.1448,6.689127389705883,24.012961930518728,576.631097886723,0.1448,100.4992,0.3922,10100.140082105,12.160277787532925,0.0,0.0,0.0,0.0,1.0,command_injection
43405,0,0,17,2,25,10,0,1,227,999.0,1,1,1,0.0,0.0,0.0,0.0,0,1,1,1,0,0,0,0.0,0.0,0.0,0,0,0,12,2.4056,8,1,0,1,0.0,0.875,0,0,0.0,0,0,0,0,0.0167,0.0033,0,1,1,1,1,43405.0,0.0,43405.0,43405.0,0.1448,6.689127389705883,24.012961930518728,576.631097886723,0.1448,100.4992,0.3922,10100.140082105,12.160277787532925,0.0,0.0,0.0,0.0,1.0,command_injection
63883,0,0,9,4,10,3,0,18209,8,0.0,183,525,1204,1802.7104569420037,0.0,0.0,6129127.0,1,81,11651,88,0,0,0,0.0,0.0,0.0,0,0,0,63,2.4056,8,1,0,1,0.0,0.875,0,4,1.5,0,0,0,1,3.05,1.75,1,18209,81,88,11651,46390.82,17565.52,1635.0,65516.0,100.4992,6.689127389705883,24.012961930518728,576.631097886723,0.1448,100.4992,0.3922,10100.140082105,12.160277787532925,0.0,1.0,0.0,0.0,0.0,command_injection
63899,0,0,9,4,10,3,0,18209,8,0.0,200,541,1221,1802.7104569420037,0.0,0.0,6129127.0,1,81,11651,88,0,0,0,0.0,0.0,0.0,0,0,0,63,2.4056,8,1,0,1,0.0,0.875,0,4,1.5,0,0,0,1,3.3333,1.8033,1,18209,81,88,11651,46390.82,17565.52,1635.0,65516.0,100.4992,6.689127389705883,24.012961930518728,576.631097886723,0.1448,100.4992,0.3922,10100.140082105,12.160277787532925,0.0,1.0,0.0,0.0,0.0,command_injection
39474,0,0,22,6,19,2,0,8,220,209429.0,1,1,1,1340464.2857142857,267583.0,0.0,3921726.0,0,1,8,1,0,0,0,0.0,0.0,0.0,0,0,0,12,2.4056,8,1,0,1,0.0,0.875,0,0,0.0,0,0,0,0,0.0167,0.0033,0,8,1,1,8,44042.25,7854.84,33662.0,55910.0,0.1448,6.689127389705883,24.012961930518728,576.631097886723,0.1448,100.4992,0.3922,10100.140082105,12.160277787532925,0.0,0.0,0.0,0.0,1.0,command_injection
34090,0,0,14,4,17,2,0,1,227,999.0,1,1,1,0.0,0.0,0.0,0.0,0,1,1,1,0,0,0,0.0,0.0,0.0,0,0,0,12,2.4056,8,1,0,1,0.0,0.875,0,0,0.0,0,0,0,0,0.0167,0.0033,0,1,1,1,1,34090.0,0.0,34090.0,34090.0,0.1448,6.689127389705883,24.012961930518728,576.631097886723,0.1448,100.4992,0.3922,10100.140082105,12.160277787532925,0.0,0.0,0.0,0.0,1.0,command_injection
55910,0,0,20,0,15,5,0,8,220,3921726.0,1,1,1,1340464.2857142857,267583.0,0.0,3921726.0,0,1,8,1,0,0,0,0.0,0.0,0.0,0,0,0,12,2.4056,8,1,0,1,0.0,0.875,0,0,0.0,0,0,0,0,0.0167,0.0033,0,8,1,1,8,44042.25,7854.84,33662.0,55910.0,0.1448,6.689127389705883,24.012961930518728,576.631097886723,0.1448,100.4992,0.3922,10100.140082105,12.160277787532925,0.0,0.0,0.0,0.0,1.0,command_injection
52972,0,0,17,1,21,2,0,1,227,999.0,1,1,1,0.0,0.0,0.0,0.0,0,1,1,1,0,0,0,0.0,0.0,0.0,0,0,0,12,2.4056,8,1,0,1,0.0,0.875,0,0,0.0,0,0,0,0,0.0167,0.0033,0,1,1,1,1,52972.0,0.0,52972.0,52972.0,0.1448,6.689127389705883,24.012961930518728,576.631097886723,0.1448,100.4992,0.3922,10100.140082105,12.160277787532925,0.0,0.0,0.0,0.0,1.0,command_injection
54794,0,0,11,3,8,2,0,30,198,6000.0,1,1,1,24607.689655172413,1915.0,90.0,484568.0,0,1,29,4,0,0,0,0.0,0.0,0.0,0,0,0,127,2.4056,8,1,0,1,0.0,0.875,0,88,4.6199,0,0,0,1,0.0167,0.0033,1,30,1,4,29,43601.73,8037.04,32844.0,60668.0,0.1448,6.689127389705883,24.012961930518728,576.631097886723,0.1448,100.4992,0.3922,10100.140082105,12.160277787532925,0.0,1.0,0.0,0.0,0.0,command_injection
60488,0,0,5,5,13,5,1,1,227,999.0,1,1,1,0.0,0.0,0.0,0.0,0,1,1,1,0,0,0,0.0,0.0,0.0,0,0,0,12,2.4056,8,1,0,1,0.0,0.875,0,0,0.0,0,0,0,0,0.0167,0.0033,0,1,1,1,1,60488.0,0.0,60488.0,60488.0,0.1448,6.689127389705883,24.012961930518728,576.631097886723,0.1448,100.4992,0.3922,10100.140082105,12.160277787532925,0.0,0.0,0.0,0.0,1.0,command_injection
5973,0,0,7,4,24,2,0,1,227,999.0,1,1,1,0.0,0.0,0.0,0.0,0,1,1,1,0,0,0,0.0,0.0,0.0,0,0,0,12,2.4056,8,1,0,1,0.0,0.875,0,0,0.0,0,0,0,0,0.0167,0.0033,0,1,1,1,1,5973.0,0.0,5973.0,5973.0,0.1448,6.689127389705883,24.012961930518728,576.631097886723,0.1448,100.4992,0.3922,10100.140082105,12.160277787532925,0.0,0.0,0.0,0.0,1.0,command_injection
42420,0,0,7,1,24,1,0,18209,8,1.0,87,579,1027,1802.7104569420037,0.0,0.0,6129127.0,1,81,11651,88,0,0,0,0.0,0.0,0.0,0,0,0,63,2.4056,8,1,0,1,0.0,0.875,0,84,5.1631,0,0,0,1,1.45,1.93,1,18209,81,88,11651,46390.82,17565.52,1635.0,65516.0,1.4427,6.689127389705883,24.012961930518728,576.631097886723,0.1448,100.4992,0.3922,10100.140082105,12.160277787532925,0.0,1.0,0.0,0.0,0.0,command_injection
6872,0,0,2,4,31,3,1,1,227,999.0,1,1,1,0.0,0.0,0.0,0.0,0,1,1,1,0,0,0,0.0,0.0,0.0,0,0,0,12,2.4056,8,1,0,1,0.0,0.875,0,0,0.0,0,0,0,0,0.0167,0.0033,0,1,1,1,1,6872.0,0.0,6872.0,6872.0,0.1448,6.689127389705883,24.012961930518728,576.631097886723,0.1448,100.4992,0.3922,10100.140082105,12.160277787532925,0.0,0.0,0.0,0.0,1.0,command_injection
42370,0,0,6,1,4,7,0,1,227,999.0,1,1,1,0.0,0.0,0.0,0.0,0,1,1,1,0,0,0,0.0,0.0,0.0,0,0,0,12,2.4056,8,1,0,1,0.0,0.875,0,0,0.0,0,0,0,0,0.0167,0.0033,0,1,1,1,1,42370.0,0.0,42370.0,42370.0,0.1448,6.689127389705883,24.012961930518728,576.631097886723,0.1448,100.4992,0.3922,10100.140082105,12.160277787532925,0.0,0.0,0.0,0.0,1.0,command_injection
37859,0,0,21,2,1,11,0,1,227,999.0,1,1,1,0.0,0.0,0.0,0.0,0,1,1,1,0,0,0,0.0,0.0,0.0,0,0,0,12,2.4056,8,1,0,1,0.0,0.875,0,0,0.0,0,0,0,0,0.0167,0.0033,0,1,1,1,1,37859.0,0.0,37859.0,37859.0,0.1448,6.689127389705883,24.012961930518728,576.631097886723,0.1448,100.4992,0.3922,10100.140082105,12.160277787532925,0.0,0.0,0.0,0.0,1.0,command_injection
52940,0,0,11,0,30,1,0,18209,8,0.0,38,416,1044,1802.7104569420037,0.0,0.0,6129127.0,1,81,11651,88,0,0,0,0.0,0.0,0.0,0,0,0,63,2.4056,8,1,0,1,0.0,0.875,0,77,5.2295,0,0,0,1,0.6333,1.3867,1,18209,81,88,11651,46390.82,17565.52,1635.0,65516.0,100.4992,6.689127389705883,24.012961930518728,576.631097886723,0.1448,100.4992,0.3922,10100.140082105,12.160277787532925,0.0,1.0,0.0,0.0,0.0,command_injection
65410,0,0,7,5,1,7,0,50,178,91546.0,1,1,1,8657.102040816326,0.0,0.0,233835.0,0,1,50,1,0,0,0,0.0,0.0,0.0,0,0,0,7,2.4056,8,1,0,1,0.0,0.875,0,54,4.572,0,0,0,1,0.0167,0.0033,1,50,1,1,50,37207.66,20145.77,2887.0,65410.0,0.1448,6.689127389705883,24.012961930518728,576.631097886723,0.1448,100.4992,0.3922,10100.140082105,12.160277787532925,0.0,0.0,0.0,0.0,1.0,command_injection
37653,0,0,18,2,12,4,0,1,227,999.0,1,1,1,0.0,0.0,0.0,0.0,0,1,1,1,0,0,0,0.0,0.0,0.0,0,0,0,12,2.4056,8,1,0,1,0.0,0.875,0,0,0.0,0,0,0,0,0.0167,0.0033,0,1,1,1,1,37653.0,0.0,37653.0,37653.0,0.1448,6.689127389705883,24.012961930518728,576.631097886723,0.1448,100.4992,0.3922,10100.140082105,12.160277787532925,0.0,0.0,0.0,0.0,1.0,command_injection
49964,0,0,23,6,14,1,0,3,225,16929004.0,1,1,1,9879327.5,9879327.5,2829651.0,16929004.0,0,1,3,2,0,0,0,0.0,0.0,0.0,0,0,0,12,2.4056,8,1,0,1,0.0,0.875,0,0,0.0,0,0,0,0,0.0167,0.0033,0,3,1,2,3,42274.67,6786.4,37122.0,49964.0,0.1448,6.689127389705883,24.012961930518728,576.631097886723,0.1448,100.4992,0.3922,10100.140082105,12.160277787532925,0.0,0.0,0.0,0.0,1.0,command_injection
43503,0,0,11,5,4,2,0,1,227,999.0,1,1,1,0.0,0.0,0.0,0.0,0,1,1,1,0,0,0,0.0,0.0,0.0,0,0,0,12,2.4056,8,1,0,1,0.0,0.875,0,0,0.0,0,0,0,0,0.0167,0.0033,0,1,1,1,1,43503.0,0.0,43503.0,43503.0,0.1448,6.689127389705883,24.012961930518728,576.631097886723,0.1448,100.4992,0.3922,10100.140082105,12.160277787532925,0.0,0.0,0.0,0.0,1.0,command_injection
57155,0,0,19,1,7,11,0,1,227,999.0,1,1,1,0.0,0.0,0.0,0.0,0,1,1,1,0,0,0,0.0,0.0,0.0,0,0,0,12,2.4056,8,1,0,1,0.0,0.875,0,0,0.0,0,0,0,0,0.0167,0.0033,0,1,1,1,1,57155.0,0.0,57155.0,57155.0,0.1448,6.689127389705883,24.012961930518728,576.631097886723,0.1448,100.4992,0.3922,10100.140082105,12.160277787532925,0.0,0.0,0.0,0.0,1.0,command_injection
44321,0,0,9,6,5,2,0,1,227,999.0,1,1,1,0.0,0.0,0.0,0.0,0,1,1,1,0,0,0,0.0,0.0,0.0,0,0,0,12,2.4056,8,1,0,1,0.0,0.875,0,0,0.0,0,0,0,0,0.0167,0.0033,0,1,1,1,1,44321.0,0.0,44321.0,44321.0,0.1448,6.689127389705883,24.012961930518728,576.631097886723,0.1448,100.4992,0.3922,10100.140082105,12.160277787532925,0.0,0.0,0.0,0.0,1.0,command_injection
59626,0,0,4,6,12,2,1,1,227,999.0,1,1,1,0.0,0.0,0.0,0.0,0,1,1,1,0,0,0,0.0,0.0,0.0,0,0,0,12,2.4056,8,1,0,1,0.0,0.875,0,0,0.0,0,0,0,0,0.0167,0.0033,0,1,1,1,1,59626.0,0.0,59626.0,59626.0,0.1448,6.689127389705883,24.012961930518728,576.631097886723,0.1448,100.4992,0.3922,10100.140082105,12.160277787532925,0.0,0.0,0.0,0.0,1.0,command_injection
35808,0,0,11,5,10,2,0,30,198,894.0,1,1,1,24607.689655172413,1915.0,90.0,484568.0,0,1,29,4,0,0,0,0.0,0.0,0.0,0,0,0,127,2.4056,8,1,0,1,0.0,0.875,0,88,4.6199,0,0,0,1,0.0167,0.0033,1,30,1,4,29,43601.73,8037.04,32844.0,60668.0,0.1471,6.689127389705883,24.012961930518728,576.631097886723,0.1448,100.4992,0.3922,10100.140082105,12.160277787532925,0.0,1.0,0.0,0.0,0.0,command_injection
33213,0,0,1,5,8,7,1,1,227,999.0,1,1,1,0.0,0.0,0.0,0.0,0,1,1,1,0,0,0,0.0,0.0,0.0,0,0,0,17,2.4056,8,1,0,1,0.0,0.875,0,0,0.0,0,0,0,0,0.0167,0.0033,0,1,1,1,1,33213.0,0.0,33213.0,33213.0,0.1448,6.689127389705883,24.012961930518728,576.631097886723,0.1448,100.4992,0.3922,10100.140082105,12.160277787532925,0.0,0.0,0.0,0.0,1.0,command_injection
58758,0,0,23,3,29,6,0,50,178,0.0,17,17,17,8657.102040816326,0.0,0.0,233835.0,1,1,50,1,0,0,0,0.0,0.0,0.0,0,0,0,7,2.4056,8,1,0,1,0.0,0.875,0,54,4.572,0,0,0,1,0.2833,0.0567,1,50,1,1,50,37207.66,20145.77,2887.0,65410.0,100.4992,6.689127389705883,24.012961930518728,576.631097886723,0.1448,100.4992,0.3922,10100.140082105,12.160277787532925,0.0,0.0,0.0,0.0,1.0,command_injection
63091,0,0,9,4,10,3,0,18209,8,1.0,269,671,1365,1802.7104569420037,0.0,0.0,6129127.0,1,81,11651,88,0,0,0,0.0,0.0,0.0,0,0,0,63,2.4056,8,1,0,1,0.0,0.875,0,6,1.7925,0,0,0,1,4.4833,2.2367,1,18209,81,88,11651,46390.82,17565.52,1635.0,65516.0,1.4427,6.689127389705883,24.012961930518728,576.631097886723,0.1448,100.4992,0.3922,10100.140082105,12.160277787532925,0.0,1.0,0.0,0.0,0.0,command_injection
56460,0,0,16,2,1,2,0,12,216,8.0,4,4,4,154984.0909090909,6317.0,0.0,929828.0,0,1,12,2,0,0,0,0.0,0.0,0.0,0,0,0,7,2.4056,8,1,0,1,0.0,0.875,0,126,4.7608,0,0,0,1,0.0667,0.0133,1,12,1,2,12,48155.67,10555.99,33510.0,60670.0,0.4551,6.689127389705883,24.012961930518728,576.631097886723,0.1448,100.4992,0.3922,10100.140082105,12.160277787532925,0.0,0.0,0.0,0.0,1.0,command_injection
38848,0,0,3,4,31,3,1,9,219,4533556.0,1,1,1,2478739.875,2129855.5,175669.0,5533444.0,0,1,9,1,0,0,0,0.0,0.0,0.0,0,0,0,12,2.4056,8,1,0,1,0.0,0.875,0,0,0.0,0,0,0,0,0.0167,0.0033,0,9,1,1,9,40242.89,5766.38,33668.0,50240.0,0.1448,0.1448,0.0,0.0,0.1448,0.1448,0.1448,0.18870336,0.0,0.0,0.0,0.0,0.0,1.0,command_injection
63420,0,0,9,4,10,3,0,18209,8,1.0,48,645,1219,1802.7104569420037,0.0,0.0,6129127.0,1,81,11651,88,0,0,0,0.0,0.0,0.0,0,0,0,63,2.4056,8,1,0,1,0.0,0.875,0,23,4.056,0,0,0,0,0.8,2.15,0,18209,81,88,11651,46390.82,17565.52,1635.0,65516.0,1.4427,6.689127389705883,24.012961930518728,576.631097886723,0.1448,100.4992,0.3922,10100.140082105,12.160277787532925,0.0,1.0,0.0,0.0,0.0,command_injection
33816,0,0,4,6,2,4,1,1,227,999.0,1,1,1,0.0,0.0,0.0,0.0,0,1,1,1,0,0,0,0.0,0.0,0.0,0,0,0,12,2.4056,8,1,0,1,0.0,0.875,0,0,0.0,0,0,0,0,0.0167,0.0033,0,1,1,1,1,33816.0,0.0,33816.0,33816.0,0.1448,6.689127389705883,24.012961930518728,576.631097886723,0.1448,100.4992,0.3922,10100.140082105,12.160277787532925,0.0,0.0,0.0,0.0,1.0,command_injection
33868,0,0,13,5,21,1,0,18,210,29.0,4,4,4,116859.9411764706,8636.0,0.0,1046961.0,0,1,18,6,0,0,0,0.0,0.0,0.0,0,0,0,12,2.4056,8,1,0,1,0.0,0.875,0,0,0.0,0,0,0,0,0.0667,0.0133,0,18,1,6,18,45197.78,9421.78,33868.0,60886.0,0.294,6.689127389705883,24.012961930518728,576.631097886723,0.1448,100.4992,0.3922,10100.140082105,12.160277787532925,0.0,0.0,0.0,0.0,1.0,command_injection
4698,0,0,22,0,3,4,0,1,227,999.0,1,1,1,0.0,0.0,0.0,0.0,0,1,1,1,0,0,0,0.0,0.0,0.0,0,0,0,12,2.4056,8,1,0,1,0.0,0.875,0,0,0.0,0,0,0,0,0.0167,0.0033,0,1,1,1,1,4698.0,0.0,4698.0,4698.0,0.1448,6.689127389705883,24.012961930518728,576.631097886723,0.1448,100.4992,0.3922,10100.140082105,12.160277787532925,0.0,0.0,0.0,0.0,1.0,command_injection
54776,0,0,12,5,28,1,0,3,225,999.0,1,1,1,4667442.5,4667442.5,3452543.0,5882342.0,0,1,3,1,0,0,0,0.0,0.0,0.0,0,0,0,12,2.4056,8,1,0,1,0.0,0.875,0,0,0.0,0,0,0,0,0.0167,0.0033,0,3,1,1,3,51044.67,11132.32,38526.0,59832.0,0.1448,6.689127389705883,24.012961930518728,576.631097886723,0.1448,100.4992,0.3922,10100.140082105,12.160277787532925,0.0,0.0,0.0,0.0,1.0,command_injection
52634,0,0,21,3,26,1,0,1,227,999.0,1,1,1,0.0,0.0,0.0,0.0,0,1,1,1,0,0,0,0.0,0.0,0.0,0,0,0,12,2.4056,8,1,0,1,0.0,0.875,0,0,0.0,0,0,0,0,0.0167,0.0033,0,1,1,1,1,52634.0,0.0,52634.0,52634.0,0.1448,6.689127389705883,24.012961930518728,576.631097886723,0.1448,100.4992,0.3922,10100.140082105,12.160277787532925,0.0,0.0,0.0,0.0,1.0,command_injection
21011,0,0,8,0,8,5,0,1,227,999.0,1,1,1,0.0,0.0,0.0,0.0,0,1,1,1,0,0,0,0.0,0.0,0.0,0,0,0,12,2.4056,8,1,0,1,0.0,0.875,0,0,0.0,0,0,0,0,0.0167,0.0033,0,1,1,1,1,21011.0,0.0,21011.0,21011.0,0.1448,6.689127389705883,24.012961930518728,576.631097886723,0.1448,100.4992,0.3922,10100.140082105,12.160277787532925,0.0,0.0,0.0,0.0,1.0,command_injection
47156,0,0,21,2,5,4,0,1,227,999.0,1,1,1,0.0,0.0,0.0,0.0,0,1,1,1,0,0,0,0.0,0.0,0.0,0,0,0,12,2.4056,8,1,0,1,0.0,0.875,0,0,0.0,0,0,0,0,0.0167,0.0033,0,1,1,1,1,47156.0,0.0,47156.0,47156.0,0.1448,6.689127389705883,24.012961930518728,576.631097886723,0.1448,100.4992,0.3922,10100.140082105,12.160277787532925,0.0,0.0,0.0,0.0,1.0,command_injection
40923,0,0,19,3,30,3,0,1,227,999.0,1,1,1,0.0,0.0,0.0,0.0,0,1,1,1,0,0,0,0.0,0.0,0.0,0,0,0,12,2.4056,8,1,0,1,0.0,0.875,0,0,0.0,0,0,0,0,0.0167,0.0033,0,1,1,1,1,40923.0,0.0,40923.0,40923.0,0.1448,6.689127389705883,24.012961930518728,576.631097886723,0.1448,100.4992,0.3922,10100.140082105,12.160277787532925,0.0,0.0,0.0,0.0,1.0,command_injection
54083,0,0,10,4,3,2,0,18209,8,1.0,134,664,1257,1802.7104569420037,0.0,0.0,6129127.0,1,81,11651,88,0,0,0,0.0,0.0,0.0,0,0,0,63,2.4056,8,1,0,1,0.0,0.875,0,5,2.3219,0,0,0,1,2.2333,2.2133,1,18209,81,88,11651,46390.82,17565.52,1635.0,65516.0,1.4427,6.689127389705883,24.012961930518728,576.631097886723,0.1448,100.4992,0.3922,10100.140082105,12.160277787532925,0.0,1.0,0.0,0.0,0.0,command_injection
48967,0,0,23,3,29,6,0,50,178,0.0,6,6,6,8657.102040816326,0.0,0.0,233835.0,1,1,50,1,0,0,0,0.0,0.0,0.0,0,0,0,7,2.4056,8,1,0,1,0.0,0.875,0,54,4.572,0,0,0,1,0.1,0.02,1,50,1,1,50,37207.66,20145.77,2887.0,65410.0,100.4992,6.689127389705883,24.012961930518728,576.631097886723,0.1448,100.4992,0.3922,10100.140082105,12.160277787532925,0.0,0.0,0.0,0.0,1.0,command_injection
63888,0,0,9,4,10,3,0,18209,8,1.0,190,531,1211,1802.7104569420037,0.0,0.0,6129127.0,1,81,11651,88,0,0,0,0.0,0.0,0.0,0,0,0,63,2.4056,8,1,0,1,0.0,0.875,0,4,1.5,0,0,0,1,3.1667,1.77,1,18209,81,88,11651,46390.82,17565.52,1635.0,65516.0,1.4427,6.689127389705883,24.012961930518728,576.631097886723,0.1448,100.4992,0.3922,10100.140082105,12.160277787532925,0.0,1.0,0.0,0.0,0.0,command_injection
49036,0,0,22,6,22,1,0,2,226,999.0,1,1,1,5657252.0,5657252.0,5657252.0,5657252.0,0,1,2,1,0,0,0,0.0,0.0,0.0,0,0,0,12,2.4056,8,1,0,1,0.0,0.875,0,0,0.0,0,0,0,0,0.0167,0.0033,0,2,1,1,2,48692.0,486.49,48348.0,49036.0,0.1448,6.689127389705883,24.012961930518728,576.631097886723,0.1448,100.4992,0.3922,10100.140082105,12.160277787532925,0.0,0.0,0.0,0.0,1.0,command_injection
62486,0,0,9,4,10,3,0,18209,8,0.0,152,605,1318,1802.7104569420037,0.0,0.0,6129127.0,1,81,11651,88,0,0,0,0.0,0.0,0.0,0,0,0,63,2.4056,8,1,0,1,0.0,0.875,0,57,4.4903,0,0,0,0,2.5333,2.0167,0,18209,81,88,11651,46390.82,17565.52,1635.0,65516.0,100.4992,6.689127389705883,24.012961930518728,576.631097886723,0.1448,100.4992,0.3922,10100.140082105,12.160277787532925,0.0,1.0,0.0,0.0,0.0,command_injection
63479,0,0,9,4,10,3,0,18209,8,0.0,76,653,1212,1802.7104569420037,0.0,0.0,6129127.0,1,81,11651,88,0,0,0,0.0,0.0,0.0,0,0,0,63,2.4056,8,1,0,1,0.0,0.875,0,3,1.585,0,0,0,1,1.2667,2.1767,1,18209,81,88,11651,46390.82,17565.52,1635.0,65516.0,100.4992,6.689127389705883,24.012961930518728,576.631097886723,0.1448,100.4992,0.3922,10100.140082105,12.160277787532925,0.0,1.0,0.0,0.0,0.0,command_injection
64687,0,0,7,5,1,7,0,50,178,0.0,5,5,5,8657.102040816326,0.0,0.0,233835.0,1,1,50,1,0,0,0,0.0,0.0,0.0,0,0,0,7,2.4056,8,1,0,1,0.0,0.875,0,54,4.572,0,0,0,1,0.0833,0.0167,1,50,1,1,50,37207.66,20145.77,2887.0,65410.0,100.4992,6.689127389705883,24.012961930518728,576.631097886723,0.1448,100.4992,0.3922,10100.140082105,12.160277787532925,0.0,0.0,0.0,0.0,1.0,command_injection
43956,0,0,20,0,15,5,0,5,223,9272630.0,1,1,1,5360019.75,4670110.0,3.0,12099856.0,0,1,5,1,0,0,0,0.0,0.0,0.0,0,0,0,12,2.4056,8,1,0,1,0.0,0.875,0,0,0.0,0,0,0,0,0.0167,0.0033,0,5,1,1,5,51342.4,9116.85,40742.0,60464.0,0.1448,6.689127389705883,24.012961930518728,576.631097886723,0.1448,100.4992,0.3922,10100.140082105,12.160277787532925,0.0,0.0,0.0,0.0,1.0,command_injection
56560,0,0,4,3,18,5,1,3,225,4258127.0,1,1,1,3769353.5,3769353.5,3280580.0,4258127.0,0,1,3,1,0,0,0,0.0,0.0,0.0,0,0,0,12,2.4056,8,1,0,1,0.0,0.875,0,0,0.0,0,0,0,0,0.0167,0.0033,0,3,1,1,3,48243.33,7209.86,43758.0,56560.0,0.1448,6.689127389705883,24.012961930518728,576.631097886723,0.1448,100.4992,0.3922,10100.140082105,12.160277787532925,0.0,0.0,0.0,0.0,1.0,command_injection
50240,0,0,5,5,13,5,1,9,219,3546166.0,1,1,1,2478739.875,2129855.5,175669.0,5533444.0,0,1,9,1,0,0,0,0.0,0.0,0.0,0,0,0,12,2.4056,8,1,0,1,0.0,0.875,0,0,0.0,0,0,0,0,0.0167,0.0033,0,9,1,1,9,40242.89,5766.38,33668.0,50240.0,0.1448,0.1448,0.0,0.0,0.1448,0.1448,0.1448,0.18870336,0.0,0.0,0.0,0.0,0.0,1.0,command_injection
52935,0,0,8,1,31,10,0,1,227,999.0,1,1,1,0.0,0.0,0.0,0.0,0,1,1,1,0,0,0,0.0,0.0,0.0,0,0,0,12,2.4056,8,1,0,1,0.0,0.875,0,0,0.0,0,0,0,0,0.0167,0.0033,0,1,1,1,1,52935.0,0.0,52935.0,52935.0,0.1448,6.689127389705883,24.012961930518728,576.631097886723,0.1448,100.4992,0.3922,10100.140082105,12.160277787532925,0.0,0.0,0.0,0.0,1.0,command_injection
50556,0,0,2,1,21,2,1,1,227,999.0,1,1,1,0.0,0.0,0.0,0.0,0,1,1,1,0,0,0,0.0,0.0,0.0,0,0,0,12,2.4056,8,1,0,1,0.0,0.875,0,0,0.0,0,0,0,0,0.0167,0.0033,0,1,1,1,1,50556.0,0.0,50556.0,50556.0,0.1448,6.689127389705883,24.012961930518728,576.631097886723,0.1448,100.4992,0.3922,10100.140082105,12.160277787532925,0.0,0.0,0.0,0.0,1.0,command_injection
40335,0,0,18,1,10,1,0,4119,22,1.0,248,1196,2359,2.040067994171928,0.0,0.0,3807.0,1,59,83,3631,0,0,0,0.0,0.0,0.0,0,1,1,56,2.4056,8,1,0,1,0.0,0.875,0,33,3.5818,0,0,0,1,4.1333,3.9867,1,4119,59,3631,83,24531.98,10083.29,19648.0,58172.0,1.4427,6.689127389705883,24.012961930518728,576.631097886723,0.1448,100.4992,0.3922,10100.140082105,12.160277787532925,0.0,0.0,1.0,0.0,0.0,command_injection
59011,0,0,1,0,27,3,1,1,227,999.0,1,1,1,0.0,0.0,0.0,0.0,0,1,1,1,0,0,0,0.0,0.0,0.0,0,0,0,12,2.4056,8,1,0,1,0.0,0.875,0,0,0.0,0,0,0,0,0.0167,0.0033,0,1,1,1,1,59011.0,0.0,59011.0,59011.0,0.1448,6.689127389705883,24.012961930518728,576.631097886723,0.1448,100.4992,0.3922,10100.140082105,12.160277787532925,0.0,0.0,0.0,0.0,1.0,command_injection
33156,0,0,22,4,27,1,0,10,218,9445.0,1,1,1,45838.0,2640.0,3.0,380114.0,0,1,10,1,0,0,0,0.0,0.0,0.0,0,1,0,22,2.4056,8,1,0,1,0.0,0.875,0,111,4.6697,0,0,0,1,0.0167,0.0033,1,10,1,1,10,43820.2,7982.39,33156.0,55800.0,0.1448,6.689127389705883,24.012961930518728,576.631097886723,0.1448,100.4992,0.3922,10100.140082105,12.160277787532925,0.0,0.0,0.0,1.0,0.0,command_injection
56608,0,0,10,1,21,3,0,1,227,999.0,1,1,1,0.0,0.0,0.0,0.0,0,1,1,1,0,0,0,0.0,0.0,0.0,0,0,0,12,2.4056,8,1,0,1,0.0,0.875,0,0,0.0,0,0,0,0,0.0167,0.0033,0,1,1,1,1,56608.0,0.0,56608.0,56608.0,0.1448,6.689127389705883,24.012961930518728,576.631097886723,0.1448,100.4992,0.3922,10100.140082105,12.160277787532925,0.0,0.0,0.0,0.0,1.0,command_injection
63420,0,0,9,4,10,3,0,18209,8,1.0,47,646,1217,1802.7104569420037,0.0,0.0,6129127.0,1,81,11651,88,0,0,0,0.0,0.0,0.0,0,0,0,63,2.4056,8,1,0,1,0.0,0.875,0,23,4.056,0,0,0,0,0.7833,2.1533,0,18209,81,88,11651,46390.82,17565.52,1635.0,65516.0,1.4427,6.689127389705883,24.012961930518728,576.631097886723,0.1448,100.4992,0.3922,10100.140082105,12.160277787532925,0.0,1.0,0.0,0.0,0.0,command_injection
45434,0,0,1,1,5,9,1,1,227,999.0,1,1,1,0.0,0.0,0.0,0.0,0,1,1,1,0,0,0,0.0,0.0,0.0,0,0,0,12,2.4056,8,1,0,1,0.0,0.875,0,0,0.0,0,0,0,0,0.0167,0.0033,0,1,1,1,1,45434.0,0.0,45434.0,45434.0,0.1448,6.689127389705883,24.012961930518728,576.631097886723,0.1448,100.4992,0.3922,10100.140082105,12.160277787532925,0.0,0.0,0.0,0.0,1.0,command_injection
64149,0,0,9,4,10,3,0,18209,8,1.0,115,611,1266,1802.7104569420037,0.0,0.0,6129127.0,1,81,11651,88,0,0,0,0.0,0.0,0.0,0,0,0,63,2.4056,8,1,0,1,0.0,0.875,0,5,2.3219,0,0,0,1,1.9167,2.0367,1,18209,81,88,11651,46390.82,17565.52,1635.0,65516.0,1.4427,6.689127389705883,24.012961930518728,576.631097886723,0.1448,100.4992,0.3922,10100.140082105,12.160277787532925,0.0,1.0,0.0,0.0,0.0,command_injection
48872,0,0,23,3,29,6,0,50,178,0.0,7,7,7,8657.102040816326,0.0,0.0,233835.0,1,1,50,1,0,0,0,0.0,0.0,0.0,0,0,0,7,2.4056,8,1,0,1,0.0,0.875,0,54,4.572,0,0,0,1,0.1167,0.0233,1,50,1,1,50,37207.66,20145.77,2887.0,65410.0,100.4992,6.689127389705883,24.012961930518728,576.631097886723,0.1448,100.4992,0.3922,10100.140082105,12.160277787532925,0.0,0.0,0.0,0.0,1.0,command_injection
5205,0,0,23,3,29,6,0,50,178,0.0,3,3,3,8657.102040816326,0.0,0.0,233835.0,1,1,50,1,0,0,0,0.0,0.0,0.0,0,0,0,7,2.4056,8,1,0,1,0.0,0.875,0,54,4.572,0,0,0,1,0.05,0.01,1,50,1,1,50,37207.66,20145.77,2887.0,65410.0,100.4992,6.689127389705883,24.012961930518728,576.631097886723,0.1448,100.4992,0.3922,10100.140082105,12.160277787532925,0.0,0.0,0.0,0.0,1.0,command_injection
64185,0,0,9,4,10,3,0,18209,8,0.0,135,645,1272,1802.7104569420037,0.0,0.0,6129127.0,1,81,11651,88,0,0,0,0.0,0.0,0.0,0,0,0,63,2.4056,8,1,0,1,0.0,0.875,0,4,1.5,0,0,0,1,2.25,2.15,1,18209,81,88,11651,46390.82,17565.52,1635.0,65516.0,100.4992,6.689127389705883,24.012961930518728,576.631097886723,0.1448,100.4992,0.3922,10100.140082105,12.160277787532925,0.0,1.0,0.0,0.0,0.0,command_injection
62613,0,0,9,4,10,3,0,18209,8,1.0,90,561,1171,1802.7104569420037,0.0,0.0,6129127.0,1,81,11651,88,0,0,0,0.0,0.0,0.0,0,0,0,63,2.4056,8,1,0,1,0.0,0.875,0,0,0.0,0,0,0,0,1.5,1.87,0,18209,81,88,11651,46390.82,17565.52,1635.0,65516.0,1.4427,6.689127389705883,24.012961930518728,576.631097886723,0.1448,100.4992,0.3922,10100.140082105,12.160277787532925,0.0,1.0,0.0,0.0,0.0,command_injection
47354,0,0,13,2,5,4,0,1,227,999.0,1,1,1,0.0,0.0,0.0,0.0,0,1,1,1,0,0,0,0.0,0.0,0.0,0,0,0,12,2.4056,8,1,0,1,0.0,0.875,0,0,0.0,0,0,0,0,0.0167,0.0033,0,1,1,1,1,47354.0,0.0,47354.0,47354.0,0.1448,6.689127389705883,24.012961930518728,576.631097886723,0.1448,100.4992,0.3922,10100.140082105,12.160277787532925,0.0,0.0,0.0,0.0,1.0,command_injection
46255,0,0,21,1,4,7,0,50,178,0.0,4,4,4,8657.102040816326,0.0,0.0,233835.0,1,1,50,1,0,0,0,0.0,0.0,0.0,0,0,0,7,2.4056,8,1,0,1,0.0,0.875,0,54,4.572,0,0,0,1,0.0667,0.0133,1,50,1,1,50,37207.66,20145.77,2887.0,65410.0,100.4992,6.689127389705883,24.012961930518728,576.631097886723,0.1448,100.4992,0.3922,10100.140082105,12.160277787532925,0.0,0.0,0.0,0.0,1.0,command_injection
41996,0,0,13,3,2,2,0,41,187,0.0,14,14,14,0.3,0.0,0.0,1.0,1,1,41,2,0,0,0,0.0,0.0,0.0,0,0,0,127,2.4056,8,1,0,1,0.0,0.875,0,27,3.708,0,0,0,1,0.2333,0.0467,1,41,1,2,41,42095.93,179.6,41768.0,42387.0,100.4992,6.689127389705883,24.012961930518728,576.631097886723,0.1448,100.4992,0.3922,10100.140082105,12.160277787532925,0.0,1.0,0.0,0.0,0.0,command_injection
38936,0,0,22,4,31,3,0,1,227,999.0,1,1,1,0.0,0.0,0.0,0.0,0,1,1,1,0,0,0,0.0,0.0,0.0,0,0,0,12,2.4056,8,1,0,1,0.0,0.875,0,0,0.0,0,0,0,0,0.0167,0.0033,0,1,1,1,1,38936.0,0.0,38936.0,38936.0,0.1448,6.689127389705883,24.012961930518728,576.631097886723,0.1448,100.4992,0.3922,10100.140082105,12.160277787532925,0.0,0.0,0.0,0.0,1.0,command_injection
40970,0,0,19,0,7,8,0,5,223,166336.0,1,1,1,4079887.25,3835160.0,166336.0,8482893.0,0,1,5,1,0,0,0,0.0,0.0,0.0,0,0,0,12,2.4056,8,1,0,1,0.0,0.875,0,0,0.0,0,0,0,0,0.0167,0.0033,0,5,1,1,5,45414.0,8901.02,35846.0,59264.0,0.1448,6.689127389705883,24.012961930518728,576.631097886723,0.1448,100.4992,0.3922,10100.140082105,12.160277787532925,0.0,0.0,0.0,0.0,1.0,command_injection
58712,0,0,11,5,15,4,0,1,227,999.0,1,1,1,0.0,0.0,0.0,0.0,0,1,1,1,0,0,0,0.0,0.0,0.0,0,0,0,12,2.4056,8,1,0,1,0.0,0.875,0,0,0.0,0,0,0,0,0.0167,0.0033,0,1,1,1,1,58712.0,0.0,58712.0,58712.0,0.1448,6.689127389705883,24.012961930518728,576.631097886723,0.1448,100.4992,0.3922,10100.140082105,12.160277787532925,0.0,0.0,0.0,0.0,1.0,command_injection
36589,0,0,4,2,5,4,1,1,227,999.0,1,1,1,0.0,0.0,0.0,0.0,0,1,1,1,0,0,0,0.0,0.0,0.0,0,0,0,12,2.4056,8,1,0,1,0.0,0.875,0,0,0.0,0,0,0,0,0.0167,0.0033,0,1,1,1,1,36589.0,0.0,36589.0,36589.0,0.1448,6.689127389705883,24.012961930518728,576.631097886723,0.1448,100.4992,0.3922,10100.140082105,12.160277787532925,0.0,0.0,0.0,0.0,1.0,command_injection
38028,0,0,10,5,10,2,0,30,198,9622.0,1,1,1,24607.689655172413,1915.0,90.0,484568.0,0,1,29,4,0,0,0,0.0,0.0,0.0,0,0,0,127,2.4056,8,1,0,1,0.0,0.875,0,88,4.6199,0,0,0,1,0.0167,0.0033,1,30,1,4,29,43601.73,8037.04,32844.0,60668.0,0.1448,6.689127389705883,24.012961930518728,576.631097886723,0.1448,100.4992,0.3922,10100.140082105,12.160277787532925,0.0,1.0,0.0,0.0,0.0,command_injection
38508,0,0,3,4,31,3,1,1,227,999.0,1,1,1,0.0,0.0,0.0,0.0,0,1,1,1,0,0,0,0.0,0.0,0.0,0,0,0,12,2.4056,8,1,0,1,0.0,0.875,0,0,0.0,0,0,0,0,0.0167,0.0033,0,1,1,1,1,38508.0,0.0,38508.0,38508.0,0.1448,6.689127389705883,24.012961930518728,576.631097886723,0.1448,100.4992,0.3922,10100.140082105,12.160277787532925,0.0,0.0,0.0,0.0,1.0,command_injection
42834,0,0,19,5,21,10,0,2,226,5.0,2,2,2,5.0,5.0,5.0,5.0,0,1,2,1,0,0,0,0.0,0.0,0.0,0,0,0,12,2.4056,8,1,0,1,0.0,0.875,0,0,0.0,0,0,0,0,0.0333,0.0067,0,2,1,1,2,42827.0,9.9,42820.0,42834.0,0.5581,6.689127389705883,24.012961930518728,576.631097886723,0.1448,100.4992,0.3922,10100.140082105,12.160277787532925,0.0,0.0,0.0,0.0,1.0,command_injection
39281,0,0,1,2,18,1,1,1,227,999.0,1,1,1,0.0,0.0,0.0,0.0,0,1,1,1,0,0,0,0.0,0.0,0.0,0,0,0,12,2.4056,8,1,0,1,0.0,0.875,0,0,0.0,0,0,0,0,0.0167,0.0033,0,1,1,1,1,39281.0,0.0,39281.0,39281.0,0.1448,6.689127389705883,24.012961930518728,576.631097886723,0.1448,100.4992,0.3922,10100.140082105,12.160277787532925,0.0,0.0,0.0,0.0,1.0,command_injection
34457,0,0,13,4,20,1,0,1,227,999.0,1,1,1,0.0,0.0,0.0,0.0,0,1,1,1,0,0,0,0.0,0.0,0.0,0,0,0,12,2.4056,8,1,0,1,0.0,0.875,0,0,0.0,0,0,0,0,0.0167,0.0033,0,1,1,1,1,34457.0,0.0,34457.0,34457.0,0.1448,6.689127389705883,24.012961930518728,576.631097886723,0.1448,100.4992,0.3922,10100.140082105,12.160277787532925,0.0,0.0,0.0,0.0,1.0,command_injection
49370,0,0,10,4,16,2,0,30,198,5156.0,1,1,1,24607.689655172413,1915.0,90.0,484568.0,0,1,29,4,0,0,0,0.0,0.0,0.0,0,0,0,127,2.4056,8,1,0,1,0.0,0.875,0,89,4.6259,0,0,0,1,0.0167,0.0033,1,30,1,4,29,43601.73,8037.04,32844.0,60668.0,0.1448,6.689127389705883,24.012961930518728,576.631097886723,0.1448,100.4992,0.3922,10100.140082105,12.160277787532925,0.0,1.0,0.0,0.0,0.0,command_injection
30868,0,0,17,1,10,1,0,4119,22,0.0,316,686,686,2.040067994171928,0.0,0.0,3807.0,1,59,83,3631,0,0,0,0.0,0.0,0.0,0,1,1,75,2.5279,31,7,0,18,0.0,0.4194,0,30,2.5378,0,1,0,0,5.2667,2.2867,1,4119,59,3631,83,24531.98,10083.29,19648.0,58172.0,100.4992,6.689127389705883,24.012961930518728,576.631097886723,0.1448,100.4992,0.3922,10100.140082105,12.160277787532925,0.0,0.0,1.0,0.0,0.0,path_traversal
60296,0,0,8,4,10,3,0,18209,8,1.0,258,884,1146,1802.7104569420037,0.0,0.0,6129127.0,1,81,11651,88,0,0,0,0.0,0.0,0.0,0,0,0,63,2.4056,8,1,0,1,0.0,0.875,0,0,0.0,0,0,0,0,4.3,2.9467,0,18209,81,88,11651,46390.82,17565.52,1635.0,65516.0,1.4427,6.689127389705883,24.012961930518728,576.631097886723,0.1448,100.4992,0.3922,10100.140082105,12.160277787532925,0.0,1.0,0.0,0.0,0.0,path_traversal
53165,0,0,10,4,3,2,0,18209,8,0.0,254,542,591,1802.7104569420037,0.0,0.0,6129127.0,1,81,11651,88,0,0,0,0.0,0.0,0.0,0,0,0,63,3.0958,11,2,0,2,0.0,0.8182,0,11,3.0958,0,1,0,0,4.2333,1.8067,1,18209,81,88,11651,46390.82,17565.52,1635.0,65516.0,100.4992,6.689127389705883,24.012961930518728,576.631097886723,0.1448,100.4992,0.3922,10100.140082105,12.160277787532925,0.0,1.0,0.0,0.0,0.0,path_traversal
19648,0,0,18,1,10,1,0,4119,22,0.0,237,1206,2522,2.040067994171928,0.0,0.0,3807.0,1,59,83,3631,0,0,0,0.0,0.0,0.0,0,1,1,56,2.2187,38,11,0,29,0.0,0.2368,0,37,2.229,0,1,0,0,3.95,4.02,1,4119,59,3631,83,24531.98,10083.29,19648.0,58172.0,100.4992,6.689127389705883,24.012961930518728,576.631097886723,0.1448,100.4992,0.3922,10100.140082105,12.160277787532925,0.0,0.0,1.0,0.0,0.0,path_traversal
60974,0,0,8,1,7,2,0,1153,36,0.0,15,143,899,385.2057291666667,0.0,0.0,259928.0,1,18,966,7,0,0,0,0.0,0.0,0.0,0,0,0,63,2.59,26,7,0,17,0.0,0.3462,0,25,2.6147,0,1,0,0,0.25,0.4767,1,1153,18,7,966,59856.31,2126.12,47634.0,61071.0,100.4992,6.689127389705883,24.012961930518728,576.631097886723,0.1448,100.4992,0.3922,10100.140082105,12.160277787532925,0.0,1.0,0.0,0.0,0.0,path_traversal
53856,0,0,10,4,3,2,0,18209,8,0.0,152,688,1068,1802.7104569420037,0.0,0.0,6129127.0,1,81,11651,88,0,0,0,0.0,0.0,0.0,0,0,0,63,3.0958,11,2,0,2,0.0,0.8182,0,11,3.0958,0,1,0,0,2.5333,2.2933,1,18209,81,88,11651,46390.82,17565.52,1635.0,65516.0,100.4992,6.689127389705883,24.012961930518728,576.631097886723,0.1448,100.4992,0.3922,10100.140082105,12.160277787532925,0.0,1.0,0.0,0.0,0.0,path_traversal
51247,0,0,10,4,3,2,0,18209,8,1.0,299,936,998,1802.7104569420037,0.0,0.0,6129127.0,1,81,11651,88,0,0,0,0.0,0.0,0.0,0,0,0,63,2.478,29,8,0,20,0.0,0.3103,0,28,2.4977,0,1,0,0,4.9833,3.12,1,18209,81,88,11651,46390.82,17565.52,1635.0,65516.0,1.4427,6.689127389705883,24.012961930518728,576.631097886723,0.1448,100.4992,0.3922,10100.140082105,12.160277787532925,0.0,1.0,0.0,0.0,0.0,path_traversal
63239,0,0,9,4,10,3,0,18209,8,0.0,105,723,1292,1802.7104569420037,0.0,0.0,6129127.0,1,81,11651,88,0,0,0,0.0,0.0,0.0,0,0,0,63,3.0958,11,2,0,2,0.0,0.8182,0,11,3.0958,0,1,0,0,1.75,2.41,1,18209,81,88,11651,46390.82,17565.52,1635.0,65516.0,100.4992,6.689127389705883,24.012961930518728,576.631097886723,0.1448,100.4992,0.3922,10100.140082105,12.160277787532925,0.0,1.0,0.0,0.0,0.0,path_traversal
53007,0,0,11,0,30,1,0,18209,8,0.0,106,367,1136,1802.7104569420037,0.0,0.0,6129127.0,1,81,11651,88,0,0,0,0.0,0.0,0.0,0,0,0,63,2.4414,20,4,0,9,0.0,0.55,0,19,2.4393,0,1,0,0,1.7667,1.2233,1,18209,81,88,11651,46390.82,17565.52,1635.0,65516.0,100.4992,6.689127389705883,24.012961930518728,576.631097886723,0.1448,100.4992,0.3922,10100.140082105,12.160277787532925,0.0,1.0,0.0,0.0,0.0,path_traversal
62112,0,0,9,4,10,3,0,18209,8,1.0,142,735,1522,1802.7104569420037,0.0,0.0,6129127.0,1,81,11651,88,0,0,0,0.0,0.0,0.0,0,0,0,63,2.2187,38,11,0,29,0.0,0.2368,0,38,2.2187,0,1,0,0,2.3667,2.45,1,18209,81,88,11651,46390.82,17565.52,1635.0,65516.0,1.4427,6.689127389705883,24.012961930518728,576.631097886723,0.1448,100.4992,0.3922,10100.140082105,12.160277787532925,0.0,1.0,0.0,0.0,0.0,path_traversal
63547,0,0,9,4,10,3,0,18209,8,1.0,108,646,1179,1802.7104569420037,0.0,0.0,6129127.0,1,81,11651,88,0,0,0,0.0,0.0,0.0,0,0,0,63,2.59,26,7,0,17,0.0,0.3462,0,25,2.6147,0,1,0,0,1.8,2.1533,1,18209,81,88,11651,46390.82,17565.52,1635.0,65516.0,1.4427,6.689127389705883,24.012961930518728,576.631097886723,0.1448,100.4992,0.3922,10100.140082105,12.160277787532925,0.0,1.0,0.0,0.0,0.0,path_traversal
62601,0,0,9,4,10,3,0,18209,8,1.0,88,559,1172,1802.7104569420037,0.0,0.0,6129127.0,1,81,11651,88,0,0,0,0.0,0.0,0.0,0,0,0,63,0.9183,3,1,0,3,0.0,0.0,0,3,0.9183,0,1,0,0,1.4667,1.8633,1,18209,81,88,11651,46390.82,17565.52,1635.0,65516.0,1.4427,6.689127389705883,24.012961930518728,576.631097886723,0.1448,100.4992,0.3922,10100.140082105,12.160277787532925,0.0,1.0,0.0,0.0,0.0,path_traversal
37937,0,0,8,3,15,2,0,847,42,0.0,30,176,378,1.6643026004728132,1.0,0.0,326.0,1,21,94,2,0,0,0,0.0,0.0,0.0,0,0,0,115,2.1513,41,12,0,32,0.0,0.2195,0,40,2.1596,0,1,0,0,0.5,0.5867,1,847,21,2,94,41363.36,5972.43,19265.0,64407.0,100.4992,6.689127389705883,24.012961930518728,576.631097886723,0.1448,100.4992,0.3922,10100.140082105,12.160277787532925,0.0,1.0,0.0,0.0,0.0,path_traversal
63409,0,0,9,4,3,2,0,18209,8,0.0,85,872,1008,1802.7104569420037,0.0,0.0,6129127.0,1,81,11651,88,0,0,0,0.0,0.0,0.0,0,0,0,63,1.754,45,13,0,38,0.0,0.1556,0,44,1.7523,0,1,0,0,1.4167,2.9067,1,18209,81,88,11651,46390.82,17565.52,1635.0,65516.0,100.4992,6.689127389705883,24.012961930518728,576.631097886723,0.1448,100.4992,0.3922,10100.140082105,12.160277787532925,0.0,1.0,0.0,0.0,0.0,path_traversal
62966,0,0,9,4,10,3,0,18209,8,0.0,184,573,1320,1802.7104569420037,0.0,0.0,6129127.0,1,81,11651,88,0,0,0,0.0,0.0,0.0,0,0,0,63,1.754,45,13,0,38,0.0,0.1556,0,44,1.7523,0,1,0,0,3.0667,1.91,1,18209,81,88,11651,46390.82,17565.52,1635.0,65516.0,100.4992,6.689127389705883,24.012961930518728,576.631097886723,0.1448,100.4992,0.3922,10100.140082105,12.160277787532925,0.0,1.0,0.0,0.0,0.0,path_traversal
53218,0,0,10,4,3,2,0,18209,8,1.0,262,588,637,1802.7104569420037,0.0,0.0,6129127.0,1,81,11651,88,0,0,0,0.0,0.0,0.0,0,0,0,63,1.9876,50,15,0,41,0.0,0.18,0,49,1.992,0,1,0,0,4.3667,1.96,1,18209,81,88,11651,46390.82,17565.52,1635.0,65516.0,1.4427,6.689127389705883,24.012961930518728,576.631097886723,0.1448,100.4992,0.3922,10100.140082105,12.160277787532925,0.0,1.0,0.0,0.0,0.0,path_traversal
14911,0,0,7,2,1,2,0,18209,8,0.0,329,329,329,1802.7104569420037,0.0,0.0,6129127.0,1,81,11651,88,0,0,0,0.0,0.0,0.0,0,0,0,111,2.0909,44,13,0,35,0.0,0.2045,0,43,2.0977,0,1,0,0,5.4833,1.0967,1,18209,81,88,11651,46390.82,17565.52,1635.0,65516.0,100.4992,6.689127389705883,24.012961930518728,576.631097886723,0.1448,100.4992,0.3922,10100.140082105,12.160277787532925,0.0,1.0,0.0,0.0,0.0,path_traversal
51750,0,0,11,0,30,1,0,18209,8,0.0,151,158,162,1802.7104569420037,0.0,0.0,6129127.0,1,81,11651,88,0,0,0,0.0,0.0,0.0,0,0,0,63,2.3229,53,14,0,37,0.0,0.3019,0,53,2.3229,0,1,0,0,2.5167,0.5267,1,18209,81,88,11651,46390.82,17565.52,1635.0,65516.0,100.4992,6.689127389705883,24.012961930518728,576.631097886723,0.1448,100.4992,0.3922,10100.140082105,12.160277787532925,0.0,1.0,0.0,0.0,0.0,path_traversal
41180,0,0,7,1,30,1,0,7044,16,0.0,855,5664,5664,143.73633394860144,0.0,0.0,1011596.0,1,9,279,4,0,0,0,0.0,0.0,0.0,0,0,0,114,2.4056,8,1,0,1,0.0,0.875,0,11,3.0958,0,1,0,0,14.25,18.88,1,7044,9,4,279,41371.84,8550.56,18852.0,65276.0,100.4992,6.689127389705883,24.012961930518728,576.631097886723,0.1448,100.4992,0.3922,10100.140082105,12.160277787532925,0.0,1.0,0.0,0.0,0.0,path_traversal
61503,0,0,9,4,10,3,0,18209,8,0.0,169,787,1752,1802.7104569420037,0.0,0.0,6129127.0,1,81,11651,88,0,0,0,0.0,0.0,0.0,0,0,0,63,2.1513,41,12,0,32,0.0,0.2195,0,40,2.1596,0,1,0,0,2.8167,2.6233,1,18209,81,88,11651,46390.82,17565.52,1635.0,65516.0,100.4992,6.689127389705883,24.012961930518728,576.631097886723,0.1448,100.4992,0.3922,10100.140082105,12.160277787532925,0.0,1.0,0.0,0.0,0.0,path_traversal
54702,0,0,15,4,24,2,0,28,200,762.0,1,1,1,31481.703703703704,1744.0,0.0,548186.0,0,3,28,18,0,0,0,0.0,0.0,0.0,0,0,0,107,2.4056,8,1,0,1,0.0,0.875,0,23,3.882,0,1,0,1,0.0167,0.0033,2,28,3,18,28,47330.86,8232.89,34628.0,60246.0,0.1507,11.040610714285716,31.560613354509503,996.0723153128436,0.1448,100.4992,0.1448,30307.01489189,18.785748148148148,0.0,1.0,0.0,0.0,0.0,path_traversal
37937,0,0,8,3,15,2,0,847,42,0.0,30,174,375,1.6643026004728132,1.0,0.0,326.0,1,21,94,2,0,0,0,0.0,0.0,0.0,0,0,0,115,2.7806,16,2,0,3,0.0,0.8125,0,16,2.7806,0,1,0,0,0.5,0.58,1,847,21,2,94,41363.36,5972.43,19265.0,64407.0,100.4992,6.689127389705883,24.012961930518728,576.631097886723,0.1448,100.4992,0.3922,10100.140082105,12.160277787532925,0.0,1.0,0.0,0.0,0.0,path_traversal
37937,0,0,8,3,15,2,0,847,42,0.0,37,183,387,1.6643026004728132,1.0,0.0,326.0,1,21,94,2,0,0,0,0.0,0.0,0.0,0,0,0,115,1.4614,31,10,0,28,0.0,0.0968,0,30,1.454,0,1,0,0,0.6167,0.61,1,847,21,2,94,41363.36,5972.43,19265.0,64407.0,100.4992,6.689127389705883,24.012961930518728,576.631097886723,0.1448,100.4992,0.3922,10100.140082105,12.160277787532925,0.0,1.0,0.0,0.0,0.0,path_traversal
19707,0,0,18,1,10,1,0,4119,22,0.0,243,1270,1433,2.040067994171928,0.0,0.0,3807.0,1,59,83,3631,0,0,0,0.0,0.0,0.0,0,1,1,56,2.2187,38,11,0,29,0.0,0.2368,0,38,2.2187,0,1,0,0,4.05,4.2333,1,4119,59,3631,83,24531.98,10083.29,19648.0,58172.0,100.4992,6.689127389705883,24.012961930518728,576.631097886723,0.1448,100.4992,0.3922,10100.140082105,12.160277787532925,0.0,0.0,1.0,0.0,0.0,path_traversal
52974,0,0,10,4,3,2,0,18209,8,1.0,130,344,390,1802.7104569420037,0.0,0.0,6129127.0,1,81,11651,88,0,0,0,0.0,0.0,0.0,0,0,0,63,3.0958,11,2,0,2,0.0,0.8182,0,11,3.0958,0,1,0,0,2.1667,1.1467,1,18209,81,88,11651,46390.82,17565.52,1635.0,65516.0,1.4427,6.689127389705883,24.012961930518728,576.631097886723,0.1448,100.4992,0.3922,10100.140082105,12.160277787532925,0.0,1.0,0.0,0.0,0.0,path_traversal
61503,0,0,9,4,10,3,0,18209,8,0.0,168,790,1751,1802.7104569420037,0.0,0.0,6129127.0,1,81,11651,88,0,0,0,0.0,0.0,0.0,0,0,0,63,2.1513,41,12,0,32,0.0,0.2195,0,40,2.1596,0,1,0,0,2.8,2.6333,1,18209,81,88,11651,46390.82,17565.52,1635.0,65516.0,100.4992,6.689127389705883,24.012961930518728,576.631097886723,0.1448,100.4992,0.3922,10100.140082105,12.160277787532925,0.0,1.0,0.0,0.0,0.0,path_traversal
43542,0,0,16,0,9,1,0,1411,31,0.0,82,122,124,0.7028368794326241,0.0,0.0,176.0,1,31,54,1143,0,0,0,0.0,0.0,0.0,0,1,1,75,2.2475,29,7,0,18,0.0,0.3793,0,28,2.2515,0,1,0,0,1.3667,0.4067,1,1411,31,1143,54,38387.99,9364.31,21376.0,43583.0,100.4992,6.689127389705883,24.012961930518728,576.631097886723,0.1448,100.4992,0.3922,10100.140082105,12.160277787532925,0.0,0.0,1.0,0.0,0.0,path_traversal
43542,0,0,16,0,9,1,0,1411,31,1.0,83,124,126,0.7028368794326241,0.0,0.0,176.0,1,31,54,1143,0,0,0,0.0,0.0,0.0,0,1,1,75,2.5279,31,7,0,18,0.0,0.4194,0,30,2.5378,0,1,0,0,1.3833,0.4133,1,1411,31,1143,54,38387.99,9364.31,21376.0,43583.0,1.4427,6.689127389705883,24.012961930518728,576.631097886723,0.1448,100.4992,0.3922,10100.140082105,12.160277787532925,0.0,0.0,1.0,0.0,0.0,path_traversal
19680,0,0,18,1,10,1,0,4119,22,0.0,262,1299,2046,2.040067994171928,0.0,0.0,3807.0,1,59,83,3631,0,0,0,0.0,0.0,0.0,0,1,1,56,1.5303,69,21,0,62,0.0,0.1014,0,69,1.5303,0,1,0,0,4.3667,4.33,1,4119,59,3631,83,24531.98,10083.29,19648.0,58172.0,100.4992,6.689127389705883,24.012961930518728,576.631097886723,0.1448,100.4992,0.3922,10100.140082105,12.160277787532925,0.0,0.0,1.0,0.0,0.0,path_traversal
53553,0,0,10,4,3,2,0,18209,8,0.0,58,661,817,1802.7104569420037,0.0,0.0,6129127.0,1,81,11651,88,0,0,0,0.0,0.0,0.0,0,0,0,63,3.6144,35,4,0,10,0.0,0.7143,0,34,3.6235,0,1,0,0,0.9667,2.2033,1,18209,81,88,11651,46390.82,17565.52,1635.0,65516.0,100.4992,6.689127389705883,24.012961930518728,576.631097886723,0.1448,100.4992,0.3922,10100.140082105,12.160277787532925,0.0,1.0,0.0,0.0,0.0,path_traversal
37937,0,0,8,3,15,2,0,847,42,0.0,29,173,374,1.6643026004728132,1.0,0.0,326.0,1,21,94,2,0,0,0,0.0,0.0,0.0,0,0,0,115,2.3788,14,2,0,3,0.0,0.7857,0,14,2.3788,0,1,0,0,0.4833,0.5767,1,847,21,2,94,41363.36,5972.43,19265.0,64407.0,100.4992,6.689127389705883,24.012961930518728,576.631097886723,0.1448,100.4992,0.3922,10100.140082105,12.160277787532925,0.0,1.0,0.0,0.0,0.0,path_traversal
48727,0,0,8,3,15,2,0,847,42,0.0,43,195,416,1.6643026004728132,1.0,0.0,326.0,1,21,94,2,0,0,0,0.0,0.0,0.0,0,0,0,115,2.4056,8,1,0,1,0.0,0.875,0,38,1.8411,0,1,0,0,0.7167,0.65,1,847,21,2,94,41363.36,5972.43,19265.0,64407.0,100.4992,6.689127389705883,24.012961930518728,576.631097886723,0.1448,100.4992,0.3922,10100.140082105,12.160277787532925,0.0,1.0,0.0,0.0,0.0,path_traversal
34542,0,0,7,1,24,1,0,18209,8,0.0,80,137,139,1802.7104569420037,0.0,0.0,6129127.0,1,81,11651,88,0,0,0,0.0,0.0,0.0,0,0,0,63,2.5279,31,7,0,18,0.0,0.4194,0,31,2.5279,0,1,0,0,1.3333,0.4567,1,18209,81,88,11651,46390.82,17565.52,1635.0,65516.0,100.4992,6.689127389705883,24.012961930518728,576.631097886723,0.1448,100.4992,0.3922,10100.140082105,12.160277787532925,0.0,1.0,0.0,0.0,0.0,path_traversal
65351,0,0,4,0,16,1,1,610,47,1.0,2,2,37,8.9064039408867,6.0,0.0,884.0,1,2,604,3,0,0,0,0.0,0.0,0.0,0,0,0,115,2.7188,23,6,0,14,0.0,0.3913,0,22,2.7499,0,1,0,0,0.0333,0.0067,1,610,2,3,604,64541.69,535.07,63000.0,65370.0,1.4427,6.689127389705883,24.012961930518728,576.631097886723,0.1448,100.4992,0.3922,10100.140082105,12.160277787532925,0.0,1.0,0.0,0.0,0.0,path_traversal
62988,0,0,9,4,10,3,0,18209,8,0.0,208,592,1333,1802.7104569420037,0.0,0.0,6129127.0,1,81,11651,88,0,0,0,0.0,0.0,0.0,0,0,0,63,3.0958,11,2,0,2,0.0,0.8182,0,11,3.0958,0,1,0,0,3.4667,1.9733,1,18209,81,88,11651,46390.82,17565.52,1635.0,65516.0,100.4992,6.689127389705883,24.012961930518728,576.631097886723,0.1448,100.4992,0.3922,10100.140082105,12.160277787532925,0.0,1.0,0.0,0.0,0.0,path_traversal
62169,0,0,9,4,10,3,0,18209,8,1.0,122,742,1470,1802.7104569420037,0.0,0.0,6129127.0,1,81,11651,88,0,0,0,0.0,0.0,0.0,0,0,0,63,2.0367,47,14,0,38,0.0,0.1915,0,47,2.0367,0,1,0,0,2.0333,2.4733,1,18209,81,88,11651,46390.82,17565.52,1635.0,65516.0,1.4427,6.689127389705883,24.012961930518728,576.631097886723,0.1448,100.4992,0.3922,10100.140082105,12.160277787532925,0.0,1.0,0.0,0.0,0.0,path_traversal
63391,0,0,9,4,10,3,0,18209,8,1.0,58,630,1239,1802.7104569420037,0.0,0.0,6129127.0,1,81,11651,88,0,0,0,0.0,0.0,0.0,0,0,0,63,2.1513,41,12,0,32,0.0,0.2195,0,41,2.1513,0,1,0,0,0.9667,2.1,1,18209,81,88,11651,46390.82,17565.52,1635.0,65516.0,1.4427,6.689127389705883,24.012961930518728,576.631097886723,0.1448,100.4992,0.3922,10100.140082105,12.160277787532925,0.0,1.0,0.0,0.0,0.0,path_traversal
53700,0,0,10,4,3,2,0,18209,8,0.0,129,689,929,1802.7104569420037,0.0,0.0,6129127.0,1,81,11651,88,0,0,0,0.0,0.0,0.0,0,0,0,63,3.3232,15,3,0,5,0.0,0.6667,0,15,3.3232,0,1,0,0,2.15,2.2967,1,18209,81,88,11651,46390.82,17565.52,1635.0,65516.0,100.4992,6.689127389705883,24.012961930518728,576.631097886723,0.1448,100.4992,0.3922,10100.140082105,12.160277787532925,0.0,1.0,0.0,0.0,0.0,path_traversal
50641,0,0,10,4,3,2,0,18209,8,1.0,48,396,475,1802.7104569420037,0.0,0.0,6129127.0,1,81,11651,88,0,0,0,0.0,0.0,0.0,0,0,0,63,2.2944,35,10,0,26,0.0,0.2571,0,34,2.3072,0,1,0,0,0.8,1.32,1,18209,81,88,11651,46390.82,17565.52,1635.0,65516.0,1.4427,6.689127389705883,24.012961930518728,576.631097886723,0.1448,100.4992,0.3922,10100.140082105,12.160277787532925,0.0,1.0,0.0,0.0,0.0,path_traversal
30866,0,0,17,1,10,1,0,4119,22,0.0,312,642,642,2.040067994171928,0.0,0.0,3807.0,1,59,83,3631,0,0,0,0.0,0.0,0.0,0,1,1,56,2.4056,8,1,0,1,0.0,0.875,0,11,3.0958,0,1,0,0,5.2,2.14,1,4119,59,3631,83,24531.98,10083.29,19648.0,58172.0,100.4992,6.689127389705883,24.012961930518728,576.631097886723,0.1448,100.4992,0.3922,10100.140082105,12.160277787532925,0.0,0.0,1.0,0.0,0.0,path_traversal
19686,0,0,18,1,10,1,0,4119,22,1.0,171,1126,2252,2.040067994171928,0.0,0.0,3807.0,1,59,83,3631,0,0,0,0.0,0.0,0.0,0,1,1,56,2.4056,8,1,0,1,0.0,0.875,0,14,3.0931,0,1,0,0,2.85,3.7533,1,4119,59,3631,83,24531.98,10083.29,19648.0,58172.0,1.4427,6.689127389705883,24.012961930518728,576.631097886723,0.1448,100.4992,0.3922,10100.140082105,12.160277787532925,0.0,0.0,1.0,0.0,0.0,path_traversal
53418,0,0,10,4,3,2,0,18209,8,0.0,114,662,746,1802.7104569420037,0.0,0.0,6129127.0,1,81,11651,88,0,0,0,0.0,0.0,0.0,0,0,0,63,3.0958,11,2,0,2,0.0,0.8182,0,11,3.0958,0,1,0,0,1.9,2.2067,1,18209,81,88,11651,46390.82,17565.52,1635.0,65516.0,100.4992,6.689127389705883,24.012961930518728,576.631097886723,0.1448,100.4992,0.3922,10100.140082105,12.160277787532925,0.0,1.0,0.0,0.0,0.0,path_traversal
52724,0,0,10,4,3,2,0,18209,8,1.0,89,226,302,1802.7104569420037,0.0,0.0,6129127.0,1,81,11651,88,0,0,0,0.0,0.0,0.0,0,0,0,63,3.0958,11,2,0,2,0.0,0.8182,0,11,3.0958,0,1,0,0,1.4833,0.7533,1,18209,81,88,11651,46390.82,17565.52,1635.0,65516.0,1.4427,6.689127389705883,24.012961930518728,576.631097886723,0.1448,100.4992,0.3922,10100.140082105,12.160277787532925,0.0,1.0,0.0,0.0,0.0,path_traversal
62712,0,0,9,4,10,3,0,18209,8,0.0,107,537,1196,1802.7104569420037,0.0,0.0,6129127.0,1,81,11651,88,0,0,0,0.0,0.0,0.0,0,0,0,63,2.4056,8,1,0,1,0.0,0.875,0,37,4.0777,0,1,0,0,1.7833,1.79,1,18209,81,88,11651,46390.82,17565.52,1635.0,65516.0,100.4992,6.689127389705883,24.012961930518728,576.631097886723,0.1448,100.4992,0.3922,10100.140082105,12.160277787532925,0.0,1.0,0.0,0.0,0.0,path_traversal
51915,0,0,11,0,30,1,0,18209,8,1.0,269,297,301,1802.7104569420037,0.0,0.0,6129127.0,1,81,11651,88,0,0,0,0.0,0.0,0.0,0,0,0,63,2.2944,35,10,0,26,0.0,0.2571,0,34,2.3072,0,1,0,0,4.4833,0.99,1,18209,81,88,11651,46390.82,17565.52,1635.0,65516.0,1.4427,6.689127389705883,24.012961930518728,576.631097886723,0.1448,100.4992,0.3922,10100.140082105,12.160277787532925,0.0,1.0,0.0,0.0,0.0,path_traversal
60822,0,0,9,4,10,3,0,18209,8,0.0,255,1047,1484,1802.7104569420037,0.0,0.0,6129127.0,1,81,11651,88,0,0,0,0.0,0.0,0.0,0,0,0,63,2.4056,8,1,0,1,0.0,0.875,0,17,3.3816,0,1,0,1,4.25,3.49,2,18209,81,88,11651,46390.82,17565.52,1635.0,65516.0,100.4992,6.689127389705883,24.012961930518728,576.631097886723,0.1448,100.4992,0.3922,10100.140082105,12.160277787532925,0.0,1.0,0.0,0.0,0.0,path_traversal
40335,0,0,18,1,10,1,0,4119,22,1.0,245,1193,2369,2.040067994171928,0.0,0.0,3807.0,1,59,83,3631,0,0,0,0.0,0.0,0.0,0,1,1,56,3.0958,11,2,0,2,0.0,0.8182,0,11,3.0958,0,1,0,0,4.0833,3.9767,1,4119,59,3631,83,24531.98,10083.29,19648.0,58172.0,1.4427,6.689127389705883,24.012961930518728,576.631097886723,0.1448,100.4992,0.3922,10100.140082105,12.160277787532925,0.0,0.0,1.0,0.0,0.0,path_traversal
57657,0,0,18,1,10,1,0,4119,22,1.0,187,1177,2171,2.040067994171928,0.0,0.0,3807.0,1,59,83,3631,0,0,0,0.0,0.0,0.0,0,1,1,56,2.4056,8,1,0,1,0.0,0.875,0,0,0.0,0,0,0,0,3.1167,3.9233,0,4119,59,3631,83,24531.98,10083.29,19648.0,58172.0,1.4427,6.689127389705883,24.012961930518728,576.631097886723,0.1448,100.4992,0.3922,10100.140082105,12.160277787532925,0.0,0.0,1.0,0.0,0.0,path_traversal
53449,0,0,10,4,3,2,0,18209,8,1.0,134,671,772,1802.7104569420037,0.0,0.0,6129127.0,1,81,11651,88,0,0,0,0.0,0.0,0.0,0,0,0,63,2.3802,32,9,0,23,0.0,0.2812,0,31,2.396,0,1,0,0,2.2333,2.2367,1,18209,81,88,11651,46390.82,17565.52,1635.0,65516.0,1.4427,6.689127389705883,24.012961930518728,576.631097886723,0.1448,100.4992,0.3922,10100.140082105,12.160277787532925,0.0,1.0,0.0,0.0,0.0,path_traversal
53692,0,0,10,4,3,2,0,18209,8,1.0,129,691,925,1802.7104569420037,0.0,0.0,6129127.0,1,81,11651,88,0,0,0,0.0,0.0,0.0,0,0,0,63,2.4056,8,1,0,1,0.0,0.875,0,26,4.162,0,1,0,0,2.15,2.3033,1,18209,81,88,11651,46390.82,17565.52,1635.0,65516.0,1.4427,6.689127389705883,24.012961930518728,576.631097886723,0.1448,100.4992,0.3922,10100.140082105,12.160277787532925,0.0,1.0,0.0,0.0,0.0,path_traversal
42570,0,0,7,1,24,1,0,18209,8,1.0,51,520,1037,1802.7104569420037,0.0,0.0,6129127.0,1,81,11651,88,0,0,0,0.0,0.0,0.0,0,0,0,63,2.4056,8,1,0,1,0.0,0.875,0,37,2.0739,0,1,0,0,0.85,1.7333,1,18209,81,88,11651,46390.82,17565.52,1635.0,65516.0,1.4427,6.689127389705883,24.012961930518728,576.631097886723,0.1448,100.4992,0.3922,10100.140082105,12.160277787532925,0.0,1.0,0.0,0.0,0.0,path_traversal
53611,0,0,10,4,3,2,0,18209,8,1.0,109,695,873,1802.7104569420037,0.0,0.0,6129127.0,1,81,11651,88,0,0,0,0.0,0.0,0.0,0,0,0,63,2.59,26,7,0,17,0.0,0.3462,0,25,2.6147,0,1,0,0,1.8167,2.3167,1,18209,81,88,11651,46390.82,17565.52,1635.0,65516.0,1.4427,6.689127389705883,24.012961930518728,576.631097886723,0.1448,100.4992,0.3922,10100.140082105,12.160277787532925,0.0,1.0,0.0,0.0,0.0,path_traversal
43531,0,0,17,0,9,1,0,1411,31,0.0,174,593,632,0.7028368794326241,0.0,0.0,176.0,1,31,54,1143,0,0,0,0.0,0.0,0.0,0,1,1,56,3.0958,11,2,0,2,0.0,0.8182,0,11,3.0958,0,1,0,0,2.9,1.9767,1,1411,31,1143,54,38387.99,9364.31,21376.0,43583.0,100.4992,6.689127389705883,24.012961930518728,576.631097886723,0.1448,100.4992,0.3922,10100.140082105,12.160277787532925,0.0,0.0,1.0,0.0,0.0,path_traversal
63508,0,0,9,4,10,3,0,18209,8,0.0,92,663,1199,1802.7104569420037,0.0,0.0,6129127.0,1,81,11651,88,0,0,0,0.0,0.0,0.0,0,0,0,63,3.0958,11,2,0,2,0.0,0.8182,0,11,3.0958,0,1,0,0,1.5333,2.21,1,18209,81,88,11651,46390.82,17565.52,1635.0,65516.0,100.4992,6.689127389705883,24.012961930518728,576.631097886723,0.1448,100.4992,0.3922,10100.140082105,12.160277787532925,0.0,1.0,0.0,0.0,0.0,path_traversal
63898,0,0,9,4,10,3,0,18209,8,1.0,200,541,1221,1802.7104569420037,0.0,0.0,6129127.0,1,81,11651,88,0,0,0,0.0,0.0,0.0,0,0,0,63,2.4056,8,1,0,1,0.0,0.875,0,42,4.2432,0,1,0,0,3.3333,1.8033,1,18209,81,88,11651,46390.82,17565.52,1635.0,65516.0,1.4427,6.689127389705883,24.012961930518728,576.631097886723,0.1448,100.4992,0.3922,10100.140082105,12.160277787532925,0.0,1.0,0.0,0.0,0.0,path_traversal
51835,0,0,10,4,3,2,0,18209,8,0.0,34,269,1067,1802.7104569420037,0.0,0.0,6129127.0,1,81,11651,88,0,0,0,0.0,0.0,0.0,0,0,0,63,2.2944,35,10,0,26,0.0,0.2571,0,34,2.3072,0,1,0,0,0.5667,0.8967,1,18209,81,88,11651,46390.82,17565.52,1635.0,65516.0,100.4992,6.689127389705883,24.012961930518728,576.631097886723,0.1448,100.4992,0.3922,10100.140082105,12.160277787532925,0.0,1.0,0.0,0.0,0.0,path_traversal
62799,0,0,9,4,10,3,0,18209,8,0.0,116,481,1220,1802.7104569420037,0.0,0.0,6129127.0,1,81,11651,88,0,0,0,0.0,0.0,0.0,0,0,0,63,3.0958,11,2,0,2,0.0,0.8182,0,11,3.0958,0,1,0,0,1.9333,1.6033,1,18209,81,88,11651,46390.82,17565.52,1635.0,65516.0,100.4992,6.689127389705883,24.012961930518728,576.631097886723,0.1448,100.4992,0.3922,10100.140082105,12.160277787532925,0.0,1.0,0.0,0.0,0.0,path_traversal
8059,0,0,9,3,1,2,0,946,38,0.0,117,170,173,1.5936507936507935,1.0,0.0,291.0,1,11,256,6,0,0,0,0.0,0.0,0.0,0,0,0,63,2.5279,31,7,0,18,0.0,0.4194,0,31,2.5279,0,1,0,0,1.95,0.5667,1,946,11,6,256,15667.6,14333.36,6040.0,54506.0,100.4992,6.689127389705883,24.012961930518728,576.631097886723,0.1448,100.4992,0.3922,10100.140082105,12.160277787532925,0.0,1.0,0.0,0.0,0.0,path_traversal
52537,0,0,10,4,3,2,0,18209,8,0.0,58,134,219,1802.7104569420037,0.0,0.0,6129127.0,1,81,11651,88,0,0,0,0.0,0.0,0.0,0,0,0,63,1.7165,48,14,0,41,0.0,0.1458,0,48,1.7165,0,1,0,0,0.9667,0.4467,1,18209,81,88,11651,46390.82,17565.52,1635.0,65516.0,100.4992,6.689127389705883,24.012961930518728,576.631097886723,0.1448,100.4992,0.3922,10100.140082105,12.160277787532925,0.0,1.0,0.0,0.0,0.0,path_traversal
62112,0,0,9,4,10,3,0,18209,8,1.0,135,738,1513,1802.7104569420037,0.0,0.0,6129127.0,1,81,11651,88,0,0,0,0.0,0.0,0.0,0,0,0,63,2.0218,41,11,0,30,0.0,0.2683,0,41,2.0218,0,1,0,0,2.25,2.46,1,18209,81,88,11651,46390.82,17565.52,1635.0,65516.0,1.4427,6.689127389705883,24.012961930518728,576.631097886723,0.1448,100.4992,0.3922,10100.140082105,12.160277787532925,0.0,1.0,0.0,0.0,0.0,path_traversal
44890,0,0,8,3,15,2,0,847,42,0.0,30,172,393,1.6643026004728132,1.0,0.0,326.0,1,21,94,2,0,0,0,0.0,0.0,0.0,0,0,0,115,2.1513,41,12,0,32,0.0,0.2195,0,40,2.1596,0,1,0,0,0.5,0.5733,1,847,21,2,94,41363.36,5972.43,19265.0,64407.0,100.4992,6.689127389705883,24.012961930518728,576.631097886723,0.1448,100.4992,0.3922,10100.140082105,12.160277787532925,0.0,1.0,0.0,0.0,0.0,path_traversal
50382,0,0,10,4,3,2,0,18209,8,0.0,163,217,261,1802.7104569420037,0.0,0.0,6129127.0,1,81,11651,88,0,0,0,0.0,0.0,0.0,0,0,0,63,2.4056,8,1,0,1,0.0,0.875,0,16,3.625,0,1,0,0,2.7167,0.7233,1,18209,81,88,11651,46390.82,17565.52,1635.0,65516.0,100.4992,6.689127389705883,24.012961930518728,576.631097886723,0.1448,100.4992,0.3922,10100.140082105,12.160277787532925,0.0,1.0,0.0,0.0,0.0,path_traversal
50381,0,0,10,4,3,2,0,18209,8,0.0,161,215,259,1802.7104569420037,0.0,0.0,6129127.0,1,81,11651,88,0,0,0,0.0,0.0,0.0,0,0,0,63,2.478,29,8,0,20,0.0,0.3103,0,28,2.4977,0,1,0,0,2.6833,0.7167,1,18209,81,88,11651,46390.82,17565.52,1635.0,65516.0,100.4992,6.689127389705883,24.012961930518728,576.631097886723,0.1448,100.4992,0.3922,10100.140082105,12.160277787532925,0.0,1.0,0.0,0.0,0.0,path_traversal
53137,0,0,10,4,3,2,0,18209,8,1.0,228,510,558,1802.7104569420037,0.0,0.0,6129127.0,1,81,11651,88,0,0,0,0.0,0.0,0.0,0,0,0,63,3.0958,11,2,0,2,0.0,0.8182,0,11,3.0958,0,1,0,0,3.8,1.7,1,18209,81,88,11651,46390.82,17565.52,1635.0,65516.0,1.4427,6.689127389705883,24.012961930518728,576.631097886723,0.1448,100.4992,0.3922,10100.140082105,12.160277787532925,0.0,1.0,0.0,0.0,0.0,path_traversal
30911,0,0,17,1,10,1,0,4119,22,0.0,313,706,706,2.040067994171928,0.0,0.0,3807.0,1,59,83,3631,0,0,0,0.0,0.0,0.0,0,1,1,56,3.0958,11,2,0,2,0.0,0.8182,0,11,3.0958,0,1,0,0,5.2167,2.3533,1,4119,59,3631,83,24531.98,10083.29,19648.0,58172.0,100.4992,6.689127389705883,24.012961930518728,576.631097886723,0.1448,100.4992,0.3922,10100.140082105,12.160277787532925,0.0,0.0,1.0,0.0,0.0,path_traversal
47995,0,0,8,3,15,2,0,847,42,1.0,34,185,394,1.6643026004728132,1.0,0.0,326.0,1,21,94,2,0,0,0,0.0,0.0,0.0,0,0,0,115,1.7984,65,20,0,56,0.0,0.1385,0,64,1.7996,0,1,0,0,0.5667,0.6167,1,847,21,2,94,41363.36,5972.43,19265.0,64407.0,1.4427,6.689127389705883,24.012961930518728,576.631097886723,0.1448,100.4992,0.3922,10100.140082105,12.160277787532925,0.0,1.0,0.0,0.0,0.0,path_traversal
36895,0,0,7,3,15,2,0,847,42,0.0,47,242,264,1.6643026004728132,1.0,0.0,326.0,1,21,94,2,0,0,0,0.0,0.0,0.0,0,0,0,115,3.2781,27,4,0,9,0.0,0.6667,0,26,3.2916,0,1,0,0,0.7833,0.8067,1,847,21,2,94,41363.36,5972.43,19265.0,64407.0,100.4992,6.689127389705883,24.012961930518728,576.631097886723,0.1448,100.4992,0.3922,10100.140082105,12.160277787532925,0.0,1.0,0.0,0.0,0.0,path_traversal
64407,0,0,8,3,15,2,0,847,42,1.0,19,161,382,1.6643026004728132,1.0,0.0,326.0,1,21,94,2,0,0,0,0.0,0.0,0.0,0,0,0,115,2.59,26,7,0,17,0.0,0.3462,0,25,2.6147,0,1,0,0,0.3167,0.5367,1,847,21,2,94,41363.36,5972.43,19265.0,64407.0,1.4427,6.689127389705883,24.012961930518728,576.631097886723,0.1448,100.4992,0.3922,10100.140082105,12.160277787532925,0.0,1.0,0.0,0.0,0.0,path_traversal
63721,0,0,9,4,10,3,0,18209,8,0.0,108,507,1113,1802.7104569420037,0.0,0.0,6129127.0,1,81,11651,88,0,0,0,0.0,0.0,0.0,0,0,0,63,2.4056,8,1,0,1,0.0,0.875,0,50,2.401,0,1,0,0,1.8,1.69,1,18209,81,88,11651,46390.82,17565.52,1635.0,65516.0,100.4992,6.689127389705883,24.012961930518728,576.631097886723,0.1448,100.4992,0.3922,10100.140082105,12.160277787532925,0.0,1.0,0.0,0.0,0.0,path_traversal
54197,0,0,10,1,28,2,0,18209,8,0.0,230,254,258,1802.7104569420037,0.0,0.0,6129127.0,1,81,11651,88,0,0,0,0.0,0.0,0.0,0,0,0,63,2.8662,30,8,0,18,0.0,0.4,0,30,2.8662,0,1,0,0,3.8333,0.8467,1,18209,81,88,11651,46390.82,17565.52,1635.0,65516.0,100.4992,6.689127389705883,24.012961930518728,576.631097886723,0.1448,100.4992,0.3922,10100.140082105,12.160277787532925,0.0,1.0,0.0,0.0,0.0,path_traversal
61902,0,0,9,4,10,3,0,18209,8,1.0,164,640,1610,1802.7104569420037,0.0,0.0,6129127.0,1,81,11651,88,0,0,0,0.0,0.0,0.0,0,0,0,63,1.9429,53,16,0,44,0.0,0.1698,0,52,1.9464,0,1,0,0,2.7333,2.1333,1,18209,81,88,11651,46390.82,17565.52,1635.0,65516.0,1.4427,6.689127389705883,24.012961930518728,576.631097886723,0.1448,100.4992,0.3922,10100.140082105,12.160277787532925,0.0,1.0,0.0,0.0,0.0,path_traversal
62066,0,0,9,4,10,3,0,18209,8,1.0,169,734,1559,1802.7104569420037,0.0,0.0,6129127.0,1,81,11651,88,0,0,0,0.0,0.0,0.0,0,0,0,63,2.4056,8,1,0,1,0.0,0.875,0,58,2.3551,0,1,0,0,2.8167,2.4467,1,18209,81,88,11651,46390.82,17565.52,1635.0,65516.0,1.4427,6.689127389705883,24.012961930518728,576.631097886723,0.1448,100.4992,0.3922,10100.140082105,12.160277787532925,0.0,1.0,0.0,0.0,0.0,path_traversal
56122,0,0,16,6,26,2,0,28,200,41340.0,1,1,1,31481.703703703704,1744.0,0.0,548186.0,0,3,28,18,0,0,0,0.0,0.0,0.0,0,0,0,118,2.4056,8,1,0,1,0.0,0.875,0,15,3.2402,0,1,0,0,0.0167,0.0033,1,28,3,18,28,47330.86,8232.89,34628.0,60246.0,0.1448,11.040610714285716,31.560613354509503,996.0723153128436,0.1448,100.4992,0.1448,30307.01489189,18.785748148148148,0.0,1.0,0.0,0.0,0.0,path_traversal
49357,0,0,10,2,11,1,0,288,66,0.0,32,66,66,31.65505226480836,1.0,0.0,3941.0,1,10,219,4,0,0,0,0.0,0.0,0.0,0,1,1,79,2.2187,38,11,0,29,0.0,0.2368,0,37,2.229,0,1,0,0,0.5333,0.22,1,288,10,4,219,50091.64,3809.29,19008.0,65523.0,100.4992,6.689127389705883,24.012961930518728,576.631097886723,0.1448,100.4992,0.3922,10100.140082105,12.160277787532925,0.0,0.0,1.0,0.0,0.0,path_traversal
51515,0,0,10,4,3,2,0,18209,8,1.0,119,794,1185,1802.7104569420037,0.0,0.0,6129127.0,1,81,11651,88,0,0,0,0.0,0.0,0.0,0,0,0,63,2.1513,41,12,0,32,0.0,0.2195,0,40,2.1596,0,1,0,0,1.9833,2.6467,1,18209,81,88,11651,46390.82,17565.52,1635.0,65516.0,1.4427,6.689127389705883,24.012961930518728,576.631097886723,0.1448,100.4992,0.3922,10100.140082105,12.160277787532925,0.0,1.0,0.0,0.0,0.0,path_traversal
19668,0,0,18,1,10,1,0,4119,22,0.0,282,1316,2020,2.040067994171928,0.0,0.0,3807.0,1,59,83,3631,0,0,0,0.0,0.0,0.0,0,1,1,56,2.7115,34,6,0,27,0.0,0.2059,0,34,2.7115,0,1,0,0,4.7,4.3867,1,4119,59,3631,83,24531.98,10083.29,19648.0,58172.0,100.4992,6.689127389705883,24.012961930518728,576.631097886723,0.1448,100.4992,0.3922,10100.140082105,12.160277787532925,0.0,0.0,1.0,0.0,0.0,path_traversal
63492,0,0,9,4,10,3,0,18209,8,0.0,87,658,1204,1802.7104569420037,0.0,0.0,6129127.0,1,81,11651,88,0,0,0,0.0,0.0,0.0,0,0,0,63,2.5869,17,4,0,10,0.0,0.4118,0,16,2.6085,0,1,0,0,1.45,2.1933,1,18209,81,88,11651,46390.82,17565.52,1635.0,65516.0,100.4992,6.689127389705883,24.012961930518728,576.631097886723,0.1448,100.4992,0.3922,10100.140082105,12.160277787532925,0.0,1.0,0.0,0.0,0.0,path_traversal
44890,0,0,8,3,15,2,0,847,42,0.0,29,171,392,1.6643026004728132,1.0,0.0,326.0,1,21,94,2,0,0,0,0.0,0.0,0.0,0,0,0,115,2.2187,38,11,0,29,0.0,0.2368,0,37,2.229,0,1,0,0,0.4833,0.57,1,847,21,2,94,41363.36,5972.43,19265.0,64407.0,100.4992,6.689127389705883,24.012961930518728,576.631097886723,0.1448,100.4992,0.3922,10100.140082105,12.160277787532925,0.0,1.0,0.0,0.0,0.0,path_traversal
43022,0,0,22,4,2,6,0,64,164,10.0,6,6,6,141569.3015873016,0.0,0.0,2558742.0,0,9,61,40,0,0,0,0.0,0.0,0.0,0,0,0,100,2.59,26,7,0,17,0.0,0.3462,0,25,2.6147,0,1,0,0,0.1,0.02,1,64,9,40,61,48507.69,5319.73,34892.0,60742.0,0.417,6.689127389705883,24.012961930518728,576.631097886723,0.1448,100.4992,0.3922,10100.140082105,12.160277787532925,0.0,1.0,0.0,0.0,0.0,path_traversal
57975,0,0,7,2,11,1,0,18209,8,0.0,159,222,252,1802.7104569420037,0.0,0.0,6129127.0,1,81,11651,88,0,0,0,0.0,0.0,0.0,0,0,0,63,2.3229,53,14,0,37,0.0,0.3019,0,53,2.3229,0,1,0,0,2.65,0.74,1,18209,81,88,11651,46390.82,17565.52,1635.0,65516.0,100.4992,6.689127389705883,24.012961930518728,576.631097886723,0.1448,100.4992,0.3922,10100.140082105,12.160277787532925,0.0,1.0,0.0,0.0,0.0,path_traversal
63526,0,0,9,4,10,3,0,18209,8,0.0,108,659,1188,1802.7104569420037,0.0,0.0,6129127.0,1,81,11651,88,0,0,0,0.0,0.0,0.0,0,0,0,63,2.59,26,7,0,17,0.0,0.3462,0,25,2.6147,0,1,0,0,1.8,2.1967,1,18209,81,88,11651,46390.82,17565.52,1635.0,65516.0,100.4992,6.689127389705883,24.012961930518728,576.631097886723,0.1448,100.4992,0.3922,10100.140082105,12.160277787532925,0.0,1.0,0.0,0.0,0.0,path_traversal
63002,0,0,9,4,10,3,0,18209,8,0.0,224,605,1344,1802.7104569420037,0.0,0.0,6129127.0,1,81,11651,88,0,0,0,0.0,0.0,0.0,0,0,0,63,3.0958,11,2,0,2,0.0,0.8182,0,11,3.0958,0,1,0,0,3.7333,2.0167,1,18209,81,88,11651,46390.82,17565.52,1635.0,65516.0,100.4992,6.689127389705883,24.012961930518728,576.631097886723,0.1448,100.4992,0.3922,10100.140082105,12.160277787532925,0.0,1.0,0.0,0.0,0.0,path_traversal
37937,0,0,8,3,15,2,0,847,42,1.0,31,178,381,1.6643026004728132,1.0,0.0,326.0,1,21,94,2,0,0,0,0.0,0.0,0.0,0,0,0,115,2.1513,41,12,0,32,0.0,0.2195,0,40,2.1596,0,1,0,0,0.5167,0.5933,1,847,21,2,94,41363.36,5972.43,19265.0,64407.0,1.4427,6.689127389705883,24.012961930518728,576.631097886723,0.1448,100.4992,0.3922,10100.140082105,12.160277787532925,0.0,1.0,0.0,0.0,0.0,path_traversal
62162,0,0,9,4,10,3,0,18209,8,0.0,125,741,1482,1802.7104569420037,0.0,0.0,6129127.0,1,81,11651,88,0,0,0,0.0,0.0,0.0,0,0,0,63,2.1513,41,12,0,32,0.0,0.2195,0,40,2.1596,0,1,0,0,2.0833,2.47,1,18209,81,88,11651,46390.82,17565.52,1635.0,65516.0,100.4992,6.689127389705883,24.012961930518728,576.631097886723,0.1448,100.4992,0.3922,10100.140082105,12.160277787532925,0.0,1.0,0.0,0.0,0.0,path_traversal
30866,0,0,17,1,10,1,0,4119,22,0.0,308,634,634,2.040067994171928,0.0,0.0,3807.0,1,59,83,3631,0,0,0,0.0,0.0,0.0,0,1,1,56,1.9763,44,12,0,33,0.0,0.25,0,43,1.9776,0,1,0,0,5.1333,2.1133,1,4119,59,3631,83,24531.98,10083.29,19648.0,58172.0,100.4992,6.689127389705883,24.012961930518728,576.631097886723,0.1448,100.4992,0.3922,10100.140082105,12.160277787532925,0.0,0.0,1.0,0.0,0.0,path_traversal
38972,0,0,8,3,15,2,0,847,42,0.0,10,174,365,1.6643026004728132,1.0,0.0,326.0,1,21,94,2,0,0,0,0.0,0.0,0.0,0,0,0,115,2.4056,8,1,0,1,0.0,0.875,0,11,3.0958,0,1,0,0,0.1667,0.58,1,847,21,2,94,41363.36,5972.43,19265.0,64407.0,100.4992,6.689127389705883,24.012961930518728,576.631097886723,0.1448,100.4992,0.3922,10100.140082105,12.160277787532925,0.0,1.0,0.0,0.0,0.0,path_traversal
63050,0,0,9,4,10,3,0,18209,8,0.0,268,641,1367,1802.7104569420037,0.0,0.0,6129127.0,1,81,11651,88,0,0,0,0.0,0.0,0.0,0,0,0,63,2.0909,44,13,0,35,0.0,0.2045,0,43,2.0977,0,1,0,0,4.4667,2.1367,1,18209,81,88,11651,46390.82,17565.52,1635.0,65516.0,100.4992,6.689127389705883,24.012961930518728,576.631097886723,0.1448,100.4992,0.3922,10100.140082105,12.160277787532925,0.0,1.0,0.0,0.0,0.0,path_traversal
43531,0,0,17,0,9,1,0,1411,31,0.0,176,596,636,0.7028368794326241,0.0,0.0,176.0,1,31,54,1143,0,0,0,0.0,0.0,0.0,0,1,1,56,2.59,26,7,0,17,0.0,0.3462,0,25,2.6147,0,1,0,0,2.9333,1.9867,1,1411,31,1143,54,38387.99,9364.31,21376.0,43583.0,100.4992,6.689127389705883,24.012961930518728,576.631097886723,0.1448,100.4992,0.3922,10100.140082105,12.160277787532925,0.0,0.0,1.0,0.0,0.0,path_traversal
63097,0,0,9,4,10,3,0,18209,8,1.0,269,677,1367,1802.7104569420037,0.0,0.0,6129127.0,1,81,11651,88,0,0,0,0.0,0.0,0.0,0,0,0,63,3.0958,11,2,0,2,0.0,0.8182,0,11,3.0958,0,1,0,0,4.4833,2.2567,1,18209,81,88,11651,46390.82,17565.52,1635.0,65516.0,1.4427,6.689127389705883,24.012961930518728,576.631097886723,0.1448,100.4992,0.3922,10100.140082105,12.160277787532925,0.0,1.0,0.0,0.0,0.0,path_traversal
47995,0,0,8,3,15,2,0,847,42,1.0,40,191,400,1.6643026004728132,1.0,0.0,326.0,1,21,94,2,0,0,0,0.0,0.0,0.0,0,0,0,115,2.4056,8,1,0,1,0.0,0.875,0,16,3.375,0,1,0,1,0.6667,0.6367,2,847,21,2,94,41363.36,5972.43,19265.0,64407.0,1.4427,6.689127389705883,24.012961930518728,576.631097886723,0.1448,100.4992,0.3922,10100.140082105,12.160277787532925,0.0,1.0,0.0,0.0,0.0,path_traversal
63085,0,0,9,4,10,3,0,18209,8,0.0,268,668,1366,1802.7104569420037,0.0,0.0,6129127.0,1,81,11651,88,0,0,0,0.0,0.0,0.0,0,0,0,63,1.9876,50,15,0,41,0.0,0.18,0,49,1.992,0,1,0,0,4.4667,2.2267,1,18209,81,88,11651,46390.82,17565.52,1635.0,65516.0,100.4992,6.689127389705883,24.012961930518728,576.631097886723,0.1448,100.4992,0.3922,10100.140082105,12.160277787532925,0.0,1.0,0.0,0.0,0.0,path_traversal
30911,0,0,17,1,10,1,0,4119,22,0.0,316,703,703,2.040067994171928,0.0,0.0,3807.0,1,59,83,3631,0,0,0,0.0,0.0,0.0,0,1,1,56,2.1513,41,12,0,32,0.0,0.2195,0,40,2.1596,0,1,0,0,5.2667,2.3433,1,4119,59,3631,83,24531.98,10083.29,19648.0,58172.0,100.4992,6.689127389705883,24.012961930518728,576.631097886723,0.1448,100.4992,0.3922,10100.140082105,12.160277787532925,0.0,0.0,1.0,0.0,0.0,path_traversal
50521,0,0,10,4,3,2,0,18209,8,0.0,223,375,419,1802.7104569420037,0.0,0.0,6129127.0,1,81,11651,88,0,0,0,0.0,0.0,0.0,0,0,0,63,1.5517,25,8,0,22,0.0,0.12,0,25,1.5517,0,1,0,0,3.7167,1.25,1,18209,81,88,11651,46390.82,17565.52,1635.0,65516.0,100.4992,6.689127389705883,24.012961930518728,576.631097886723,0.1448,100.4992,0.3922,10100.140082105,12.160277787532925,0.0,1.0,0.0,0.0,0.0,path_traversal
64037,0,0,9,4,10,3,0,18209,8,1.0,165,587,1315,1802.7104569420037,0.0,0.0,6129127.0,1,81,11651,88,0,0,0,0.0,0.0,0.0,0,0,0,63,3.0958,11,2,0,2,0.0,0.8182,0,11,3.0958,0,1,0,0,2.75,1.9567,1,18209,81,88,11651,46390.82,17565.52,1635.0,65516.0,1.4427,6.689127389705883,24.012961930518728,576.631097886723,0.1448,100.4992,0.3922,10100.140082105,12.160277787532925,0.0,1.0,0.0,0.0,0.0,path_traversal
30909,0,0,17,1,10,1,0,4119,22,0.0,312,663,663,2.040067994171928,0.0,0.0,3807.0,1,59,83,3631,0,0,0,0.0,0.0,0.0,0,1,1,56,2.4056,8,1,0,1,0.0,0.875,0,0,0.0,0,0,0,0,5.2,2.21,0,4119,59,3631,83,24531.98,10083.29,19648.0,58172.0,100.4992,6.689127389705883,24.012961930518728,576.631097886723,0.1448,100.4992,0.3922,10100.140082105,12.160277787532925,0.0,0.0,1.0,0.0,0.0,path_traversal
48727,0,0,8,3,15,2,0,847,42,0.0,41,193,414,1.6643026004728132,1.0,0.0,326.0,1,21,94,2,0,0,0,0.0,0.0,0.0,0,0,0,115,3.0958,11,2,0,2,0.0,0.8182,0,11,3.0958,0,1,0,0,0.6833,0.6433,1,847,21,2,94,41363.36,5972.43,19265.0,64407.0,100.4992,6.689127389705883,24.012961930518728,576.631097886723,0.1448,100.4992,0.3922,10100.140082105,12.160277787532925,0.0,1.0,0.0,0.0,0.0,path_traversal
53687,0,0,10,4,3,2,0,18209,8,1.0,130,693,921,1802.7104569420037,0.0,0.0,6129127.0,1,81,11651,88,0,0,0,0.0,0.0,0.0,0,0,0,63,1.754,45,13,0,38,0.0,0.1556,0,44,1.7523,0,1,0,0,2.1667,2.31,1,18209,81,88,11651,46390.82,17565.52,1635.0,65516.0,1.4427,6.689127389705883,24.012961930518728,576.631097886723,0.1448,100.4992,0.3922,10100.140082105,12.160277787532925,0.0,1.0,0.0,0.0,0.0,path_traversal
53138,0,0,10,4,3,2,0,18209,8,0.0,227,509,557,1802.7104569420037,0.0,0.0,6129127.0,1,81,11651,88,0,0,0,0.0,0.0,0.0,0,0,0,63,3.0958,11,2,0,2,0.0,0.8182,0,11,3.0958,0,1,0,0,3.7833,1.6967,1,18209,81,88,11651,46390.82,17565.52,1635.0,65516.0,100.4992,6.689127389705883,24.012961930518728,576.631097886723,0.1448,100.4992,0.3922,10100.140082105,12.160277787532925,0.0,1.0,0.0,0.0,0.0,path_traversal
19680,0,0,18,1,10,1,0,4119,22,0.0,261,1301,2050,2.040067994171928,0.0,0.0,3807.0,1,59,83,3631,0,0,0,0.0,0.0,0.0,0,1,1,56,2.4056,8,1,0,1,0.0,0.875,0,11,3.0958,0,1,0,0,4.35,4.3367,1,4119,59,3631,83,24531.98,10083.29,19648.0,58172.0,100.4992,6.689127389705883,24.012961930518728,576.631097886723,0.1448,100.4992,0.3922,10100.140082105,12.160277787532925,0.0,0.0,1.0,0.0,0.0,path_traversal
37937,0,0,8,3,15,2,0,847,42,0.0,32,179,382,1.6643026004728132,1.0,0.0,326.0,1,21,94,2,0,0,0,0.0,0.0,0.0,0,0,0,115,1.842,39,11,0,32,0.0,0.1795,0,38,1.8411,0,1,0,0,0.5333,0.5967,1,847,21,2,94,41363.36,5972.43,19265.0,64407.0,100.4992,6.689127389705883,24.012961930518728,576.631097886723,0.1448,100.4992,0.3922,10100.140082105,12.160277787532925,0.0,1.0,0.0,0.0,0.0,path_traversal
40328,0,0,18,1,10,1,0,4119,22,0.0,202,1223,2119,2.040067994171928,0.0,0.0,3807.0,1,59,83,3631,0,0,0,0.0,0.0,0.0,0,1,1,56,3.0958,11,2,0,2,0.0,0.8182,0,11,3.0958,0,1,0,0,3.3667,4.0767,1,4119,59,3631,83,24531.98,10083.29,19648.0,58172.0,100.4992,6.689127389705883,24.012961930518728,576.631097886723,0.1448,100.4992,0.3922,10100.140082105,12.160277787532925,0.0,0.0,1.0,0.0,0.0,path_traversal
59884,0,0,8,4,10,3,0,18209,8,1.0,241,626,804,1802.7104569420037,0.0,0.0,6129127.0,1,81,11651,88,0,0,0,0.0,0.0,0.0,0,0,0,63,2.3802,32,9,0,23,0.0,0.2812,0,31,2.396,0,1,0,0,4.0167,2.0867,1,18209,81,88,11651,46390.82,17565.52,1635.0,65516.0,1.4427,6.689127389705883,24.012961930518728,576.631097886723,0.1448,100.4992,0.3922,10100.140082105,12.160277787532925,0.0,1.0,0.0,0.0,0.0,path_traversal
53141,0,0,10,4,3,2,0,18209,8,0.0,231,513,561,1802.7104569420037,0.0,0.0,6129127.0,1,81,11651,88,0,0,0,0.0,0.0,0.0,0,0,0,63,3.0958,11,2,0,2,0.0,0.8182,0,11,3.0958,0,1,0,0,3.85,1.71,1,18209,81,88,11651,46390.82,17565.52,1635.0,65516.0,100.4992,6.689127389705883,24.012961930518728,576.631097886723,0.1448,100.4992,0.3922,10100.140082105,12.160277787532925,0.0,1.0,0.0,0.0,0.0,path_traversal
54119,0,0,10,4,3,2,0,18209,8,0.0,130,670,1282,1802.7104569420037,0.0,0.0,6129127.0,1,81,11651,88,0,0,0,0.0,0.0,0.0,0,0,0,63,3.0958,11,2,0,2,0.0,0.8182,0,11,3.0958,0,1,0,0,2.1667,2.2333,1,18209,81,88,11651,46390.82,17565.52,1635.0,65516.0,100.4992,6.689127389705883,24.012961930518728,576.631097886723,0.1448,100.4992,0.3922,10100.140082105,12.160277787532925,0.0,1.0,0.0,0.0,0.0,path_traversal
53851,0,0,10,4,3,2,0,18209,8,0.0,149,693,1063,1802.7104569420037,0.0,0.0,6129127.0,1,81,11651,88,0,0,0,0.0,0.0,0.0,0,0,0,63,2.4056,8,1,0,1,0.0,0.875,0,30,4.2817,0,1,0,0,2.4833,2.31,1,18209,81,88,11651,46390.82,17565.52,1635.0,65516.0,100.4992,6.689127389705883,24.012961930518728,576.631097886723,0.1448,100.4992,0.3922,10100.140082105,12.160277787532925,0.0,1.0,0.0,0.0,0.0,path_traversal
63053,0,0,9,4,10,3,0,18209,8,0.0,270,645,1367,1802.7104569420037,0.0,0.0,6129127.0,1,81,11651,88,0,0,0,0.0,0.0,0.0,0,0,0,63,2.4056,8,1,0,1,0.0,0.875,0,37,4.6485,0,1,0,0,4.5,2.15,1,18209,81,88,11651,46390.82,17565.52,1635.0,65516.0,100.4992,6.689127389705883,24.012961930518728,576.631097886723,0.1448,100.4992,0.3922,10100.140082105,12.160277787532925,0.0,1.0,0.0,0.0,0.0,path_traversal
63251,0,0,9,4,10,3,0,18209,8,1.0,111,730,1280,1802.7104569420037,0.0,0.0,6129127.0,1,81,11651,88,0,0,0,0.0,0.0,0.0,0,0,0,63,3.0958,11,2,0,2,0.0,0.8182,0,11,3.0958,0,1,0,0,1.85,2.4333,1,18209,81,88,11651,46390.82,17565.52,1635.0,65516.0,1.4427,6.689127389705883,24.012961930518728,576.631097886723,0.1448,100.4992,0.3922,10100.140082105,12.160277787532925,0.0,1.0,0.0,0.0,0.0,path_traversal
14923,0,0,7,2,1,2,0,18209,8,0.0,508,508,508,1802.7104569420037,0.0,0.0,6129127.0,1,81,11651,88,0,0,0,0.0,0.0,0.0,0,0,0,111,2.2187,38,11,0,29,0.0,0.2368,0,37,2.229,0,1,0,0,8.4667,1.6933,1,18209,81,88,11651,46390.82,17565.52,1635.0,65516.0,100.4992,6.689127389705883,24.012961930518728,576.631097886723,0.1448,100.4992,0.3922,10100.140082105,12.160277787532925,0.0,1.0,0.0,0.0,0.0,path_traversal
60660,0,0,9,4,10,3,0,18209,8,0.0,211,976,1350,1802.7104569420037,0.0,0.0,6129127.0,1,81,11651,88,0,0,0,0.0,0.0,0.0,0,0,0,63,2.2944,35,10,0,26,0.0,0.2571,0,34,2.3072,0,1,0,0,3.5167,3.2533,1,18209,81,88,11651,46390.82,17565.52,1635.0,65516.0,100.4992,6.689127389705883,24.012961930518728,576.631097886723,0.1448,100.4992,0.3922,10100.140082105,12.160277787532925,0.0,1.0,0.0,0.0,0.0,path_traversal
59798,0,0,8,1,7,2,0,1153,36,0.0,174,204,207,385.2057291666667,0.0,0.0,259928.0,1,18,966,7,0,0,0,0.0,0.0,0.0,0,0,0,63,2.3229,53,14,0,37,0.0,0.3019,0,53,2.3229,0,1,0,0,2.9,0.68,1,1153,18,7,966,59856.31,2126.12,47634.0,61071.0,100.4992,6.689127389705883,24.012961930518728,576.631097886723,0.1448,100.4992,0.3922,10100.140082105,12.160277787532925,0.0,1.0,0.0,0.0,0.0,path_traversal
8426,0,0,9,3,1,2,0,946,38,3.0,106,211,215,1.5936507936507935,1.0,0.0,291.0,0,11,256,6,0,0,0,0.0,0.0,0.0,0,0,0,63,2.755,33,9,0,21,0.0,0.3636,0,33,2.755,0,1,0,0,1.7667,0.7033,1,946,11,6,256,15667.6,14333.36,6040.0,54506.0,0.7213,6.689127389705883,24.012961930518728,576.631097886723,0.1448,100.4992,0.3922,10100.140082105,12.160277787532925,0.0,1.0,0.0,0.0,0.0,path_traversal
30909,0,0,17,1,10,1,0,4119,22,0.0,310,674,674,2.040067994171928,0.0,0.0,3807.0,1,59,83,3631,0,0,0,0.0,0.0,0.0,0,1,1,56,2.59,26,7,0,17,0.0,0.3462,0,25,2.6147,0,1,0,0,5.1667,2.2467,1,4119,59,3631,83,24531.98,10083.29,19648.0,58172.0,100.4992,6.689127389705883,24.012961930518728,576.631097886723,0.1448,100.4992,0.3922,10100.140082105,12.160277787532925,0.0,0.0,1.0,0.0,0.0,path_traversal
3349,0,0,5,2,2,8,1,18209,8,0.0,129,136,140,1802.7104569420037,0.0,0.0,6129127.0,1,81,11651,88,0,0,0,0.0,0.0,0.0,0,0,0,63,2.3229,53,14,0,37,0.0,0.3019,0,53,2.3229,0,1,0,0,2.15,0.4533,1,18209,81,88,11651,46390.82,17565.52,1635.0,65516.0,100.4992,6.689127389705883,24.012961930518728,576.631097886723,0.1448,100.4992,0.3922,10100.140082105,12.160277787532925,0.0,1.0,0.0,0.0,0.0,path_traversal
62066,0,0,9,4,10,3,0,18209,8,1.0,168,733,1556,1802.7104569420037,0.0,0.0,6129127.0,1,81,11651,88,0,0,0,0.0,0.0,0.0,0,0,0,63,2.4056,8,1,0,1,0.0,0.875,0,58,2.3551,0,1,0,0,2.8,2.4433,1,18209,81,88,11651,46390.82,17565.52,1635.0,65516.0,1.4427,6.689127389705883,24.012961930518728,576.631097886723,0.1448,100.4992,0.3922,10100.140082105,12.160277787532925,0.0,1.0,0.0,0.0,0.0,path_traversal
19684,0,0,18,1,10,1,0,4119,22,0.0,223,1202,2458,2.040067994171928,0.0,0.0,3807.0,1,59,83,3631,0,0,0,0.0,0.0,0.0,0,1,1,56,2.4056,8,1,0,1,0.0,0.875,0,15,3.2402,0,1,0,0,3.7167,4.0067,1,4119,59,3631,83,24531.98,10083.29,19648.0,58172.0,100.4992,6.689127389705883,24.012961930518728,576.631097886723,0.1448,100.4992,0.3922,10100.140082105,12.160277787532925,0.0,0.0,1.0,0.0,0.0,path_traversal
50576,0,0,22,4,2,6,0,64,164,1.0,5,5,5,141569.3015873016,0.0,0.0,2558742.0,1,9,61,40,0,0,0,0.0,0.0,0.0,0,0,0,107,3.0958,11,2,0,2,0.0,0.8182,0,11,3.0958,0,1,0,0,0.0833,0.0167,1,64,9,40,61,48507.69,5319.73,34892.0,60742.0,1.4427,6.689127389705883,24.012961930518728,576.631097886723,0.1448,100.4992,0.3922,10100.140082105,12.160277787532925,0.0,1.0,0.0,0.0,0.0,path_traversal
55366,0,0,6,2,26,7,0,211,80,0.0,124,124,158,1.9857142857142855,0.0,0.0,372.0,1,9,162,2,0,0,0,0.0,0.0,0.0,0,1,1,79,2.4056,8,1,0,1,0.0,0.875,0,103,4.2783,0,1,0,0,2.0667,0.4133,1,211,9,2,162,55328.58,400.37,55080.0,59294.0,100.4992,6.689127389705883,24.012961930518728,576.631097886723,0.1448,100.4992,0.3922,10100.140082105,12.160277787532925,0.0,0.0,1.0,0.0,0.0,path_traversal
59534,0,0,17,3,18,1,0,5721,17,0.0,1309,2079,2254,0.1998251748251748,0.0,0.0,179.0,1,6,1778,1,0,0,0,0.0,0.0,0.0,0,0,0,114,3.0958,11,2,0,5,0.0,0.5455,0,10,3.1219,0,1,0,0,21.8167,6.93,1,5721,6,1,1778,45337.42,11858.7,1028.0,64678.0,100.4992,6.689127389705883,24.012961930518728,576.631097886723,0.1448,100.4992,0.3922,10100.140082105,12.160277787532925,0.0,1.0,0.0,0.0,0.0,path_traversal
50452,0,0,10,4,3,2,0,18209,8,1.0,245,300,343,1802.7104569420037,0.0,0.0,6129127.0,1,81,11651,88,0,0,0,0.0,0.0,0.0,0,0,0,63,2.1513,41,12,0,32,0.0,0.2195,0,40,2.1596,0,1,0,0,4.0833,1.0,1,18209,81,88,11651,46390.82,17565.52,1635.0,65516.0,1.4427,6.689127389705883,24.012961930518728,576.631097886723,0.1448,100.4992,0.3922,10100.140082105,12.160277787532925,0.0,1.0,0.0,0.0,0.0,path_traversal
48727,0,0,8,3,15,2,0,847,42,1.0,35,187,408,1.6643026004728132,1.0,0.0,326.0,1,21,94,2,0,0,0,0.0,0.0,0.0,0,0,0,115,2.1513,41,12,0,32,0.0,0.2195,0,40,2.1596,0,1,0,0,0.5833,0.6233,1,847,21,2,94,41363.36,5972.43,19265.0,64407.0,1.4427,6.689127389705883,24.012961930518728,576.631097886723,0.1448,100.4992,0.3922,10100.140082105,12.160277787532925,0.0,1.0,0.0,0.0,0.0,path_traversal
57648,0,0,17,1,10,1,0,4119,22,0.0,73,88,88,2.040067994171928,0.0,0.0,3807.0,1,59,83,3631,0,0,0,0.0,0.0,0.0,0,1,1,75,2.369,25,7,0,17,0.0,0.32,0,24,2.3879,0,1,0,0,1.2167,0.2933,1,4119,59,3631,83,24531.98,10083.29,19648.0,58172.0,100.4992,6.689127389705883,24.012961930518728,576.631097886723,0.1448,100.4992,0.3922,10100.140082105,12.160277787532925,0.0,0.0,1.0,0.0,0.0,path_traversal
62051,0,0,9,4,10,3,0,18209,8,1.0,176,737,1574,1802.7104569420037,0.0,0.0,6129127.0,1,81,11651,88,0,0,0,0.0,0.0,0.0,0,0,0,63,2.9219,10,2,0,4,0.0,0.6,0,9,2.9477,0,1,0,0,2.9333,2.4567,1,18209,81,88,11651,46390.82,17565.52,1635.0,65516.0,1.4427,6.689127389705883,24.012961930518728,576.631097886723,0.1448,100.4992,0.3922,10100.140082105,12.160277787532925,0.0,1.0,0.0,0.0,0.0,path_traversal
64940,0,0,7,1,30,1,0,7044,16,0.0,1740,4773,4773,143.73633394860144,0.0,0.0,1011596.0,1,9,279,4,0,0,0,0.0,0.0,0.0,0,0,0,114,3.0958,11,2,0,2,0.0,0.8182,0,11,3.0958,0,1,0,0,29.0,15.91,1,7044,9,4,279,41371.84,8550.56,18852.0,65276.0,100.4992,6.689127389705883,24.012961930518728,576.631097886723,0.1448,100.4992,0.3922,10100.140082105,12.160277787532925,0.0,1.0,0.0,0.0,0.0,path_traversal
40312,0,0,8,3,15,2,0,847,42,1.0,7,192,362,1.6643026004728132,1.0,0.0,326.0,1,21,94,2,0,0,0,0.0,0.0,0.0,0,0,0,115,1.9763,44,12,0,33,0.0,0.25,0,43,1.9776,0,1,0,0,0.1167,0.64,1,847,21,2,94,41363.36,5972.43,19265.0,64407.0,1.4427,6.689127389705883,24.012961930518728,576.631097886723,0.1448,100.4992,0.3922,10100.140082105,12.160277787532925,0.0,1.0,0.0,0.0,0.0,path_traversal
63266,0,0,9,4,10,3,0,18209,8,0.0,113,727,1277,1802.7104569420037,0.0,0.0,6129127.0,1,81,11651,88,0,0,0,0.0,0.0,0.0,0,0,0,63,3.0958,11,2,0,2,0.0,0.8182,0,11,3.0958,0,1,0,0,1.8833,2.4233,1,18209,81,88,11651,46390.82,17565.52,1635.0,65516.0,100.4992,6.689127389705883,24.012961930518728,576.631097886723,0.1448,100.4992,0.3922,10100.140082105,12.160277787532925,0.0,1.0,0.0,0.0,0.0,path_traversal
63789,0,0,9,4,10,3,0,18209,8,0.0,150,505,1160,1802.7104569420037,0.0,0.0,6129127.0,1,81,11651,88,0,0,0,0.0,0.0,0.0,0,0,0,63,3.0958,11,2,0,2,0.0,0.8182,0,11,3.0958,0,1,0,0,2.5,1.6833,1,18209,81,88,11651,46390.82,17565.52,1635.0,65516.0,100.4992,6.689127389705883,24.012961930518728,576.631097886723,0.1448,100.4992,0.3922,10100.140082105,12.160277787532925,0.0,1.0,0.0,0.0,0.0,path_traversal
30911,0,0,17,1,10,1,0,4119,22,0.0,317,710,710,2.040067994171928,0.0,0.0,3807.0,1,59,83,3631,0,0,0,0.0,0.0,0.0,0,1,1,56,1.7984,65,20,0,56,0.0,0.1385,0,64,1.7996,0,1,0,0,5.2833,2.3667,1,4119,59,3631,83,24531.98,10083.29,19648.0,58172.0,100.4992,6.689127389705883,24.012961930518728,576.631097886723,0.1448,100.4992,0.3922,10100.140082105,12.160277787532925,0.0,0.0,1.0,0.0,0.0,path_traversal
43532,0,0,17,0,9,1,0,1411,31,1.0,185,613,662,0.7028368794326241,0.0,0.0,176.0,1,31,54,1143,0,0,0,0.0,0.0,0.0,0,1,1,56,2.1513,41,12,0,32,0.0,0.2195,0,40,2.1596,0,1,0,0,3.0833,2.0433,1,1411,31,1143,54,38387.99,9364.31,21376.0,43583.0,1.4427,6.689127389705883,24.012961930518728,576.631097886723,0.1448,100.4992,0.3922,10100.140082105,12.160277787532925,0.0,0.0,1.0,0.0,0.0,path_traversal
52761,0,0,10,4,3,2,0,18209,8,0.0,102,250,324,1802.7104569420037,0.0,0.0,6129127.0,1,81,11651,88,0,0,0,0.0,0.0,0.0,0,0,0,63,2.4056,8,1,0,1,0.0,0.875,0,26,3.7193,1,0,0,0,1.7,0.8333,1,18209,81,88,11651,46390.82,17565.52,1635.0,65516.0,100.4992,6.689127389705883,24.012961930518728,576.631097886723,0.1448,100.4992,0.3922,10100.140082105,12.160277787532925,0.0,1.0,0.0,0.0,0.0,sqli
62299,0,0,9,4,10,3,0,18209,8,0.0,33,617,1390,1802.7104569420037,0.0,0.0,6129127.0,1,81,11651,88,0,0,0,0.0,0.0,0.0,0,0,0,63,2.4056,8,1,0,1,0.0,0.875,0,86,5.3271,1,0,0,0,0.55,2.0567,1,18209,81,88,11651,46390.82,17565.52,1635.0,65516.0,100.4992,6.689127389705883,24.012961930518728,576.631097886723,0.1448,100.4992,0.3922,10100.140082105,12.160277787532925,0.0,1.0,0.0,0.0,0.0,sqli
8733,0,0,13,5,14,1,0,172,94,1.0,7,7,7,2437.093567251462,0.0,0.0,167891.0,1,2,134,6,0,0,0,0.0,0.0,0.0,0,1,0,22,2.4056,8,1,0,1,0.0,0.875,0,63,4.6641,1,0,0,0,0.1167,0.0233,1,172,2,6,134,8713.34,127.53,8537.0,8952.0,1.4427,6.689127389705883,24.012961930518728,576.631097886723,0.1448,100.4992,0.3922,10100.140082105,12.160277787532925,0.0,0.0,0.0,1.0,0.0,sqli
53918,0,0,10,4,3,2,0,18209,8,0.0,191,689,1133,1802.7104569420037,0.0,0.0,6129127.0,1,81,11651,88,0,0,0,0.0,0.0,0.0,0,0,0,63,2.4056,8,1,0,1,0.0,0.875,0,73,4.9864,1,0,0,0,3.1833,2.2967,1,18209,81,88,11651,46390.82,17565.52,1635.0,65516.0,100.4992,6.689127389705883,24.012961930518728,576.631097886723,0.1448,100.4992,0.3922,10100.140082105,12.160277787532925,0.0,1.0,0.0,0.0,0.0,sqli
21433,0,0,17,0,9,1,0,1411,31,2.0,172,626,689,0.7028368794326241,0.0,0.0,176.0,0,31,54,1143,0,0,0,0.0,0.0,0.0,0,1,1,56,2.4056,8,1,0,1,0.0,0.875,0,186,4.5786,1,0,0,0,2.8667,2.0867,1,1411,31,1143,54,38387.99,9364.31,21376.0,43583.0,0.9102,6.689127389705883,24.012961930518728,576.631097886723,0.1448,100.4992,0.3922,10100.140082105,12.160277787532925,0.0,0.0,1.0,0.0,0.0,sqli
63940,0,0,9,4,10,3,0,18209,8,0.0,224,571,1252,1802.7104569420037,0.0,0.0,6129127.0,1,81,11651,88,0,0,0,0.0,0.0,0.0,0,0,0,63,2.4056,8,1,0,1,0.0,0.875,0,80,4.8414,1,0,0,0,3.7333,1.9033,1,18209,81,88,11651,46390.82,17565.52,1635.0,65516.0,100.4992,6.689127389705883,24.012961930518728,576.631097886723,0.1448,100.4992,0.3922,10100.140082105,12.160277787532925,0.0,1.0,0.0,0.0,0.0,sqli
52981,0,0,10,4,3,2,0,18209,8,0.0,141,356,402,1802.7104569420037,0.0,0.0,6129127.0,1,81,11651,88,0,0,0,0.0,0.0,0.0,0,0,0,63,2.4056,8,1,0,1,0.0,0.875,0,113,4.1766,1,0,0,0,2.35,1.1867,1,18209,81,88,11651,46390.82,17565.52,1635.0,65516.0,100.4992,6.689127389705883,24.012961930518728,576.631097886723,0.1448,100.4992,0.3922,10100.140082105,12.160277787532925,0.0,1.0,0.0,0.0,0.0,sqli
53313,0,0,10,4,3,2,0,18209,8,1.0,149,608,664,1802.7104569420037,0.0,0.0,6129127.0,1,81,11651,88,0,0,0,0.0,0.0,0.0,0,0,0,63,2.4056,8,1,0,1,0.0,0.875,0,11,2.6635,1,0,0,0,2.4833,2.0267,1,18209,81,88,11651,46390.82,17565.52,1635.0,65516.0,1.4427,6.689127389705883,24.012961930518728,576.631097886723,0.1448,100.4992,0.3922,10100.140082105,12.160277787532925,0.0,1.0,0.0,0.0,0.0,sqli
52981,0,0,10,4,3,2,0,18209,8,0.0,143,358,404,1802.7104569420037,0.0,0.0,6129127.0,1,81,11651,88,0,0,0,0.0,0.0,0.0,0,0,0,63,2.4056,8,1,0,1,0.0,0.875,0,113,4.1766,1,0,0,0,2.3833,1.1933,1,18209,81,88,11651,46390.82,17565.52,1635.0,65516.0,100.4992,6.689127389705883,24.012961930518728,576.631097886723,0.1448,100.4992,0.3922,10100.140082105,12.160277787532925,0.0,1.0,0.0,0.0,0.0,sqli
63673,0,0,9,4,10,3,0,18209,8,0.0,80,534,1089,1802.7104569420037,0.0,0.0,6129127.0,1,81,11651,88,0,0,0,0.0,0.0,0.0,0,0,0,63,2.4056,8,1,0,1,0.0,0.875,0,67,4.2093,1,0,0,0,1.3333,1.78,1,18209,81,88,11651,46390.82,17565.52,1635.0,65516.0,100.4992,6.689127389705883,24.012961930518728,576.631097886723,0.1448,100.4992,0.3922,10100.140082105,12.160277787532925,0.0,1.0,0.0,0.0,0.0,sqli
53712,0,0,10,4,3,2,0,18209,8,1.0,130,677,938,1802.7104569420037,0.0,0.0,6129127.0,1,81,11651,88,0,0,0,0.0,0.0,0.0,0,0,0,63,2.4056,8,1,0,1,0.0,0.875,0,65,4.1756,1,0,0,0,2.1667,2.2567,1,18209,81,88,11651,46390.82,17565.52,1635.0,65516.0,1.4427,6.689127389705883,24.012961930518728,576.631097886723,0.1448,100.4992,0.3922,10100.140082105,12.160277787532925,0.0,1.0,0.0,0.0,0.0,sqli
53106,0,0,10,4,3,2,0,18209,8,0.0,197,479,527,1802.7104569420037,0.0,0.0,6129127.0,1,81,11651,88,0,0,0,0.0,0.0,0.0,0,0,0,63,2.4056,8,1,0,1,0.0,0.875,0,172,4.9834,1,0,0,0,3.2833,1.5967,1,18209,81,88,11651,46390.82,17565.52,1635.0,65516.0,100.4992,6.689127389705883,24.012961930518728,576.631097886723,0.1448,100.4992,0.3922,10100.140082105,12.160277787532925,0.0,1.0,0.0,0.0,0.0,sqli
53896,0,0,10,4,3,2,0,18209,8,0.0,177,686,1111,1802.7104569420037,0.0,0.0,6129127.0,1,81,11651,88,0,0,0,0.0,0.0,0.0,0,0,0,63,2.4056,8,1,0,1,0.0,0.875,0,50,4.0338,1,0,0,0,2.95,2.2867,1,18209,81,88,11651,46390.82,17565.52,1635.0,65516.0,100.4992,6.689127389705883,24.012961930518728,576.631097886723,0.1448,100.4992,0.3922,10100.140082105,12.160277787532925,0.0,1.0,0.0,0.0,0.0,sqli
63787,0,0,9,4,10,3,0,18209,8,0.0,146,501,1155,1802.7104569420037,0.0,0.0,6129127.0,1,81,11651,88,0,0,0,0.0,0.0,0.0,0,0,0,63,2.4056,8,1,0,1,0.0,0.875,0,41,3.9569,1,0,0,0,2.4333,1.67,1,18209,81,88,11651,46390.82,17565.52,1635.0,65516.0,100.4992,6.689127389705883,24.012961930518728,576.631097886723,0.1448,100.4992,0.3922,10100.140082105,12.160277787532925,0.0,1.0,0.0,0.0,0.0,sqli
63885,0,0,9,4,10,3,0,18209,8,0.0,188,529,1208,1802.7104569420037,0.0,0.0,6129127.0,1,81,11651,88,0,0,0,0.0,0.0,0.0,0,0,0,63,2.4056,8,1,0,1,0.0,0.875,0,99,3.9435,1,0,0,0,3.1333,1.7633,1,18209,81,88,11651,46390.82,17565.52,1635.0,65516.0,100.4992,6.689127389705883,24.012961930518728,576.631097886723,0.1448,100.4992,0.3922,10100.140082105,12.160277787532925,0.0,1.0,0.0,0.0,0.0,sqli
62903,0,0,9,4,10,3,0,18209,8,0.0,156,543,1275,1802.7104569420037,0.0,0.0,6129127.0,1,81,11651,88,0,0,0,0.0,0.0,0.0,0,0,0,63,2.4056,8,1,0,1,0.0,0.875,0,173,4.989,1,0,0,0,2.6,1.81,1,18209,81,88,11651,46390.82,17565.52,1635.0,65516.0,100.4992,6.689127389705883,24.012961930518728,576.631097886723,0.1448,100.4992,0.3922,10100.140082105,12.160277787532925,0.0,1.0,0.0,0.0,0.0,sqli
52912,0,0,10,4,3,2,0,18209,8,0.0,122,313,359,1802.7104569420037,0.0,0.0,6129127.0,1,81,11651,88,0,0,0,0.0,0.0,0.0,0,0,0,63,2.4056,8,1,0,1,0.0,0.875,0,45,4.2275,1,0,0,0,2.0333,1.0433,1,18209,81,88,11651,46390.82,17565.52,1635.0,65516.0,100.4992,6.689127389705883,24.012961930518728,576.631097886723,0.1448,100.4992,0.3922,10100.140082105,12.160277787532925,0.0,1.0,0.0,0.0,0.0,sqli
62971,0,0,9,4,10,3,0,18209,8,0.0,191,578,1325,1802.7104569420037,0.0,0.0,6129127.0,1,81,11651,88,0,0,0,0.0,0.0,0.0,0,0,0,63,2.4056,8,1,0,1,0.0,0.875,0,80,4.9863,1,0,0,0,3.1833,1.9267,1,18209,81,88,11651,46390.82,17565.52,1635.0,65516.0,100.4992,6.689127389705883,24.012961930518728,576.631097886723,0.1448,100.4992,0.3922,10100.140082105,12.160277787532925,0.0,1.0,0.0,0.0,0.0,sqli
62703,0,0,9,4,10,3,0,18209,8,0.0,98,539,1187,1802.7104569420037,0.0,0.0,6129127.0,1,81,11651,88,0,0,0,0.0,0.0,0.0,0,0,0,63,2.4056,8,1,0,1,0.0,0.875,0,26,4.027,1,0,0,0,1.6333,1.7967,1,18209,81,88,11651,46390.82,17565.52,1635.0,65516.0,100.4992,6.689127389705883,24.012961930518728,576.631097886723,0.1448,100.4992,0.3922,10100.140082105,12.160277787532925,0.0,1.0,0.0,0.0,0.0,sqli
53105,0,0,10,4,3,2,0,18209,8,0.0,196,478,526,1802.7104569420037,0.0,0.0,6129127.0,1,81,11651,88,0,0,0,0.0,0.0,0.0,0,0,0,63,2.4056,8,1,0,1,0.0,0.875,0,80,4.9113,1,0,0,0,3.2667,1.5933,1,18209,81,88,11651,46390.82,17565.52,1635.0,65516.0,100.4992,6.689127389705883,24.012961930518728,576.631097886723,0.1448,100.4992,0.3922,10100.140082105,12.160277787532925,0.0,1.0,0.0,0.0,0.0,sqli
52963,0,0,10,4,3,2,0,18209,8,0.0,126,335,381,1802.7104569420037,0.0,0.0,6129127.0,1,81,11651,88,0,0,0,0.0,0.0,0.0,0,0,0,63,2.4056,8,1,0,1,0.0,0.875,0,160,4.098,1,0,0,0,2.1,1.1167,1,18209,81,88,11651,46390.82,17565.52,1635.0,65516.0,100.4992,6.689127389705883,24.012961930518728,576.631097886723,0.1448,100.4992,0.3922,10100.140082105,12.160277787532925,0.0,1.0,0.0,0.0,0.0,sqli
53106,0,0,10,4,3,2,0,18209,8,0.0,193,475,523,1802.7104569420037,0.0,0.0,6129127.0,1,81,11651,88,0,0,0,0.0,0.0,0.0,0,0,0,63,2.4056,8,1,0,1,0.0,0.875,0,172,4.9809,1,0,0,0,3.2167,1.5833,1,18209,81,88,11651,46390.82,17565.52,1635.0,65516.0,100.4992,6.689127389705883,24.012961930518728,576.631097886723,0.1448,100.4992,0.3922,10100.140082105,12.160277787532925,0.0,1.0,0.0,0.0,0.0,sqli
62903,0,0,9,4,10,3,0,18209,8,0.0,155,542,1274,1802.7104569420037,0.0,0.0,6129127.0,1,81,11651,88,0,0,0,0.0,0.0,0.0,0,0,0,63,2.4056,8,1,0,1,0.0,0.875,0,173,4.9575,1,0,0,0,2.5833,1.8067,1,18209,81,88,11651,46390.82,17565.52,1635.0,65516.0,100.4992,6.689127389705883,24.012961930518728,576.631097886723,0.1448,100.4992,0.3922,10100.140082105,12.160277787532925,0.0,1.0,0.0,0.0,0.0,sqli
53087,0,0,10,4,3,2,0,18209,8,0.0,177,459,507,1802.7104569420037,0.0,0.0,6129127.0,1,81,11651,88,0,0,0,0.0,0.0,0.0,0,0,0,63,2.4056,8,1,0,1,0.0,0.875,0,87,4.535,1,0,0,0,2.95,1.53,1,18209,81,88,11651,46390.82,17565.52,1635.0,65516.0,100.4992,6.689127389705883,24.012961930518728,576.631097886723,0.1448,100.4992,0.3922,10100.140082105,12.160277787532925,0.0,1.0,0.0,0.0,0.0,sqli
50081,0,0,10,4,3,2,0,18209,8,0.0,7,51,122,1802.7104569420037,0.0,0.0,6129127.0,1,81,11651,88,0,0,0,0.0,0.0,0.0,0,0,0,63,2.4056,8,1,0,1,0.0,0.875,0,2,0.0,1,0,0,0,0.1167,0.17,1,18209,81,88,11651,46390.82,17565.52,1635.0,65516.0,100.4992,6.689127389705883,24.012961930518728,576.631097886723,0.1448,100.4992,0.3922,10100.140082105,12.160277787532925,0.0,1.0,0.0,0.0,0.0,sqli
62944,0,0,9,4,10,3,0,18209,8,0.0,172,563,1309,1802.7104569420037,0.0,0.0,6129127.0,1,81,11651,88,0,0,0,0.0,0.0,0.0,0,0,0,63,2.4056,8,1,0,1,0.0,0.875,0,87,4.535,1,0,0,0,2.8667,1.8767,1,18209,81,88,11651,46390.82,17565.52,1635.0,65516.0,100.4992,6.689127389705883,24.012961930518728,576.631097886723,0.1448,100.4992,0.3922,10100.140082105,12.160277787532925,0.0,1.0,0.0,0.0,0.0,sqli
53529,0,0,10,4,3,2,0,18209,8,1.0,61,654,798,1802.7104569420037,0.0,0.0,6129127.0,1,81,11651,88,0,0,0,0.0,0.0,0.0,0,0,0,63,2.4056,8,1,0,1,0.0,0.875,0,54,4.0106,1,0,0,0,1.0167,2.18,1,18209,81,88,11651,46390.82,17565.52,1635.0,65516.0,1.4427,6.689127389705883,24.012961930518728,576.631097886723,0.1448,100.4992,0.3922,10100.140082105,12.160277787532925,0.0,1.0,0.0,0.0,0.0,sqli
62703,0,0,9,4,10,3,0,18209,8,0.0,96,537,1185,1802.7104569420037,0.0,0.0,6129127.0,1,81,11651,88,0,0,0,0.0,0.0,0.0,0,0,0,63,2.4056,8,1,0,1,0.0,0.875,0,26,4.2099,1,0,0,0,1.6,1.79,1,18209,81,88,11651,46390.82,17565.52,1635.0,65516.0,100.4992,6.689127389705883,24.012961930518728,576.631097886723,0.1448,100.4992,0.3922,10100.140082105,12.160277787532925,0.0,1.0,0.0,0.0,0.0,sqli
62946,0,0,9,4,10,3,0,18209,8,1.0,175,565,1312,1802.7104569420037,0.0,0.0,6129127.0,1,81,11651,88,0,0,0,0.0,0.0,0.0,0,0,0,63,2.4056,8,1,0,1,0.0,0.875,0,66,5.0855,1,0,0,0,2.9167,1.8833,1,18209,81,88,11651,46390.82,17565.52,1635.0,65516.0,1.4427,6.689127389705883,24.012961930518728,576.631097886723,0.1448,100.4992,0.3922,10100.140082105,12.160277787532925,0.0,1.0,0.0,0.0,0.0,sqli
62983,0,0,9,4,10,3,0,18209,8,0.0,202,587,1329,1802.7104569420037,0.0,0.0,6129127.0,1,81,11651,88,0,0,0,0.0,0.0,0.0,0,0,0,63,2.4056,8,1,0,1,0.0,0.875,0,49,3.9094,1,0,0,0,3.3667,1.9567,1,18209,81,88,11651,46390.82,17565.52,1635.0,65516.0,100.4992,6.689127389705883,24.012961930518728,576.631097886723,0.1448,100.4992,0.3922,10100.140082105,12.160277787532925,0.0,1.0,0.0,0.0,0.0,sqli
53114,0,0,10,4,3,2,0,18209,8,0.0,204,486,534,1802.7104569420037,0.0,0.0,6129127.0,1,81,11651,88,0,0,0,0.0,0.0,0.0,0,0,0,63,2.4056,8,1,0,1,0.0,0.875,0,49,3.9094,1,0,0,0,3.4,1.62,1,18209,81,88,11651,46390.82,17565.52,1635.0,65516.0,100.4992,6.689127389705883,24.012961930518728,576.631097886723,0.1448,100.4992,0.3922,10100.140082105,12.160277787532925,0.0,1.0,0.0,0.0,0.0,sqli
19680,0,0,17,1,10,1,0,4119,22,0.0,307,745,745,2.040067994171928,0.0,0.0,3807.0,1,59,83,3631,0,0,0,0.0,0.0,0.0,0,1,1,56,2.4056,8,1,0,1,0.0,0.875,0,186,4.5786,1,0,0,0,5.1167,2.4833,1,4119,59,3631,83,24531.98,10083.29,19648.0,58172.0,100.4992,6.689127389705883,24.012961930518728,576.631097886723,0.1448,100.4992,0.3922,10100.140082105,12.160277787532925,0.0,0.0,1.0,0.0,0.0,sqli
62832,0,0,9,4,10,3,0,18209,8,1.0,124,492,1225,1802.7104569420037,0.0,0.0,6129127.0,1,81,11651,88,0,0,0,0.0,0.0,0.0,0,0,0,63,2.4056,8,1,0,1,0.0,0.875,0,160,4.1015,1,0,0,0,2.0667,1.64,1,18209,81,88,11651,46390.82,17565.52,1635.0,65516.0,1.4427,6.689127389705883,24.012961930518728,576.631097886723,0.1448,100.4992,0.3922,10100.140082105,12.160277787532925,0.0,1.0,0.0,0.0,0.0,sqli
62840,0,0,9,4,10,3,0,18209,8,0.0,135,504,1238,1802.7104569420037,0.0,0.0,6129127.0,1,81,11651,88,0,0,0,0.0,0.0,0.0,0,0,0,63,2.4056,8,1,0,1,0.0,0.875,0,112,4.2218,1,0,0,0,2.25,1.68,1,18209,81,88,11651,46390.82,17565.52,1635.0,65516.0,100.4992,6.689127389705883,24.012961930518728,576.631097886723,0.1448,100.4992,0.3922,10100.140082105,12.160277787532925,0.0,1.0,0.0,0.0,0.0,sqli
53529,0,0,10,4,3,2,0,18209,8,0.0,62,655,799,1802.7104569420037,0.0,0.0,6129127.0,1,81,11651,88,0,0,0,0.0,0.0,0.0,0,0,0,63,2.4056,8,1,0,1,0.0,0.875,0,54,4.0007,1,0,0,0,1.0333,2.1833,1,18209,81,88,11651,46390.82,17565.52,1635.0,65516.0,100.4992,6.689127389705883,24.012961930518728,576.631097886723,0.1448,100.4992,0.3922,10100.140082105,12.160277787532925,0.0,1.0,0.0,0.0,0.0,sqli
63938,0,0,9,4,10,3,0,18209,8,1.0,222,566,1247,1802.7104569420037,0.0,0.0,6129127.0,1,81,11651,88,0,0,0,0.0,0.0,0.0,0,0,0,63,2.4056,8,1,0,1,0.0,0.875,0,27,4.0323,1,0,0,0,3.7,1.8867,1,18209,81,88,11651,46390.82,17565.52,1635.0,65516.0,1.4427,6.689127389705883,24.012961930518728,576.631097886723,0.1448,100.4992,0.3922,10100.140082105,12.160277787532925,0.0,1.0,0.0,0.0,0.0,sqli
53807,0,0,10,4,3,2,0,18209,8,0.0,127,698,1020,1802.7104569420037,0.0,0.0,6129127.0,1,81,11651,88,0,0,0,0.0,0.0,0.0,0,0,0,63,2.4056,8,1,0,1,0.0,0.875,0,179,4.9884,1,0,0,0,2.1167,2.3267,1,18209,81,88,11651,46390.82,17565.52,1635.0,65516.0,100.4992,6.689127389705883,24.012961930518728,576.631097886723,0.1448,100.4992,0.3922,10100.140082105,12.160277787532925,0.0,1.0,0.0,0.0,0.0,sqli
62832,0,0,9,4,10,3,0,18209,8,0.0,127,495,1228,1802.7104569420037,0.0,0.0,6129127.0,1,81,11651,88,0,0,0,0.0,0.0,0.0,0,0,0,63,2.4056,8,1,0,1,0.0,0.875,0,160,4.0549,1,0,0,0,2.1167,1.65,1,18209,81,88,11651,46390.82,17565.52,1635.0,65516.0,100.4992,6.689127389705883,24.012961930518728,576.631097886723,0.1448,100.4992,0.3922,10100.140082105,12.160277787532925,0.0,1.0,0.0,0.0,0.0,sqli
52963,0,0,10,4,3,2,0,18209,8,0.0,127,336,382,1802.7104569420037,0.0,0.0,6129127.0,1,81,11651,88,0,0,0,0.0,0.0,0.0,0,0,0,63,2.4056,8,1,0,1,0.0,0.875,0,159,4.0914,1,0,0,0,2.1167,1.12,1,18209,81,88,11651,46390.82,17565.52,1635.0,65516.0,100.4992,6.689127389705883,24.012961930518728,576.631097886723,0.1448,100.4992,0.3922,10100.140082105,12.160277787532925,0.0,1.0,0.0,0.0,0.0,sqli
53920,0,0,10,4,3,2,0,18209,8,0.0,192,690,1134,1802.7104569420037,0.0,0.0,6129127.0,1,81,11651,88,0,0,0,0.0,0.0,0.0,0,0,0,63,2.4056,8,1,0,1,0.0,0.875,0,27,3.9862,1,0,0,0,3.2,2.3,1,18209,81,88,11651,46390.82,17565.52,1635.0,65516.0,100.4992,6.689127389705883,24.012961930518728,576.631097886723,0.1448,100.4992,0.3922,10100.140082105,12.160277787532925,0.0,1.0,0.0,0.0,0.0,sqli
19711,0,0,18,1,10,1,0,4119,22,0.0,237,1179,2530,2.040067994171928,0.0,0.0,3807.0,1,59,83,3631,0,0,0,0.0,0.0,0.0,0,1,1,56,2.4056,8,1,0,1,0.0,0.875,0,27,3.8986,1,0,0,0,3.95,3.93,1,4119,59,3631,83,24531.98,10083.29,19648.0,58172.0,100.4992,6.689127389705883,24.012961930518728,576.631097886723,0.1448,100.4992,0.3922,10100.140082105,12.160277787532925,0.0,0.0,1.0,0.0,0.0,sqli
53810,0,0,10,4,3,2,0,18209,8,0.0,129,699,1023,1802.7104569420037,0.0,0.0,6129127.0,1,81,11651,88,0,0,0,0.0,0.0,0.0,0,0,0,63,2.4056,8,1,0,1,0.0,0.875,0,41,4.0057,1,0,0,0,2.15,2.33,1,18209,81,88,11651,46390.82,17565.52,1635.0,65516.0,100.4992,6.689127389705883,24.012961930518728,576.631097886723,0.1448,100.4992,0.3922,10100.140082105,12.160277787532925,0.0,1.0,0.0,0.0,0.0,sqli
53810,0,0,10,4,3,2,0,18209,8,0.0,130,699,1026,1802.7104569420037,0.0,0.0,6129127.0,1,81,11651,88,0,0,0,0.0,0.0,0.0,0,0,0,63,2.4056,8,1,0,1,0.0,0.875,0,40,3.8685,1,0,0,0,2.1667,2.33,1,18209,81,88,11651,46390.82,17565.52,1635.0,65516.0,100.4992,6.689127389705883,24.012961930518728,576.631097886723,0.1448,100.4992,0.3922,10100.140082105,12.160277787532925,0.0,1.0,0.0,0.0,0.0,sqli
62128,0,0,9,4,10,3,0,18209,8,0.0,139,744,1514,1802.7104569420037,0.0,0.0,6129127.0,1,81,11651,88,0,0,0,0.0,0.0,0.0,0,0,0,63,2.4056,8,1,0,1,0.0,0.875,0,8,2.5,1,0,0,0,2.3167,2.48,1,18209,81,88,11651,46390.82,17565.52,1635.0,65516.0,100.4992,6.689127389705883,24.012961930518728,576.631097886723,0.1448,100.4992,0.3922,10100.140082105,12.160277787532925,0.0,1.0,0.0,0.0,0.0,sqli
63933,0,0,9,4,10,3,0,18209,8,0.0,218,560,1242,1802.7104569420037,0.0,0.0,6129127.0,1,81,11651,88,0,0,0,0.0,0.0,0.0,0,0,0,63,2.4056,8,1,0,1,0.0,0.875,0,73,5.0359,1,0,0,0,3.6333,1.8667,1,18209,81,88,11651,46390.82,17565.52,1635.0,65516.0,100.4992,6.689127389705883,24.012961930518728,576.631097886723,0.1448,100.4992,0.3922,10100.140082105,12.160277787532925,0.0,1.0,0.0,0.0,0.0,sqli
63172,0,0,9,4,10,3,0,18209,8,0.0,136,704,1361,1802.7104569420037,0.0,0.0,6129127.0,1,81,11651,88,0,0,0,0.0,0.0,0.0,0,0,0,63,2.4056,8,1,0,1,0.0,0.875,0,10,2.9219,1,0,0,0,2.2667,2.3467,1,18209,81,88,11651,46390.82,17565.52,1635.0,65516.0,100.4992,6.689127389705883,24.012961930518728,576.631097886723,0.1448,100.4992,0.3922,10100.140082105,12.160277787532925,0.0,1.0,0.0,0.0,0.0,sqli
53807,0,0,10,4,3,2,0,18209,8,0.0,128,698,1022,1802.7104569420037,0.0,0.0,6129127.0,1,81,11651,88,0,0,0,0.0,0.0,0.0,0,0,0,63,2.4056,8,1,0,1,0.0,0.875,0,179,4.9884,1,0,0,0,2.1333,2.3267,1,18209,81,88,11651,46390.82,17565.52,1635.0,65516.0,100.4992,6.689127389705883,24.012961930518728,576.631097886723,0.1448,100.4992,0.3922,10100.140082105,12.160277787532925,0.0,1.0,0.0,0.0,0.0,sqli
62379,0,0,9,4,10,3,0,18209,8,1.0,84,555,1361,1802.7104569420037,0.0,0.0,6129127.0,1,81,11651,88,0,0,0,0.0,0.0,0.0,0,0,0,63,2.4056,8,1,0,1,0.0,0.875,0,57,4.3271,1,0,1,0,1.4,1.85,2,18209,81,88,11651,46390.82,17565.52,1635.0,65516.0,1.4427,6.689127389705883,24.012961930518728,576.631097886723,0.1448,100.4992,0.3922,10100.140082105,12.160277787532925,0.0,1.0,0.0,0.0,0.0,sqli
53431,0,0,10,4,3,2,0,18209,8,0.0,118,666,753,1802.7104569420037,0.0,0.0,6129127.0,1,81,11651,88,0,0,0,0.0,0.0,0.0,0,0,0,63,2.4056,8,1,0,1,0.0,0.875,0,94,4.7342,1,0,0,0,1.9667,2.22,1,18209,81,88,11651,46390.82,17565.52,1635.0,65516.0,100.4992,6.689127389705883,24.012961930518728,576.631097886723,0.1448,100.4992,0.3922,10100.140082105,12.160277787532925,0.0,1.0,0.0,0.0,0.0,sqli
62840,0,0,9,4,10,3,0,18209,8,0.0,132,501,1235,1802.7104569420037,0.0,0.0,6129127.0,1,81,11651,88,0,0,0,0.0,0.0,0.0,0,0,0,63,2.4056,8,1,0,1,0.0,0.875,0,100,4.3044,1,0,0,0,2.2,1.67,1,18209,81,88,11651,46390.82,17565.52,1635.0,65516.0,100.4992,6.689127389705883,24.012961930518728,576.631097886723,0.1448,100.4992,0.3922,10100.140082105,12.160277787532925,0.0,1.0,0.0,0.0,0.0,sqli
62128,0,0,9,4,10,3,0,18209,8,1.0,137,745,1512,1802.7104569420037,0.0,0.0,6129127.0,1,81,11651,88,0,0,0,0.0,0.0,0.0,0,0,0,63,2.4056,8,1,0,1,0.0,0.875,0,8,2.5,1,0,0,0,2.2833,2.4833,1,18209,81,88,11651,46390.82,17565.52,1635.0,65516.0,1.4427,6.689127389705883,24.012961930518728,576.631097886723,0.1448,100.4992,0.3922,10100.140082105,12.160277787532925,0.0,1.0,0.0,0.0,0.0,sqli
52761,0,0,10,4,3,2,0,18209,8,1.0,100,248,322,1802.7104569420037,0.0,0.0,6129127.0,1,81,11651,88,0,0,0,0.0,0.0,0.0,0,0,0,63,2.4056,8,1,0,1,0.0,0.875,0,25,3.9435,1,0,0,0,1.6667,0.8267,1,18209,81,88,11651,46390.82,17565.52,1635.0,65516.0,1.4427,6.689127389705883,24.012961930518728,576.631097886723,0.1448,100.4992,0.3922,10100.140082105,12.160277787532925,0.0,1.0,0.0,0.0,0.0,sqli
63910,0,0,9,4,10,3,0,18209,8,0.0,208,548,1231,1802.7104569420037,0.0,0.0,6129127.0,1,81,11651,88,0,0,0,0.0,0.0,0.0,0,0,0,63,2.4056,8,1,0,1,0.0,0.875,0,50,4.2129,1,0,0,0,3.4667,1.8267,1,18209,81,88,11651,46390.82,17565.52,1635.0,65516.0,100.4992,6.689127389705883,24.012961930518728,576.631097886723,0.1448,100.4992,0.3922,10100.140082105,12.160277787532925,0.0,1.0,0.0,0.0,0.0,sqli
65356,0,0,4,0,16,1,1,610,47,1.0,7,7,41,8.9064039408867,6.0,0.0,884.0,1,2,604,3,0,0,0,0.0,0.0,0.0,0,1,0,22,2.4056,8,1,0,1,0.0,0.875,0,63,4.6641,1,0,0,0,0.1167,0.0233,1,610,2,3,604,64541.69,535.07,63000.0,65370.0,1.4427,6.689127389705883,24.012961930518728,576.631097886723,0.1448,100.4992,0.3922,10100.140082105,12.160277787532925,0.0,0.0,0.0,1.0,0.0,sqli
63673,0,0,9,4,10,3,0,18209,8,1.0,82,530,1090,1802.7104569420037,0.0,0.0,6129127.0,1,81,11651,88,0,0,0,0.0,0.0,0.0,0,0,0,63,2.4056,8,1,0,1,0.0,0.875,0,67,4.2093,1,0,0,0,1.3667,1.7667,1,18209,81,88,11651,46390.82,17565.52,1635.0,65516.0,1.4427,6.689127389705883,24.012961930518728,576.631097886723,0.1448,100.4992,0.3922,10100.140082105,12.160277787532925,0.0,1.0,0.0,0.0,0.0,sqli
59914,0,0,8,4,10,3,0,18209,8,0.0,250,647,831,1802.7104569420037,0.0,0.0,6129127.0,1,81,11651,88,0,0,0,0.0,0.0,0.0,0,0,0,63,2.4056,8,1,0,1,0.0,0.875,0,34,4.0431,1,0,0,0,4.1667,2.1567,1,18209,81,88,11651,46390.82,17565.52,1635.0,65516.0,100.4992,6.689127389705883,24.012961930518728,576.631097886723,0.1448,100.4992,0.3922,10100.140082105,12.160277787532925,0.0,1.0,0.0,0.0,0.0,sqli
62522,0,0,9,4,10,3,0,18209,8,1.0,170,623,1289,1802.7104569420037,0.0,0.0,6129127.0,1,81,11651,88,0,0,0,0.0,0.0,0.0,0,0,0,63,2.4056,8,1,0,1,0.0,0.875,0,42,4.1572,1,0,0,0,2.8333,2.0767,1,18209,81,88,11651,46390.82,17565.52,1635.0,65516.0,1.4427,6.689127389705883,24.012961930518728,576.631097886723,0.1448,100.4992,0.3922,10100.140082105,12.160277787532925,0.0,1.0,0.0,0.0,0.0,sqli
63782,0,0,9,4,10,3,0,18209,8,0.0,143,500,1151,1802.7104569420037,0.0,0.0,6129127.0,1,81,11651,88,0,0,0,0.0,0.0,0.0,0,0,0,63,2.4056,8,1,0,1,0.0,0.875,0,179,4.9884,1,0,0,0,2.3833,1.6667,1,18209,81,88,11651,46390.82,17565.52,1635.0,65516.0,100.4992,6.689127389705883,24.012961930518728,576.631097886723,0.1448,100.4992,0.3922,10100.140082105,12.160277787532925,0.0,1.0,0.0,0.0,0.0,sqli
52981,0,0,10,4,3,2,0,18209,8,0.0,144,361,407,1802.7104569420037,0.0,0.0,6129127.0,1,81,11651,88,0,0,0,0.0,0.0,0.0,0,0,0,63,2.4056,8,1,0,1,0.0,0.875,0,101,4.2578,1,0,0,0,2.4,1.2033,1,18209,81,88,11651,46390.82,17565.52,1635.0,65516.0,100.4992,6.689127389705883,24.012961930518728,576.631097886723,0.1448,100.4992,0.3922,10100.140082105,12.160277787532925,0.0,1.0,0.0,0.0,0.0,sqli
53091,0,0,10,4,3,2,0,18209,8,0.0,179,461,509,1802.7104569420037,0.0,0.0,6129127.0,1,81,11651,88,0,0,0,0.0,0.0,0.0,0,0,0,63,2.4056,8,1,0,1,0.0,0.875,0,67,5.0545,1,0,0,0,2.9833,1.5367,1,18209,81,88,11651,46390.82,17565.52,1635.0,65516.0,100.4992,6.689127389705883,24.012961930518728,576.631097886723,0.1448,100.4992,0.3922,10100.140082105,12.160277787532925,0.0,1.0,0.0,0.0,0.0,sqli
63885,0,0,9,4,10,3,0,18209,8,0.0,185,527,1206,1802.7104569420037,0.0,0.0,6129127.0,1,81,11651,88,0,0,0,0.0,0.0,0.0,0,0,0,63,2.4056,8,1,0,1,0.0,0.875,0,99,3.9435,1,0,0,0,3.0833,1.7567,1,18209,81,88,11651,46390.82,17565.52,1635.0,65516.0,100.4992,6.689127389705883,24.012961930518728,576.631097886723,0.1448,100.4992,0.3922,10100.140082105,12.160277787532925,0.0,1.0,0.0,0.0,0.0,sqli
50250,0,0,10,4,3,2,0,18209,8,0.0,25,80,167,1802.7104569420037,0.0,0.0,6129127.0,1,81,11651,88,0,0,0,0.0,0.0,0.0,0,0,0,63,2.4056,8,1,0,1,0.0,0.875,0,34,4.0209,1,0,0,0,0.4167,0.2667,1,18209,81,88,11651,46390.82,17565.52,1635.0,65516.0,100.4992,6.689127389705883,24.012961930518728,576.631097886723,0.1448,100.4992,0.3922,10100.140082105,12.160277787532925,0.0,1.0,0.0,0.0,0.0,sqli
53810,0,0,10,4,3,2,0,18209,8,1.0,129,698,1025,1802.7104569420037,0.0,0.0,6129127.0,1,81,11651,88,0,0,0,0.0,0.0,0.0,0,0,0,63,2.4056,8,1,0,1,0.0,0.875,0,40,3.9398,1,0,0,0,2.15,2.3267,1,18209,81,88,11651,46390.82,17565.52,1635.0,65516.0,1.4427,6.689127389705883,24.012961930518728,576.631097886723,0.1448,100.4992,0.3922,10100.140082105,12.160277787532925,0.0,1.0,0.0,0.0,0.0,sqli
42316,0,0,8,3,15,2,0,847,42,0.0,54,205,414,1.6643026004728132,1.0,0.0,326.0,1,21,94,2,0,0,0,0.0,0.0,0.0,0,0,0,115,2.4056,8,1,0,1,0.0,0.875,0,186,4.5786,1,0,0,0,0.9,0.6833,1,847,21,2,94,41363.36,5972.43,19265.0,64407.0,100.4992,6.689127389705883,24.012961930518728,576.631097886723,0.1448,100.4992,0.3922,10100.140082105,12.160277787532925,0.0,1.0,0.0,0.0,0.0,sqli
63290,0,0,9,4,10,3,0,18209,8,0.0,126,724,1278,1802.7104569420037,0.0,0.0,6129127.0,1,81,11651,88,0,0,0,0.0,0.0,0.0,0,0,0,63,2.4056,8,1,0,1,0.0,0.875,0,94,4.7342,1,0,0,0,2.1,2.4133,1,18209,81,88,11651,46390.82,17565.52,1635.0,65516.0,100.4992,6.689127389705883,24.012961930518728,576.631097886723,0.1448,100.4992,0.3922,10100.140082105,12.160277787532925,0.0,1.0,0.0,0.0,0.0,sqli
63367,0,0,9,4,10,3,0,18209,8,1.0,81,629,1255,1802.7104569420037,0.0,0.0,6129127.0,1,81,11651,88,0,0,0,0.0,0.0,0.0,0,0,0,63,2.4056,8,1,0,1,0.0,0.875,0,73,3.1449,1,0,0,0,1.35,2.0967,1,18209,81,88,11651,46390.82,17565.52,1635.0,65516.0,1.4427,6.689127389705883,24.012961930518728,576.631097886723,0.1448,100.4992,0.3922,10100.140082105,12.160277787532925,0.0,1.0,0.0,0.0,0.0,sqli
59914,0,0,8,4,10,3,0,18209,8,0.0,244,657,846,1802.7104569420037,0.0,0.0,6129127.0,1,81,11651,88,0,0,0,0.0,0.0,0.0,0,0,0,63,2.4056,8,1,0,1,0.0,0.875,0,33,4.0896,1,0,0,0,4.0667,2.19,1,18209,81,88,11651,46390.82,17565.52,1635.0,65516.0,100.4992,6.689127389705883,24.012961930518728,576.631097886723,0.1448,100.4992,0.3922,10100.140082105,12.160277787532925,0.0,1.0,0.0,0.0,0.0,sqli
50250,0,0,10,4,3,2,0,18209,8,0.0,23,78,165,1802.7104569420037,0.0,0.0,6129127.0,1,81,11651,88,0,0,0,0.0,0.0,0.0,0,0,0,63,2.4056,8,1,0,1,0.0,0.875,0,34,3.9591,1,0,0,0,0.3833,0.26,1,18209,81,88,11651,46390.82,17565.52,1635.0,65516.0,100.4992,6.689127389705883,24.012961930518728,576.631097886723,0.1448,100.4992,0.3922,10100.140082105,12.160277787532925,0.0,1.0,0.0,0.0,0.0,sqli
63438,0,0,9,4,10,3,0,18209,8,1.0,48,650,1211,1802.7104569420037,0.0,0.0,6129127.0,1,81,11651,88,0,0,0,0.0,0.0,0.0,0,0,0,63,2.4056,8,1,0,1,0.0,0.875,0,54,4.0246,1,0,0,0,0.8,2.1667,1,18209,81,88,11651,46390.82,17565.52,1635.0,65516.0,1.4427,6.689127389705883,24.012961930518728,576.631097886723,0.1448,100.4992,0.3922,10100.140082105,12.160277787532925,0.0,1.0,0.0,0.0,0.0,sqli
62703,0,0,9,4,10,3,0,18209,8,0.0,94,535,1183,1802.7104569420037,0.0,0.0,6129127.0,1,81,11651,88,0,0,0,0.0,0.0,0.0,0,0,0,63,2.4056,8,1,0,1,0.0,0.875,0,25,3.9435,1,0,0,0,1.5667,1.7833,1,18209,81,88,11651,46390.82,17565.52,1635.0,65516.0,100.4992,6.689127389705883,24.012961930518728,576.631097886723,0.1448,100.4992,0.3922,10100.140082105,12.160277787532925,0.0,1.0,0.0,0.0,0.0,sqli
59799,0,0,8,4,10,3,0,18209,8,0.0,213,565,725,1802.7104569420037,0.0,0.0,6129127.0,1,81,11651,88,0,0,0,0.0,0.0,0.0,0,0,0,63,2.4056,8,1,0,1,0.0,0.875,0,2,0.0,1,0,0,0,3.55,1.8833,1,18209,81,88,11651,46390.82,17565.52,1635.0,65516.0,100.4992,6.689127389705883,24.012961930518728,576.631097886723,0.1448,100.4992,0.3922,10100.140082105,12.160277787532925,0.0,1.0,0.0,0.0,0.0,sqli
53915,0,0,10,4,3,2,0,18209,8,0.0,189,690,1129,1802.7104569420037,0.0,0.0,6129127.0,1,81,11651,88,0,0,0,0.0,0.0,0.0,0,0,0,63,2.4056,8,1,0,1,0.0,0.875,0,80,4.8414,1,0,0,0,3.15,2.3,1,18209,81,88,11651,46390.82,17565.52,1635.0,65516.0,100.4992,6.689127389705883,24.012961930518728,576.631097886723,0.1448,100.4992,0.3922,10100.140082105,12.160277787532925,0.0,1.0,0.0,0.0,0.0,sqli
63787,0,0,9,4,10,3,0,18209,8,0.0,149,504,1159,1802.7104569420037,0.0,0.0,6129127.0,1,81,11651,88,0,0,0,0.0,0.0,0.0,0,0,0,63,2.4056,8,1,0,1,0.0,0.875,0,40,3.9087,1,0,0,0,2.4833,1.68,1,18209,81,88,11651,46390.82,17565.52,1635.0,65516.0,100.4992,6.689127389705883,24.012961930518728,576.631097886723,0.1448,100.4992,0.3922,10100.140082105,12.160277787532925,0.0,1.0,0.0,0.0,0.0,sqli
59914,0,0,8,4,10,3,0,18209,8,1.0,246,648,833,1802.7104569420037,0.0,0.0,6129127.0,1,81,11651,88,0,0,0,0.0,0.0,0.0,0,0,0,63,2.4056,8,1,0,1,0.0,0.875,0,34,4.1241,1,0,0,0,4.1,2.16,1,18209,81,88,11651,46390.82,17565.52,1635.0,65516.0,1.4427,6.689127389705883,24.012961930518728,576.631097886723,0.1448,100.4992,0.3922,10100.140082105,12.160277787532925,0.0,1.0,0.0,0.0,0.0,sqli
63910,0,0,9,4,10,3,0,18209,8,0.0,206,546,1229,1802.7104569420037,0.0,0.0,6129127.0,1,81,11651,88,0,0,0,0.0,0.0,0.0,0,0,0,63,2.4056,8,1,0,1,0.0,0.875,0,50,4.148,1,0,0,0,3.4333,1.82,1,18209,81,88,11651,46390.82,17565.52,1635.0,65516.0,100.4992,6.689127389705883,24.012961930518728,576.631097886723,0.1448,100.4992,0.3922,10100.140082105,12.160277787532925,0.0,1.0,0.0,0.0,0.0,sqli
62840,0,0,9,4,10,3,0,18209,8,0.0,136,508,1241,1802.7104569420037,0.0,0.0,6129127.0,1,81,11651,88,0,0,0,0.0,0.0,0.0,0,0,0,63,2.4056,8,1,0,1,0.0,0.875,0,100,4.3044,1,0,0,0,2.2667,1.6933,1,18209,81,88,11651,46390.82,17565.52,1635.0,65516.0,100.4992,6.689127389705883,24.012961930518728,576.631097886723,0.1448,100.4992,0.3922,10100.140082105,12.160277787532925,0.0,1.0,0.0,0.0,0.0,sqli
63367,0,0,9,4,10,3,0,18209,8,1.0,80,630,1254,1802.7104569420037,0.0,0.0,6129127.0,1,81,11651,88,0,0,0,0.0,0.0,0.0,0,0,0,63,2.4056,8,1,0,1,0.0,0.875,0,74,3.1246,1,0,0,0,1.3333,2.1,1,18209,81,88,11651,46390.82,17565.52,1635.0,65516.0,1.4427,6.689127389705883,24.012961930518728,576.631097886723,0.1448,100.4992,0.3922,10100.140082105,12.160277787532925,0.0,1.0,0.0,0.0,0.0,sqli
50081,0,0,10,4,3,2,0,18209,8,0.0,13,57,128,1802.7104569420037,0.0,0.0,6129127.0,1,81,11651,88,0,0,0,0.0,0.0,0.0,0,0,0,63,2.4056,8,1,0,1,0.0,0.875,0,2,0.0,1,0,0,0,0.2167,0.19,1,18209,81,88,11651,46390.82,17565.52,1635.0,65516.0,100.4992,6.689127389705883,24.012961930518728,576.631097886723,0.1448,100.4992,0.3922,10100.140082105,12.160277787532925,0.0,1.0,0.0,0.0,0.0,sqli
53091,0,0,10,4,3,2,0,18209,8,1.0,182,464,512,1802.7104569420037,0.0,0.0,6129127.0,1,81,11651,88,0,0,0,0.0,0.0,0.0,0,0,0,63,2.4056,8,1,0,1,0.0,0.875,0,67,5.0545,1,0,0,0,3.0333,1.5467,1,18209,81,88,11651,46390.82,17565.52,1635.0,65516.0,1.4427,6.689127389705883,24.012961930518728,576.631097886723,0.1448,100.4992,0.3922,10100.140082105,12.160277787532925,0.0,1.0,0.0,0.0,0.0,sqli
53920,0,0,10,4,3,2,0,18209,8,0.0,193,687,1137,1802.7104569420037,0.0,0.0,6129127.0,1,81,11651,88,0,0,0,0.0,0.0,0.0,0,0,0,63,2.4056,8,1,0,1,0.0,0.875,0,27,3.9862,1,0,0,0,3.2167,2.29,1,18209,81,88,11651,46390.82,17565.52,1635.0,65516.0,100.4992,6.689127389705883,24.012961930518728,576.631097886723,0.1448,100.4992,0.3922,10100.140082105,12.160277787532925,0.0,1.0,0.0,0.0,0.0,sqli
45852,0,0,8,3,15,2,0,847,42,0.0,53,205,426,1.6643026004728132,1.0,0.0,326.0,1,21,94,2,0,0,0,0.0,0.0,0.0,0,0,0,115,2.4056,8,1,0,1,0.0,0.875,0,186,4.5786,1,0,0,0,0.8833,0.6833,1,847,21,2,94,41363.36,5972.43,19265.0,64407.0,100.4992,6.689127389705883,24.012961930518728,576.631097886723,0.1448,100.4992,0.3922,10100.140082105,12.160277787532925,0.0,1.0,0.0,0.0,0.0,sqli
53313,0,0,10,4,3,2,0,18209,8,0.0,152,608,663,1802.7104569420037,0.0,0.0,6129127.0,1,81,11651,88,0,0,0,0.0,0.0,0.0,0,0,0,63,2.4056,8,1,0,1,0.0,0.875,0,11,3.0958,1,0,0,0,2.5333,2.0267,1,18209,81,88,11651,46390.82,17565.52,1635.0,65516.0,100.4992,6.689127389705883,24.012961930518728,576.631097886723,0.1448,100.4992,0.3922,10100.140082105,12.160277787532925,0.0,1.0,0.0,0.0,0.0,sqli
52981,0,0,10,4,3,2,0,18209,8,0.0,135,349,395,1802.7104569420037,0.0,0.0,6129127.0,1,81,11651,88,0,0,0,0.0,0.0,0.0,0,0,0,63,2.4056,8,1,0,1,0.0,0.875,0,113,4.1766,1,0,0,0,2.25,1.1633,1,18209,81,88,11651,46390.82,17565.52,1635.0,65516.0,100.4992,6.689127389705883,24.012961930518728,576.631097886723,0.1448,100.4992,0.3922,10100.140082105,12.160277787532925,0.0,1.0,0.0,0.0,0.0,sqli
62898,0,0,9,4,10,3,0,18209,8,0.0,151,540,1269,1802.7104569420037,0.0,0.0,6129127.0,1,81,11651,88,0,0,0,0.0,0.0,0.0,0,0,0,63,2.4056,8,1,0,1,0.0,0.875,0,81,4.5821,1,0,0,0,2.5167,1.8,1,18209,81,88,11651,46390.82,17565.52,1635.0,65516.0,100.4992,6.689127389705883,24.012961930518728,576.631097886723,0.1448,100.4992,0.3922,10100.140082105,12.160277787532925,0.0,1.0,0.0,0.0,0.0,sqli
53106,0,0,10,4,3,2,0,18209,8,0.0,195,477,525,1802.7104569420037,0.0,0.0,6129127.0,1,81,11651,88,0,0,0,0.0,0.0,0.0,0,0,0,63,2.4056,8,1,0,1,0.0,0.875,0,171,4.994,1,0,0,0,3.25,1.59,1,18209,81,88,11651,46390.82,17565.52,1635.0,65516.0,100.4992,6.689127389705883,24.012961930518728,576.631097886723,0.1448,100.4992,0.3922,10100.140082105,12.160277787532925,0.0,1.0,0.0,0.0,0.0,sqli
53896,0,0,10,4,3,2,0,18209,8,0.0,176,687,1109,1802.7104569420037,0.0,0.0,6129127.0,1,81,11651,88,0,0,0,0.0,0.0,0.0,0,0,0,63,2.4056,8,1,0,1,0.0,0.875,0,50,4.0553,1,0,0,0,2.9333,2.29,1,18209,81,88,11651,46390.82,17565.52,1635.0,65516.0,100.4992,6.689127389705883,24.012961930518728,576.631097886723,0.1448,100.4992,0.3922,10100.140082105,12.160277787532925,0.0,1.0,0.0,0.0,0.0,sqli
52761,0,0,10,4,3,2,0,18209,8,0.0,101,247,321,1802.7104569420037,0.0,0.0,6129127.0,1,81,11651,88,0,0,0,0.0,0.0,0.0,0,0,0,63,2.4056,8,1,0,1,0.0,0.875,0,26,3.9791,1,0,0,0,1.6833,0.8233,1,18209,81,88,11651,46390.82,17565.52,1635.0,65516.0,100.4992,6.689127389705883,24.012961930518728,576.631097886723,0.1448,100.4992,0.3922,10100.140082105,12.160277787532925,0.0,1.0,0.0,0.0,0.0,sqli
62946,0,0,9,4,10,3,0,18209,8,0.0,173,564,1310,1802.7104569420037,0.0,0.0,6129127.0,1,81,11651,88,0,0,0,0.0,0.0,0.0,0,0,0,63,2.4056,8,1,0,1,0.0,0.875,0,66,5.0855,1,0,0,0,2.8833,1.88,1,18209,81,88,11651,46390.82,17565.52,1635.0,65516.0,100.4992,6.689127389705883,24.012961930518728,576.631097886723,0.1448,100.4992,0.3922,10100.140082105,12.160277787532925,0.0,1.0,0.0,0.0,0.0,sqli
53896,0,0,10,4,3,2,0,18209,8,0.0,179,688,1113,1802.7104569420037,0.0,0.0,6129127.0,1,81,11651,88,0,0,0,0.0,0.0,0.0,0,0,0,63,2.4056,8,1,0,1,0.0,0.875,0,49,4.0883,1,0,0,0,2.9833,2.2933,1,18209,81,88,11651,46390.82,17565.52,1635.0,65516.0,100.4992,6.689127389705883,24.012961930518728,576.631097886723,0.1448,100.4992,0.3922,10100.140082105,12.160277787532925,0.0,1.0,0.0,0.0,0.0,sqli
62379,0,0,9,4,10,3,0,18209,8,0.0,84,556,1360,1802.7104569420037,0.0,0.0,6129127.0,1,81,11651,88,0,0,0,0.0,0.0,0.0,0,0,0,63,2.4056,8,1,0,1,0.0,0.875,0,57,4.3271,1,0,1,0,1.4,1.8533,2,18209,81,88,11651,46390.82,17565.52,1635.0,65516.0,100.4992,6.689127389705883,24.012961930518728,576.631097886723,0.1448,100.4992,0.3922,10100.140082105,12.160277787532925,0.0,1.0,0.0,0.0,0.0,sqli
63910,0,0,9,4,10,3,0,18209,8,0.0,209,549,1232,1802.7104569420037,0.0,0.0,6129127.0,1,81,11651,88,0,0,0,0.0,0.0,0.0,0,0,0,63,2.4056,8,1,0,1,0.0,0.875,0,49,4.1679,1,0,0,0,3.4833,1.83,1,18209,81,88,11651,46390.82,17565.52,1635.0,65516.0,100.4992,6.689127389705883,24.012961930518728,576.631097886723,0.1448,100.4992,0.3922,10100.140082105,12.160277787532925,0.0,1.0,0.0,0.0,0.0,sqli
62840,0,0,9,4,10,3,0,18209,8,0.0,135,507,1240,1802.7104569420037,0.0,0.0,6129127.0,1,81,11651,88,0,0,0,0.0,0.0,0.0,0,0,0,63,2.4056,8,1,0,1,0.0,0.875,0,112,4.2218,1,0,0,0,2.25,1.69,1,18209,81,88,11651,46390.82,17565.52,1635.0,65516.0,100.4992,6.689127389705883,24.012961930518728,576.631097886723,0.1448,100.4992,0.3922,10100.140082105,12.160277787532925,0.0,1.0,0.0,0.0,0.0,sqli
63367,0,0,9,4,10,3,0,18209,8,0.0,81,631,1255,1802.7104569420037,0.0,0.0,6129127.0,1,81,11651,88,0,0,0,0.0,0.0,0.0,0,0,0,63,2.4056,8,1,0,1,0.0,0.875,0,73,3.2688,1,0,0,0,1.35,2.1033,1,18209,81,88,11651,46390.82,17565.52,1635.0,65516.0,100.4992,6.689127389705883,24.012961930518728,576.631097886723,0.1448,100.4992,0.3922,10100.140082105,12.160277787532925,0.0,1.0,0.0,0.0,0.0,sqli
50312,0,0,10,4,3,2,0,18209,8,0.0,92,146,194,1802.7104569420037,0.0,0.0,6129127.0,1,81,11651,88,0,0,0,0.0,0.0,0.0,0,0,0,63,2.4056,8,1,0,1,0.0,0.875,0,115,3.8528,1,0,0,0,1.5333,0.4867,1,18209,81,88,11651,46390.82,17565.52,1635.0,65516.0,100.4992,6.689127389705883,24.012961930518728,576.631097886723,0.1448,100.4992,0.3922,10100.140082105,12.160277787532925,0.0,1.0,0.0,0.0,0.0,sqli
49386,0,0,10,2,8,3,0,18,210,9583.0,1,1,1,13515.117647058823,804.0,0.0,153679.0,0,1,18,15,0,0,0,0.0,0.0,0.0,0,0,0,108,2.4056,8,1,0,1,0.0,0.875,0,659,4.2781,1,0,0,0,0.0167,0.0033,1,18,1,15,18,54081.78,7692.65,37472.0,60622.0,0.1448,6.689127389705883,24.012961930518728,576.631097886723,0.1448,100.4992,0.3922,10100.140082105,12.160277787532925,0.0,1.0,0.0,0.0,0.0,sqli
53313,0,0,10,4,3,2,0,18209,8,0.0,151,607,662,1802.7104569420037,0.0,0.0,6129127.0,1,81,11651,88,0,0,0,0.0,0.0,0.0,0,0,0,63,2.4056,8,1,0,1,0.0,0.875,0,11,2.5503,1,0,0,0,2.5167,2.0233,1,18209,81,88,11651,46390.82,17565.52,1635.0,65516.0,100.4992,6.689127389705883,24.012961930518728,576.631097886723,0.1448,100.4992,0.3922,10100.140082105,12.160277787532925,0.0,1.0,0.0,0.0,0.0,sqli
53087,0,0,10,4,3,2,0,18209,8,0.0,174,454,502,1802.7104569420037,0.0,0.0,6129127.0,1,81,11651,88,0,0,0,0.0,0.0,0.0,0,0,0,63,2.4056,8,1,0,1,0.0,0.875,0,87,4.535,1,0,0,0,2.9,1.5133,1,18209,81,88,11651,46390.82,17565.52,1635.0,65516.0,100.4992,6.689127389705883,24.012961930518728,576.631097886723,0.1448,100.4992,0.3922,10100.140082105,12.160277787532925,0.0,1.0,0.0,0.0,0.0,sqli
62832,0,0,9,4,10,3,0,18209,8,0.0,124,492,1224,1802.7104569420037,0.0,0.0,6129127.0,1,81,11651,88,0,0,0,0.0,0.0,0.0,0,0,0,63,2.4056,8,1,0,1,0.0,0.875,0,159,4.0914,1,0,0,0,2.0667,1.64,1,18209,81,88,11651,46390.82,17565.52,1635.0,65516.0,100.4992,6.689127389705883,24.012961930518728,576.631097886723,0.1448,100.4992,0.3922,10100.140082105,12.160277787532925,0.0,1.0,0.0,0.0,0.0,sqli
53492,0,0,10,4,3,2,0,18209,8,1.0,95,680,778,1802.7104569420037,0.0,0.0,6129127.0,1,81,11651,88,0,0,0,0.0,0.0,0.0,0,0,0,63,2.4056,8,1,0,1,0.0,0.875,0,72,3.1105,1,0,0,0,1.5833,2.2667,1,18209,81,88,11651,46390.82,17565.52,1635.0,65516.0,1.4427,6.689127389705883,24.012961930518728,576.631097886723,0.1448,100.4992,0.3922,10100.140082105,12.160277787532925,0.0,1.0,0.0,0.0,0.0,sqli
53864,0,0,10,4,3,2,0,18209,8,0.0,157,684,1077,1802.7104569420037,0.0,0.0,6129127.0,1,81,11651,88,0,0,0,0.0,0.0,0.0,0,0,0,63,2.4056,8,1,0,1,0.0,0.875,0,99,3.9435,1,0,0,0,2.6167,2.28,1,18209,81,88,11651,46390.82,17565.52,1635.0,65516.0,100.4992,6.689127389705883,24.012961930518728,576.631097886723,0.1448,100.4992,0.3922,10100.140082105,12.160277787532925,0.0,1.0,0.0,0.0,0.0,sqli
53915,0,0,10,4,3,2,0,18209,8,0.0,189,687,1131,1802.7104569420037,0.0,0.0,6129127.0,1,81,11651,88,0,0,0,0.0,0.0,0.0,0,0,0,63,2.4056,8,1,0,1,0.0,0.875,0,80,4.8414,1,0,0,0,3.15,2.29,1,18209,81,88,11651,46390.82,17565.52,1635.0,65516.0,100.4992,6.689127389705883,24.012961930518728,576.631097886723,0.1448,100.4992,0.3922,10100.140082105,12.160277787532925,0.0,1.0,0.0,0.0,0.0,sqli
65370,0,0,4,0,16,1,1,610,47,1.0,7,21,28,8.9064039408867,6.0,0.0,884.0,1,2,604,3,0,0,0,0.0,0.0,0.0,0,1,0,22,2.4056,8,1,0,1,0.0,0.875,0,63,4.6641,1,0,0,0,0.1167,0.07,1,610,2,3,604,64541.69,535.07,63000.0,65370.0,1.4427,6.689127389705883,24.012961930518728,576.631097886723,0.1448,100.4992,0.3922,10100.140082105,12.160277787532925,0.0,0.0,0.0,1.0,0.0,sqli
63438,0,0,9,4,10,3,0,18209,8,1.0,49,652,1210,1802.7104569420037,0.0,0.0,6129127.0,1,81,11651,88,0,0,0,0.0,0.0,0.0,0,0,0,63,2.4056,8,1,0,1,0.0,0.875,0,54,4.0404,1,0,0,0,0.8167,2.1733,1,18209,81,88,11651,46390.82,17565.52,1635.0,65516.0,1.4427,6.689127389705883,24.012961930518728,576.631097886723,0.1448,100.4992,0.3922,10100.140082105,12.160277787532925,0.0,1.0,0.0,0.0,0.0,sqli
14932,0,0,7,2,1,2,0,18209,8,0.0,505,505,505,1802.7104569420037,0.0,0.0,6129127.0,1,81,11651,88,0,0,0,0.0,0.0,0.0,0,0,0,111,2.4056,8,1,0,1,0.0,0.875,0,71,4.942,1,0,0,0,8.4167,1.6833,1,18209,81,88,11651,46390.82,17565.52,1635.0,65516.0,100.4992,6.689127389705883,24.012961930518728,576.631097886723,0.1448,100.4992,0.3922,10100.140082105,12.160277787532925,0.0,1.0,0.0,0.0,0.0,sqli
53864,0,0,10,4,3,2,0,18209,8,0.0,156,683,1076,1802.7104569420037,0.0,0.0,6129127.0,1,81,11651,88,0,0,0,0.0,0.0,0.0,0,0,0,63,2.4056,8,1,0,1,0.0,0.875,0,99,3.9435,1,0,0,0,2.6,2.2767,1,18209,81,88,11651,46390.82,17565.52,1635.0,65516.0,100.4992,6.689127389705883,24.012961930518728,576.631097886723,0.1448,100.4992,0.3922,10100.140082105,12.160277787532925,0.0,1.0,0.0,0.0,0.0,sqli
63787,0,0,9,4,10,3,0,18209,8,0.0,148,503,1158,1802.7104569420037,0.0,0.0,6129127.0,1,81,11651,88,0,0,0,0.0,0.0,0.0,0,0,0,63,2.4056,8,1,0,1,0.0,0.875,0,40,3.8964,1,0,0,0,2.4667,1.6767,1,18209,81,88,11651,46390.82,17565.52,1635.0,65516.0,100.4992,6.689127389705883,24.012961930518728,576.631097886723,0.1448,100.4992,0.3922,10100.140082105,12.160277787532925,0.0,1.0,0.0,0.0,0.0,sqli
59914,0,0,8,4,10,3,0,18209,8,1.0,243,656,845,1802.7104569420037,0.0,0.0,6129127.0,1,81,11651,88,0,0,0,0.0,0.0,0.0,0,0,0,63,2.4056,8,1,0,1,0.0,0.875,0,33,4.1124,1,0,0,0,4.05,2.1867,1,18209,81,88,11651,46390.82,17565.52,1635.0,65516.0,1.4427,6.689127389705883,24.012961930518728,576.631097886723,0.1448,100.4992,0.3922,10100.140082105,12.160277787532925,0.0,1.0,0.0,0.0,0.0,sqli
63290,0,0,9,4,10,3,0,18209,8,0.0,125,723,1277,1802.7104569420037,0.0,0.0,6129127.0,1,81,11651,88,0,0,0,0.0,0.0,0.0,0,0,0,63,2.4056,8,1,0,1,0.0,0.875,0,94,4.7422,1,0,0,0,2.0833,2.41,1,18209,81,88,11651,46390.82,17565.52,1635.0,65516.0,100.4992,6.689127389705883,24.012961930518728,576.631097886723,0.1448,100.4992,0.3922,10100.140082105,12.160277787532925,0.0,1.0,0.0,0.0,0.0,sqli
62522,0,0,9,4,10,3,0,18209,8,1.0,172,625,1285,1802.7104569420037,0.0,0.0,6129127.0,1,81,11651,88,0,0,0,0.0,0.0,0.0,0,0,0,63,2.4056,8,1,0,1,0.0,0.875,0,40,4.1964,1,0,0,0,2.8667,2.0833,1,18209,81,88,11651,46390.82,17565.52,1635.0,65516.0,1.4427,6.689127389705883,24.012961930518728,576.631097886723,0.1448,100.4992,0.3922,10100.140082105,12.160277787532925,0.0,1.0,0.0,0.0,0.0,sqli
53431,0,0,10,4,3,2,0,18209,8,1.0,118,666,754,1802.7104569420037,0.0,0.0,6129127.0,1,81,11651,88,0,0,0,0.0,0.0,0.0,0,0,0,63,2.4056,8,1,0,1,0.0,0.875,0,94,4.7342,1,0,0,0,1.9667,2.22,1,18209,81,88,11651,46390.82,17565.52,1635.0,65516.0,1.4427,6.689127389705883,24.012961930518728,576.631097886723,0.1448,100.4992,0.3922,10100.140082105,12.160277787532925,0.0,1.0,0.0,0.0,0.0,sqli
53492,0,0,10,4,3,2,0,18209,8,0.0,96,681,779,1802.7104569420037,0.0,0.0,6129127.0,1,81,11651,88,0,0,0,0.0,0.0,0.0,0,0,0,63,2.4056,8,1,0,1,0.0,0.875,0,74,3.3381,1,0,0,0,1.6,2.27,1,18209,81,88,11651,46390.82,17565.52,1635.0,65516.0,100.4992,6.689127389705883,24.012961930518728,576.631097886723,0.1448,100.4992,0.3922,10100.140082105,12.160277787532925,0.0,1.0,0.0,0.0,0.0,sqli
52552,0,0,10,4,3,2,0,18209,8,1.0,68,149,234,1802.7104569420037,0.0,0.0,6129127.0,1,81,11651,88,0,0,0,0.0,0.0,0.0,0,0,0,63,2.4056,8,1,0,1,0.0,0.875,0,42,4.1266,1,0,0,0,1.1333,0.4967,1,18209,81,88,11651,46390.82,17565.52,1635.0,65516.0,1.4427,6.689127389705883,24.012961930518728,576.631097886723,0.1448,100.4992,0.3922,10100.140082105,12.160277787532925,0.0,1.0,0.0,0.0,0.0,sqli
53105,0,0,10,4,3,2,0,18209,8,1.0,194,476,524,1802.7104569420037,0.0,0.0,6129127.0,1,81,11651,88,0,0,0,0.0,0.0,0.0,0,0,0,63,2.4056,8,1,0,1,0.0,0.875,0,80,4.9113,1,0,0,0,3.2333,1.5867,1,18209,81,88,11651,46390.82,17565.52,1635.0,65516.0,1.4427,6.689127389705883,24.012961930518728,576.631097886723,0.1448,100.4992,0.3922,10100.140082105,12.160277787532925,0.0,1.0,0.0,0.0,0.0,sqli
62971,0,0,9,4,10,3,0,18209,8,0.0,189,576,1323,1802.7104569420037,0.0,0.0,6129127.0,1,81,11651,88,0,0,0,0.0,0.0,0.0,0,0,0,63,2.4056,8,1,0,1,0.0,0.875,0,80,4.9863,1,0,0,0,3.15,1.92,1,18209,81,88,11651,46390.82,17565.52,1635.0,65516.0,100.4992,6.689127389705883,24.012961930518728,576.631097886723,0.1448,100.4992,0.3922,10100.140082105,12.160277787532925,0.0,1.0,0.0,0.0,0.0,sqli
62299,0,0,9,4,10,3,0,18209,8,1.0,34,612,1387,1802.7104569420037,0.0,0.0,6129127.0,1,81,11651,88,0,0,0,0.0,0.0,0.0,0,0,0,63,2.4056,8,1,0,1,0.0,0.875,0,86,5.3141,1,0,0,0,0.5667,2.04,1,18209,81,88,11651,46390.82,17565.52,1635.0,65516.0,1.4427,6.689127389705883,24.012961930518728,576.631097886723,0.1448,100.4992,0.3922,10100.140082105,12.160277787532925,0.0,1.0,0.0,0.0,0.0,sqli
62522,0,0,9,4,10,3,0,18209,8,0.0,172,625,1291,1802.7104569420037,0.0,0.0,6129127.0,1,81,11651,88,0,0,0,0.0,0.0,0.0,0,0,0,63,2.4056,8,1,0,1,0.0,0.875,0,40,4.2842,1,0,0,0,2.8667,2.0833,1,18209,81,88,11651,46390.82,17565.52,1635.0,65516.0,100.4992,6.689127389705883,24.012961930518728,576.631097886723,0.1448,100.4992,0.3922,10100.140082105,12.160277787532925,0.0,1.0,0.0,0.0,0.0,sqli
59914,0,0,8,4,10,3,0,18209,8,0.0,249,651,836,1802.7104569420037,0.0,0.0,6129127.0,1,81,11651,88,0,0,0,0.0,0.0,0.0,0,0,0,63,2.4056,8,1,0,1,0.0,0.875,0,34,4.0209,1,0,0,0,4.15,2.17,1,18209,81,88,11651,46390.82,17565.52,1635.0,65516.0,100.4992,6.689127389705883,24.012961930518728,576.631097886723,0.1448,100.4992,0.3922,10100.140082105,12.160277787532925,0.0,1.0,0.0,0.0,0.0,sqli
8561,0,0,14,5,14,1,0,172,94,0.0,14,21,21,2437.093567251462,0.0,0.0,167891.0,1,2,134,6,0,0,0,0.0,0.0,0.0,0,1,0,22,2.4056,8,1,0,1,0.0,0.875,0,63,4.6641,1,0,0,0,0.2333,0.07,1,172,2,6,134,8713.34,127.53,8537.0,8952.0,100.4992,6.689127389705883,24.012961930518728,576.631097886723,0.1448,100.4992,0.3922,10100.140082105,12.160277787532925,0.0,0.0,0.0,1.0,0.0,sqli
52552,0,0,10,4,3,2,0,18209,8,1.0,68,145,230,1802.7104569420037,0.0,0.0,6129127.0,1,81,11651,88,0,0,0,0.0,0.0,0.0,0,0,0,63,2.4056,8,1,0,1,0.0,0.875,0,41,4.1899,1,0,0,0,1.1333,0.4833,1,18209,81,88,11651,46390.82,17565.52,1635.0,65516.0,1.4427,6.689127389705883,24.012961930518728,576.631097886723,0.1448,100.4992,0.3922,10100.140082105,12.160277787532925,0.0,1.0,0.0,0.0,0.0,sqli
63172,0,0,9,4,10,3,0,18209,8,0.0,138,701,1360,1802.7104569420037,0.0,0.0,6129127.0,1,81,11651,88,0,0,0,0.0,0.0,0.0,0,0,0,63,2.4056,8,1,0,1,0.0,0.875,0,11,3.0958,1,0,0,0,2.3,2.3367,1,18209,81,88,11651,46390.82,17565.52,1635.0,65516.0,100.4992,6.689127389705883,24.012961930518728,576.631097886723,0.1448,100.4992,0.3922,10100.140082105,12.160277787532925,0.0,1.0,0.0,0.0,0.0,sqli
52552,0,0,10,4,3,2,0,18209,8,0.0,69,150,235,1802.7104569420037,0.0,0.0,6129127.0,1,81,11651,88,0,0,0,0.0,0.0,0.0,0,0,0,63,2.4056,8,1,0,1,0.0,0.875,0,42,4.041,1,0,0,0,1.15,0.5,1,18209,81,88,11651,46390.82,17565.52,1635.0,65516.0,100.4992,6.689127389705883,24.012961930518728,576.631097886723,0.1448,100.4992,0.3922,10100.140082105,12.160277787532925,0.0,1.0,0.0,0.0,0.0,sqli
53040,0,0,10,4,3,2,0,18209,8,0.0,173,412,460,1802.7104569420037,0.0,0.0,6129127.0,1,81,11651,88,0,0,0,0.0,0.0,0.0,0,0,0,63,2.4056,8,1,0,1,0.0,0.875,0,81,4.5821,1,0,0,0,2.8833,1.3733,1,18209,81,88,11651,46390.82,17565.52,1635.0,65516.0,100.4992,6.689127389705883,24.012961930518728,576.631097886723,0.1448,100.4992,0.3922,10100.140082105,12.160277787532925,0.0,1.0,0.0,0.0,0.0,sqli
50312,0,0,10,4,3,2,0,18209,8,0.0,89,143,193,1802.7104569420037,0.0,0.0,6129127.0,1,81,11651,88,0,0,0,0.0,0.0,0.0,0,0,0,63,2.4056,8,1,0,1,0.0,0.875,0,115,3.8528,1,0,0,0,1.4833,0.4767,1,18209,81,88,11651,46390.82,17565.52,1635.0,65516.0,100.4992,6.689127389705883,24.012961930518728,576.631097886723,0.1448,100.4992,0.3922,10100.140082105,12.160277787532925,0.0,1.0,0.0,0.0,0.0,sqli
19680,0,0,17,1,10,1,0,4119,22,0.0,305,741,741,2.040067994171928,0.0,0.0,3807.0,1,59,83,3631,0,0,0,0.0,0.0,0.0,0,1,1,56,2.4056,8,1,0,1,0.0,0.875,0,186,4.5786,1,0,0,0,5.0833,2.47,1,4119,59,3631,83,24531.98,10083.29,19648.0,58172.0,100.4992,6.689127389705883,24.012961930518728,576.631097886723,0.1448,100.4992,0.3922,10100.140082105,12.160277787532925,0.0,0.0,1.0,0.0,0.0,sqli
62971,0,0,9,4,10,3,0,18209,8,0.0,188,575,1322,1802.7104569420037,0.0,0.0,6129127.0,1,81,11651,88,0,0,0,0.0,0.0,0.0,0,0,0,63,2.4056,8,1,0,1,0.0,0.875,0,80,4.9958,1,0,0,0,3.1333,1.9167,1,18209,81,88,11651,46390.82,17565.52,1635.0,65516.0,100.4992,6.689127389705883,24.012961930518728,576.631097886723,0.1448,100.4992,0.3922,10100.140082105,12.160277787532925,0.0,1.0,0.0,0.0,0.0,sqli
63172,0,0,9,4,10,3,0,18209,8,1.0,135,703,1360,1802.7104569420037,0.0,0.0,6129127.0,1,81,11651,88,0,0,0,0.0,0.0,0.0,0,0,0,63,2.4056,8,1,0,1,0.0,0.875,0,11,3.0958,1,0,0,0,2.25,2.3433,1,18209,81,88,11651,46390.82,17565.52,1635.0,65516.0,1.4427,6.689127389705883,24.012961930518728,576.631097886723,0.1448,100.4992,0.3922,10100.140082105,12.160277787532925,0.0,1.0,0.0,0.0,0.0,sqli
62803,0,0,9,4,10,3,0,18209,8,0.0,117,483,1220,1802.7104569420037,0.0,0.0,6129127.0,1,81,11651,88,0,0,0,0.0,0.0,0.0,0,0,0,63,2.4056,8,1,0,1,0.0,0.875,0,45,4.3055,1,0,0,0,1.95,1.61,1,18209,81,88,11651,46390.82,17565.52,1635.0,65516.0,100.4992,6.689127389705883,24.012961930518728,576.631097886723,0.1448,100.4992,0.3922,10100.140082105,12.160277787532925,0.0,1.0,0.0,0.0,0.0,sqli
53431,0,0,10,4,3,2,0,18209,8,0.0,120,668,756,1802.7104569420037,0.0,0.0,6129127.0,1,81,11651,88,0,0,0,0.0,0.0,0.0,0,0,0,63,2.4056,8,1,0,1,0.0,0.875,0,94,4.7342,1,0,0,0,2.0,2.2267,1,18209,81,88,11651,46390.82,17565.52,1635.0,65516.0,100.4992,6.689127389705883,24.012961930518728,576.631097886723,0.1448,100.4992,0.3922,10100.140082105,12.160277787532925,0.0,1.0,0.0,0.0,0.0,sqli
19651,0,0,18,1,10,1,0,4119,22,0.0,213,1202,1337,2.040067994171928,0.0,0.0,3807.0,1,59,83,3631,0,0,0,0.0,0.0,0.0,0,1,1,56,2.4056,8,1,0,1,0.0,0.875,0,42,4.3024,0,0,1,0,3.55,4.0067,1,4119,59,3631,83,24531.98,10083.29,19648.0,58172.0,100.4992,6.689127389705883,24.012961930518728,576.631097886723,0.1448,100.4992,0.3922,10100.140082105,12.160277787532925,0.0,0.0,1.0,0.0,0.0,xss
57664,0,0,8,3,18,1,0,14469,11,0.0,17,17,17,0.0623444843793198,0.0,0.0,1.0,1,1,11560,1,0,0,0,0.0,0.0,0.0,0,0,0,111,2.4056,8,1,0,1,0.0,0.875,0,19,3.7871,0,0,1,0,0.2833,0.0567,1,14469,1,1,11560,45495.19,8163.81,32774.0,60998.0,100.4992,6.689127389705883,24.012961930518728,576.631097886723,0.1448,100.4992,0.3922,10100.140082105,12.160277787532925,0.0,1.0,0.0,0.0,0.0,xss
19707,0,0,18,1,10,1,0,4119,22,0.0,240,1263,1424,2.040067994171928,0.0,0.0,3807.0,1,59,83,3631,0,0,0,0.0,0.0,0.0,0,1,1,56,2.4056,8,1,0,1,0.0,0.875,0,32,3.84,0,0,1,0,4.0,4.21,1,4119,59,3631,83,24531.98,10083.29,19648.0,58172.0,100.4992,6.689127389705883,24.012961930518728,576.631097886723,0.1448,100.4992,0.3922,10100.140082105,12.160277787532925,0.0,0.0,1.0,0.0,0.0,xss
43522,0,0,17,0,9,1,0,1411,31,0.0,162,858,1185,0.7028368794326241,0.0,0.0,176.0,1,31,54,1143,0,0,0,0.0,0.0,0.0,0,1,1,56,2.4056,8,1,0,1,0.0,0.875,0,42,4.3024,0,0,1,0,2.7,2.86,1,1411,31,1143,54,38387.99,9364.31,21376.0,43583.0,100.4992,6.689127389705883,24.012961930518728,576.631097886723,0.1448,100.4992,0.3922,10100.140082105,12.160277787532925,0.0,0.0,1.0,0.0,0.0,xss
19680,0,0,17,1,10,1,0,4119,22,0.0,306,766,766,2.040067994171928,0.0,0.0,3807.0,1,59,83,3631,0,0,0,0.0,0.0,0.0,0,1,1,56,2.4056,8,1,0,1,0.0,0.875,0,36,4.107,0,0,1,0,5.1,2.5533,1,4119,59,3631,83,24531.98,10083.29,19648.0,58172.0,100.4992,6.689127389705883,24.012961930518728,576.631097886723,0.1448,100.4992,0.3922,10100.140082105,12.160277787532925,0.0,0.0,1.0,0.0,0.0,xss
55441,0,0,8,3,18,1,0,8232,15,0.0,901,4381,4381,0.0613534199975701,0.0,0.0,2.0,1,1,7401,1,0,0,0,0.0,0.0,0.0,0,0,0,111,2.4056,8,1,0,1,0.0,0.875,0,19,3.7871,0,0,1,0,15.0167,14.6033,1,8232,1,1,7401,32818.97,18852.81,1026.0,65530.0,100.4992,6.689127389705883,24.012961930518728,576.631097886723,0.1448,100.4992,0.3922,10100.140082105,12.160277787532925,0.0,1.0,0.0,0.0,0.0,xss
51594,0,0,10,4,3,2,0,18209,8,0.0,173,795,1301,1802.7104569420037,0.0,0.0,6129127.0,1,81,11651,88,0,0,0,0.0,0.0,0.0,0,0,0,63,2.4056,8,1,0,1,0.0,0.875,0,0,0.0,0,0,0,0,2.8833,2.65,0,18209,81,88,11651,46390.82,17565.52,1635.0,65516.0,100.4992,6.689127389705883,24.012961930518728,576.631097886723,0.1448,100.4992,0.3922,10100.140082105,12.160277787532925,0.0,1.0,0.0,0.0,0.0,xss
19684,0,0,18,1,10,1,0,4119,22,0.0,240,1189,2400,2.040067994171928,0.0,0.0,3807.0,1,59,83,3631,0,0,0,0.0,0.0,0.0,0,1,1,56,2.4056,8,1,0,1,0.0,0.875,0,37,4.1753,0,0,1,0,4.0,3.9633,1,4119,59,3631,83,24531.98,10083.29,19648.0,58172.0,100.4992,6.689127389705883,24.012961930518728,576.631097886723,0.1448,100.4992,0.3922,10100.140082105,12.160277787532925,0.0,0.0,1.0,0.0,0.0,xss
40339,0,0,17,1,10,1,0,4119,22,0.0,310,906,927,2.040067994171928,0.0,0.0,3807.0,1,59,83,3631,0,0,0,0.0,0.0,0.0,0,1,1,56,2.4056,8,1,0,1,0.0,0.875,0,36,4.107,0,0,1,0,5.1667,3.02,1,4119,59,3631,83,24531.98,10083.29,19648.0,58172.0,100.4992,6.689127389705883,24.012961930518728,576.631097886723,0.1448,100.4992,0.3922,10100.140082105,12.160277787532925,0.0,0.0,1.0,0.0,0.0,xss
43570,0,0,17,0,9,1,0,1411,31,0.0,183,697,810,0.7028368794326241,0.0,0.0,176.0,1,31,54,1143,0,0,0,0.0,0.0,0.0,0,1,1,56,2.4056,8,1,0,1,0.0,0.875,0,36,4.107,0,0,1,0,3.05,2.3233,1,1411,31,1143,54,38387.99,9364.31,21376.0,43583.0,100.4992,6.689127389705883,24.012961930518728,576.631097886723,0.1448,100.4992,0.3922,10100.140082105,12.160277787532925,0.0,0.0,1.0,0.0,0.0,xss
57674,0,0,8,3,18,1,0,14469,11,0.0,20,20,20,0.0623444843793198,0.0,0.0,1.0,1,1,11560,1,0,0,0,0.0,0.0,0.0,0,0,0,111,2.4056,8,1,0,1,0.0,0.875,0,19,3.7871,0,0,1,0,0.3333,0.0667,1,14469,1,1,11560,45495.19,8163.81,32774.0,60998.0,100.4992,6.689127389705883,24.012961930518728,576.631097886723,0.1448,100.4992,0.3922,10100.140082105,12.160277787532925,0.0,1.0,0.0,0.0,0.0,xss
62453,0,0,9,4,10,3,0,18209,8,0.0,130,594,1340,1802.7104569420037,0.0,0.0,6129127.0,1,81,11651,88,0,0,0,0.0,0.0,0.0,0,0,0,63,2.4056,8,1,0,1,0.0,0.875,0,76,4.2869,0,0,1,0,2.1667,1.98,1,18209,81,88,11651,46390.82,17565.52,1635.0,65516.0,100.4992,6.689127389705883,24.012961930518728,576.631097886723,0.1448,100.4992,0.3922,10100.140082105,12.160277787532925,0.0,1.0,0.0,0.0,0.0,xss
45948,0,0,8,3,18,1,0,17749,9,0.0,1080,3404,3404,0.1488618435880099,0.0,0.0,1522.0,1,1,9925,1,0,0,0,0.0,0.0,0.0,0,0,0,111,2.4056,8,1,0,1,0.0,0.875,0,19,3.7871,0,0,1,0,18.0,11.3467,1,17749,1,1,9925,46385.64,8302.84,32768.0,60998.0,100.4992,94.2372140402276,24.10654189729186,581.1253622458878,0.1448,100.4992,100.4992,167936514.3302602,12.440885294117647,0.0,1.0,0.0,0.0,0.0,xss
51692,0,0,8,3,18,5,0,64,164,0.0,13,13,13,141569.3015873016,0.0,0.0,2558742.0,1,9,61,40,0,0,0,0.0,0.0,0.0,0,0,0,112,2.4056,8,1,0,1,0.0,0.875,0,49,4.2141,0,0,1,0,0.2167,0.0433,1,64,9,40,61,48507.69,5319.73,34892.0,60742.0,100.4992,6.689127389705883,24.012961930518728,576.631097886723,0.1448,100.4992,0.3922,10100.140082105,12.160277787532925,0.0,1.0,0.0,0.0,0.0,xss
21433,0,0,17,0,9,1,0,1411,31,1.0,180,683,791,0.7028368794326241,0.0,0.0,176.0,1,31,54,1143,0,0,0,0.0,0.0,0.0,0,1,1,56,2.4056,8,1,0,1,0.0,0.875,0,36,4.107,0,0,1,0,3.0,2.2767,1,1411,31,1143,54,38387.99,9364.31,21376.0,43583.0,1.4427,6.689127389705883,24.012961930518728,576.631097886723,0.1448,100.4992,0.3922,10100.140082105,12.160277787532925,0.0,0.0,1.0,0.0,0.0,xss
54986,0,0,8,3,18,1,0,17749,9,0.0,17,17,17,0.1488618435880099,0.0,0.0,1522.0,1,1,9925,1,0,0,0,0.0,0.0,0.0,0,0,0,111,2.4056,8,1,0,1,0.0,0.875,0,19,3.7871,0,0,1,0,0.2833,0.0567,1,17749,1,1,9925,46385.64,8302.84,32768.0,60998.0,100.4992,94.2372140402276,24.10654189729186,581.1253622458878,0.1448,100.4992,100.4992,167936514.3302602,12.440885294117647,0.0,1.0,0.0,0.0,0.0,xss
61500,0,0,9,4,10,3,0,18209,8,0.0,178,790,1762,1802.7104569420037,0.0,0.0,6129127.0,1,81,11651,88,0,0,0,0.0,0.0,0.0,0,0,0,63,2.4056,8,1,0,1,0.0,0.875,0,0,0.0,0,0,0,0,2.9667,2.6333,0,18209,81,88,11651,46390.82,17565.52,1635.0,65516.0,100.4992,6.689127389705883,24.012961930518728,576.631097886723,0.1448,100.4992,0.3922,10100.140082105,12.160277787532925,0.0,1.0,0.0,0.0,0.0,xss
52430,0,0,10,4,3,2,0,18209,8,1.0,67,92,172,1802.7104569420037,0.0,0.0,6129127.0,1,81,11651,88,0,0,0,0.0,0.0,0.0,0,0,0,63,2.4056,8,1,0,1,0.0,0.875,0,41,4.1203,0,0,1,0,1.1167,0.3067,1,18209,81,88,11651,46390.82,17565.52,1635.0,65516.0,1.4427,6.689127389705883,24.012961930518728,576.631097886723,0.1448,100.4992,0.3922,10100.140082105,12.160277787532925,0.0,1.0,0.0,0.0,0.0,xss
40335,0,0,18,1,10,1,0,4119,22,0.0,257,1205,2357,2.040067994171928,0.0,0.0,3807.0,1,59,83,3631,0,0,0,0.0,0.0,0.0,0,1,1,56,4.0649,106,10,0,23,0.0,0.783,0,106,4.0649,0,0,1,0,4.2833,4.0167,1,4119,59,3631,83,24531.98,10083.29,19648.0,58172.0,100.4992,6.689127389705883,24.012961930518728,576.631097886723,0.1448,100.4992,0.3922,10100.140082105,12.160277787532925,0.0,0.0,1.0,0.0,0.0,xss
19680,0,0,17,1,10,1,0,4119,22,0.0,304,848,856,2.040067994171928,0.0,0.0,3807.0,1,59,83,3631,0,0,0,0.0,0.0,0.0,0,1,1,56,2.4056,8,1,0,1,0.0,0.875,0,39,4.253,0,0,1,0,5.0667,2.8267,1,4119,59,3631,83,24531.98,10083.29,19648.0,58172.0,100.4992,6.689127389705883,24.012961930518728,576.631097886723,0.1448,100.4992,0.3922,10100.140082105,12.160277787532925,0.0,0.0,1.0,0.0,0.0,xss
61655,0,0,9,4,10,3,0,18209,8,0.0,146,688,1706,1802.7104569420037,0.0,0.0,6129127.0,1,81,11651,88,0,0,0,0.0,0.0,0.0,0,0,0,63,2.4056,8,1,0,1,0.0,0.875,0,40,4.2562,0,0,1,0,2.4333,2.2933,1,18209,81,88,11651,46390.82,17565.52,1635.0,65516.0,100.4992,6.689127389705883,24.012961930518728,576.631097886723,0.1448,100.4992,0.3922,10100.140082105,12.160277787532925,0.0,1.0,0.0,0.0,0.0,xss
19707,0,0,18,1,10,1,0,4119,22,1.0,237,1260,1421,2.040067994171928,0.0,0.0,3807.0,1,59,83,3631,0,0,0,0.0,0.0,0.0,0,1,1,56,2.4056,8,1,0,1,0.0,0.875,0,39,4.2336,0,0,1,0,3.95,4.2,1,4119,59,3631,83,24531.98,10083.29,19648.0,58172.0,1.4427,6.689127389705883,24.012961930518728,576.631097886723,0.1448,100.4992,0.3922,10100.140082105,12.160277787532925,0.0,0.0,1.0,0.0,0.0,xss
51594,0,0,10,4,3,2,0,18209,8,0.0,204,798,1352,1802.7104569420037,0.0,0.0,6129127.0,1,81,11651,88,0,0,0,0.0,0.0,0.0,0,0,0,63,2.4056,8,1,0,1,0.0,0.875,0,0,0.0,0,0,0,0,3.4,2.66,0,18209,81,88,11651,46390.82,17565.52,1635.0,65516.0,100.4992,6.689127389705883,24.012961930518728,576.631097886723,0.1448,100.4992,0.3922,10100.140082105,12.160277787532925,0.0,1.0,0.0,0.0,0.0,xss
4528,0,0,5,2,2,8,1,18209,8,0.0,34,928,935,1802.7104569420037,0.0,0.0,6129127.0,1,81,11651,88,0,0,0,0.0,0.0,0.0,0,0,0,63,2.4056,8,1,0,1,0.0,0.875,0,0,0.0,0,0,0,0,0.5667,3.0933,0,18209,81,88,11651,46390.82,17565.52,1635.0,65516.0,100.4992,6.689127389705883,24.012961930518728,576.631097886723,0.1448,100.4992,0.3922,10100.140082105,12.160277787532925,0.0,1.0,0.0,0.0,0.0,xss
61500,0,0,9,4,10,3,0,18209,8,1.0,212,804,1784,1802.7104569420037,0.0,0.0,6129127.0,1,81,11651,88,0,0,0,0.0,0.0,0.0,0,0,0,63,2.4056,8,1,0,1,0.0,0.875,0,0,0.0,0,0,0,0,3.5333,2.68,0,18209,81,88,11651,46390.82,17565.52,1635.0,65516.0,1.4427,6.689127389705883,24.012961930518728,576.631097886723,0.1448,100.4992,0.3922,10100.140082105,12.160277787532925,0.0,1.0,0.0,0.0,0.0,xss
52374,0,0,10,4,3,2,0,18209,8,4.0,50,66,146,1802.7104569420037,0.0,0.0,6129127.0,0,81,11651,88,0,0,0,0.0,0.0,0.0,0,0,0,63,2.4056,8,1,0,1,0.0,0.875,0,63,4.4044,0,0,1,0,0.8333,0.22,1,18209,81,88,11651,46390.82,17565.52,1635.0,65516.0,0.6213,6.689127389705883,24.012961930518728,576.631097886723,0.1448,100.4992,0.3922,10100.140082105,12.160277787532925,0.0,1.0,0.0,0.0,0.0,xss
21433,0,0,17,0,9,1,0,1411,31,0.0,176,661,743,0.7028368794326241,0.0,0.0,176.0,1,31,54,1143,0,0,0,0.0,0.0,0.0,0,1,1,56,2.4056,8,1,0,1,0.0,0.875,0,39,4.253,0,0,1,0,2.9333,2.2033,1,1411,31,1143,54,38387.99,9364.31,21376.0,43583.0,100.4992,6.689127389705883,24.012961930518728,576.631097886723,0.1448,100.4992,0.3922,10100.140082105,12.160277787532925,0.0,0.0,1.0,0.0,0.0,xss
14971,0,0,7,2,1,2,0,18209,8,0.0,377,377,377,1802.7104569420037,0.0,0.0,6129127.0,1,81,11651,88,0,0,0,0.0,0.0,0.0,0,0,0,111,2.4056,8,1,0,1,0.0,0.875,0,33,4.2485,0,0,1,0,6.2833,1.2567,1,18209,81,88,11651,46390.82,17565.52,1635.0,65516.0,100.4992,6.689127389705883,24.012961930518728,576.631097886723,0.1448,100.4992,0.3922,10100.140082105,12.160277787532925,0.0,1.0,0.0,0.0,0.0,xss
58543,0,0,7,2,11,1,0,18209,8,0.0,258,778,823,1802.7104569420037,0.0,0.0,6129127.0,1,81,11651,88,0,0,0,0.0,0.0,0.0,0,0,0,63,2.4056,8,1,0,1,0.0,0.875,0,25,4.1639,0,0,0,0,4.3,2.5933,0,18209,81,88,11651,46390.82,17565.52,1635.0,65516.0,100.4992,6.689127389705883,24.012961930518728,576.631097886723,0.1448,100.4992,0.3922,10100.140082105,12.160277787532925,0.0,1.0,0.0,0.0,0.0,xss
21433,0,0,17,0,9,1,0,1411,31,1.0,179,672,765,0.7028368794326241,0.0,0.0,176.0,1,31,54,1143,0,0,0,0.0,0.0,0.0,0,1,1,56,2.4056,8,1,0,1,0.0,0.875,0,40,4.2464,0,0,1,0,2.9833,2.24,1,1411,31,1143,54,38387.99,9364.31,21376.0,43583.0,1.4427,6.689127389705883,24.012961930518728,576.631097886723,0.1448,100.4992,0.3922,10100.140082105,12.160277787532925,0.0,0.0,1.0,0.0,0.0,xss
43570,0,0,17,0,9,1,0,1411,31,0.0,190,703,823,0.7028368794326241,0.0,0.0,176.0,1,31,54,1143,0,0,0,0.0,0.0,0.0,0,1,1,56,2.4056,8,1,0,1,0.0,0.875,0,42,4.2728,0,0,1,0,3.1667,2.3433,1,1411,31,1143,54,38387.99,9364.31,21376.0,43583.0,100.4992,6.689127389705883,24.012961930518728,576.631097886723,0.1448,100.4992,0.3922,10100.140082105,12.160277787532925,0.0,0.0,1.0,0.0,0.0,xss
38532,0,0,8,3,18,1,0,10947,12,1.0,942,3001,3001,0.0644070893477069,0.0,0.0,3.0,1,1,7120,1,0,0,0,0.0,0.0,0.0,0,0,0,111,2.4056,8,1,0,1,0.0,0.875,0,19,3.7871,0,0,1,0,15.7,10.0033,1,10947,1,1,7120,49539.27,8754.64,32772.0,60998.0,1.4427,6.689127389705883,24.012961930518728,576.631097886723,0.1448,100.4992,0.3922,10100.140082105,12.160277787532925,0.0,1.0,0.0,0.0,0.0,xss
63503,0,0,9,4,3,2,0,18209,8,0.0,100,567,1118,1802.7104569420037,0.0,0.0,6129127.0,1,81,11651,88,0,0,0,0.0,0.0,0.0,0,0,0,63,2.4056,8,1,0,1,0.0,0.875,0,47,4.3015,0,0,1,0,1.6667,1.89,1,18209,81,88,11651,46390.82,17565.52,1635.0,65516.0,100.4992,6.689127389705883,24.012961930518728,576.631097886723,0.1448,100.4992,0.3922,10100.140082105,12.160277787532925,0.0,1.0,0.0,0.0,0.0,xss
58819,0,0,7,2,11,1,0,18209,8,0.0,109,1020,1088,1802.7104569420037,0.0,0.0,6129127.0,1,81,11651,88,0,0,0,0.0,0.0,0.0,0,0,0,63,2.4056,8,1,0,1,0.0,0.875,0,55,4.4817,0,0,1,0,1.8167,3.4,1,18209,81,88,11651,46390.82,17565.52,1635.0,65516.0,100.4992,6.689127389705883,24.012961930518728,576.631097886723,0.1448,100.4992,0.3922,10100.140082105,12.160277787532925,0.0,1.0,0.0,0.0,0.0,xss
19680,0,0,17,1,10,1,0,4119,22,0.0,302,788,788,2.040067994171928,0.0,0.0,3807.0,1,59,83,3631,0,0,0,0.0,0.0,0.0,0,1,1,56,2.4056,8,1,0,1,0.0,0.875,0,36,4.107,0,0,1,0,5.0333,2.6267,1,4119,59,3631,83,24531.98,10083.29,19648.0,58172.0,100.4992,6.689127389705883,24.012961930518728,576.631097886723,0.1448,100.4992,0.3922,10100.140082105,12.160277787532925,0.0,0.0,1.0,0.0,0.0,xss
58616,0,0,8,3,18,1,0,10947,12,0.0,959,4458,6324,0.0644070893477069,0.0,0.0,3.0,1,1,7120,1,0,0,0,0.0,0.0,0.0,0,0,0,111,2.4056,8,1,0,1,0.0,0.875,0,19,3.7871,0,0,1,0,15.9833,14.86,1,10947,1,1,7120,49539.27,8754.64,32772.0,60998.0,100.4992,6.689127389705883,24.012961930518728,576.631097886723,0.1448,100.4992,0.3922,10100.140082105,12.160277787532925,0.0,1.0,0.0,0.0,0.0,xss
19683,0,0,18,1,10,1,0,4119,22,0.0,232,1182,2534,2.040067994171928,0.0,0.0,3807.0,1,59,83,3631,0,0,0,0.0,0.0,0.0,0,1,1,56,2.4056,8,1,0,1,0.0,0.875,0,4127,5.9643,0,0,1,0,3.8667,3.94,1,4119,59,3631,83,24531.98,10083.29,19648.0,58172.0,100.4992,6.689127389705883,24.012961930518728,576.631097886723,0.1448,100.4992,0.3922,10100.140082105,12.160277787532925,0.0,0.0,1.0,0.0,0.0,xss
53986,0,0,10,4,3,2,0,18209,8,0.0,223,655,1223,1802.7104569420037,0.0,0.0,6129127.0,1,81,11651,88,0,0,0,0.0,0.0,0.0,0,0,0,63,2.4056,8,1,0,1,0.0,0.875,0,47,4.3015,0,0,1,0,3.7167,2.1833,1,18209,81,88,11651,46390.82,17565.52,1635.0,65516.0,100.4992,6.689127389705883,24.012961930518728,576.631097886723,0.1448,100.4992,0.3922,10100.140082105,12.160277787532925,0.0,1.0,0.0,0.0,0.0,xss
50658,0,0,8,3,18,1,0,10947,12,0.0,928,4592,5016,0.0644070893477069,0.0,0.0,3.0,1,1,7120,1,0,0,0,0.0,0.0,0.0,0,0,0,111,2.4056,8,1,0,1,0.0,0.875,0,19,3.7871,0,0,1,0,15.4667,15.3067,1,10947,1,1,7120,49539.27,8754.64,32772.0,60998.0,100.4992,6.689127389705883,24.012961930518728,576.631097886723,0.1448,100.4992,0.3922,10100.140082105,12.160277787532925,0.0,1.0,0.0,0.0,0.0,xss
19698,0,0,17,1,10,1,0,4119,22,0.0,311,903,923,2.040067994171928,0.0,0.0,3807.0,1,59,83,3631,0,0,0,0.0,0.0,0.0,0,1,1,56,2.4056,8,1,0,1,0.0,0.875,0,39,4.1823,0,0,1,0,5.1833,3.01,1,4119,59,3631,83,24531.98,10083.29,19648.0,58172.0,100.4992,6.689127389705883,24.012961930518728,576.631097886723,0.1448,100.4992,0.3922,10100.140082105,12.160277787532925,0.0,0.0,1.0,0.0,0.0,xss
21433,0,0,17,0,9,1,0,1411,31,1.0,171,644,718,0.7028368794326241,0.0,0.0,176.0,1,31,54,1143,0,0,0,0.0,0.0,0.0,0,1,1,56,2.4056,8,1,0,1,0.0,0.875,0,38,4.241,0,0,1,0,2.85,2.1467,1,1411,31,1143,54,38387.99,9364.31,21376.0,43583.0,1.4427,6.689127389705883,24.012961930518728,576.631097886723,0.1448,100.4992,0.3922,10100.140082105,12.160277787532925,0.0,0.0,1.0,0.0,0.0,xss
8561,0,0,14,5,14,1,0,172,94,0.0,12,19,19,2437.093567251462,0.0,0.0,167891.0,1,2,134,6,0,0,0,0.0,0.0,0.0,0,1,0,22,2.4056,8,1,0,1,0.0,0.875,0,30,4.0566,0,0,1,0,0.2,0.0633,1,172,2,6,134,8713.34,127.53,8537.0,8952.0,100.4992,6.689127389705883,24.012961930518728,576.631097886723,0.1448,100.4992,0.3922,10100.140082105,12.160277787532925,0.0,0.0,0.0,1.0,0.0,xss
59020,0,0,8,3,18,1,0,8429,14,0.0,962,4195,4195,1301.1058376839107,0.0,0.0,10965174.0,1,1,7781,3,0,0,0,0.0,0.0,0.0,0,0,0,111,2.4056,8,1,0,1,0.0,0.875,0,19,3.7871,0,0,1,0,16.0333,13.9833,1,8429,1,3,7781,48171.45,9720.14,32768.0,60998.0,100.4992,6.689127389705883,24.012961930518728,576.631097886723,0.1448,100.4992,0.3922,10100.140082105,12.160277787532925,0.0,1.0,0.0,0.0,0.0,xss
19698,0,0,17,1,10,1,0,4119,22,0.0,302,859,870,2.040067994171928,0.0,0.0,3807.0,1,59,83,3631,0,0,0,0.0,0.0,0.0,0,1,1,56,2.4056,8,1,0,1,0.0,0.875,0,40,4.2653,0,0,1,0,5.0333,2.8633,1,4119,59,3631,83,24531.98,10083.29,19648.0,58172.0,100.4992,6.689127389705883,24.012961930518728,576.631097886723,0.1448,100.4992,0.3922,10100.140082105,12.160277787532925,0.0,0.0,1.0,0.0,0.0,xss
62434,0,0,9,4,10,3,0,18209,8,1.0,118,580,1346,1802.7104569420037,0.0,0.0,6129127.0,1,81,11651,88,0,0,0,0.0,0.0,0.0,0,0,0,63,2.4056,8,1,0,1,0.0,0.875,0,63,4.4044,0,0,1,0,1.9667,1.9333,1,18209,81,88,11651,46390.82,17565.52,1635.0,65516.0,1.4427,6.689127389705883,24.012961930518728,576.631097886723,0.1448,100.4992,0.3922,10100.140082105,12.160277787532925,0.0,1.0,0.0,0.0,0.0,xss
62387,0,0,9,4,10,3,0,18209,8,0.0,90,559,1362,1802.7104569420037,0.0,0.0,6129127.0,1,81,11651,88,0,0,0,0.0,0.0,0.0,0,0,0,63,2.4056,8,1,0,1,0.0,0.875,0,60,4.4553,0,0,1,0,1.5,1.8633,1,18209,81,88,11651,46390.82,17565.52,1635.0,65516.0,100.4992,6.689127389705883,24.012961930518728,576.631097886723,0.1448,100.4992,0.3922,10100.140082105,12.160277787532925,0.0,1.0,0.0,0.0,0.0,xss
50046,0,0,8,3,18,1,0,17749,9,0.0,895,1996,1996,0.1488618435880099,0.0,0.0,1522.0,1,1,9925,1,0,0,0,0.0,0.0,0.0,0,0,0,111,2.4056,8,1,0,1,0.0,0.875,0,19,3.7871,0,0,1,0,14.9167,6.6533,1,17749,1,1,9925,46385.64,8302.84,32768.0,60998.0,100.4992,94.2372140402276,24.10654189729186,581.1253622458878,0.1448,100.4992,100.4992,167936514.3302602,12.440885294117647,0.0,1.0,0.0,0.0,0.0,xss
43546,0,0,17,0,9,1,0,1411,31,1.0,188,711,840,0.7028368794326241,0.0,0.0,176.0,1,31,54,1143,0,0,0,0.0,0.0,0.0,0,1,1,56,2.4056,8,1,0,1,0.0,0.875,0,40,4.2964,0,0,1,0,3.1333,2.37,1,1411,31,1143,54,38387.99,9364.31,21376.0,43583.0,1.4427,6.689127389705883,24.012961930518728,576.631097886723,0.1448,100.4992,0.3922,10100.140082105,12.160277787532925,0.0,0.0,1.0,0.0,0.0,xss
25687,0,0,8,3,18,1,0,8232,15,1.0,17,17,17,0.0613534199975701,0.0,0.0,2.0,1,1,7401,1,0,0,0,0.0,0.0,0.0,0,0,0,111,2.4056,8,1,0,1,0.0,0.875,0,19,3.7871,0,0,1,0,0.2833,0.0567,1,8232,1,1,7401,32818.97,18852.81,1026.0,65530.0,1.4427,6.689127389705883,24.012961930518728,576.631097886723,0.1448,100.4992,0.3922,10100.140082105,12.160277787532925,0.0,1.0,0.0,0.0,0.0,xss
19698,0,0,17,1,10,1,0,4119,22,0.0,312,900,919,2.040067994171928,0.0,0.0,3807.0,1,59,83,3631,0,0,0,0.0,0.0,0.0,0,1,1,56,2.4056,8,1,0,1,0.0,0.875,0,36,4.107,0,0,1,0,5.2,3.0,1,4119,59,3631,83,24531.98,10083.29,19648.0,58172.0,100.4992,6.689127389705883,24.012961930518728,576.631097886723,0.1448,100.4992,0.3922,10100.140082105,12.160277787532925,0.0,0.0,1.0,0.0,0.0,xss
61500,0,0,9,4,10,3,0,18209,8,0.0,171,789,1754,1802.7104569420037,0.0,0.0,6129127.0,1,81,11651,88,0,0,0,0.0,0.0,0.0,0,0,0,63,2.4056,8,1,0,1,0.0,0.875,0,47,4.1873,0,0,1,0,2.85,2.63,1,18209,81,88,11651,46390.82,17565.52,1635.0,65516.0,100.4992,6.689127389705883,24.012961930518728,576.631097886723,0.1448,100.4992,0.3922,10100.140082105,12.160277787532925,0.0,1.0,0.0,0.0,0.0,xss
62430,0,0,9,4,10,3,0,18209,8,0.0,111,575,1351,1802.7104569420037,0.0,0.0,6129127.0,1,81,11651,88,0,0,0,0.0,0.0,0.0,0,0,0,63,2.4056,8,1,0,1,0.0,0.875,0,34,3.9735,0,0,1,0,1.85,1.9167,1,18209,81,88,11651,46390.82,17565.52,1635.0,65516.0,100.4992,6.689127389705883,24.012961930518728,576.631097886723,0.1448,100.4992,0.3922,10100.140082105,12.160277787532925,0.0,1.0,0.0,0.0,0.0,xss
52864,0,0,9,3,18,1,0,14469,11,0.0,1011,5100,9046,0.0623444843793198,0.0,0.0,1.0,1,1,11560,1,0,0,0,0.0,0.0,0.0,0,0,0,111,2.4056,8,1,0,1,0.0,0.875,0,19,3.7871,0,0,1,0,16.85,17.0,1,14469,1,1,11560,45495.19,8163.81,32774.0,60998.0,100.4992,6.689127389705883,24.012961930518728,576.631097886723,0.1448,100.4992,0.3922,10100.140082105,12.160277787532925,0.0,1.0,0.0,0.0,0.0,xss
43570,0,0,17,0,9,1,0,1411,31,0.0,186,698,813,0.7028368794326241,0.0,0.0,176.0,1,31,54,1143,0,0,0,0.0,0.0,0.0,0,1,1,56,2.4056,8,1,0,1,0.0,0.875,0,36,4.107,0,0,1,0,3.1,2.3267,1,1411,31,1143,54,38387.99,9364.31,21376.0,43583.0,100.4992,6.689127389705883,24.012961930518728,576.631097886723,0.1448,100.4992,0.3922,10100.140082105,12.160277787532925,0.0,0.0,1.0,0.0,0.0,xss
51594,0,0,10,4,3,2,0,18209,8,0.0,207,795,1360,1802.7104569420037,0.0,0.0,6129127.0,1,81,11651,88,0,0,0,0.0,0.0,0.0,0,0,0,63,2.4056,8,1,0,1,0.0,0.875,0,47,4.1873,0,0,1,0,3.45,2.65,1,18209,81,88,11651,46390.82,17565.52,1635.0,65516.0,100.4992,6.689127389705883,24.012961930518728,576.631097886723,0.1448,100.4992,0.3922,10100.140082105,12.160277787532925,0.0,1.0,0.0,0.0,0.0,xss
43529,0,0,17,0,9,1,0,1411,31,1.0,184,717,846,0.7028368794326241,0.0,0.0,176.0,1,31,54,1143,0,0,0,0.0,0.0,0.0,0,1,1,56,2.4056,8,1,0,1,0.0,0.875,0,36,4.107,0,0,1,0,3.0667,2.39,1,1411,31,1143,54,38387.99,9364.31,21376.0,43583.0,1.4427,6.689127389705883,24.012961930518728,576.631097886723,0.1448,100.4992,0.3922,10100.140082105,12.160277787532925,0.0,0.0,1.0,0.0,0.0,xss
50557,0,0,10,4,3,2,0,18209,8,1.0,198,411,455,1802.7104569420037,0.0,0.0,6129127.0,1,81,11651,88,0,0,0,0.0,0.0,0.0,0,0,0,63,2.4056,8,1,0,1,0.0,0.875,0,30,3.7647,0,0,1,0,3.3,1.37,1,18209,81,88,11651,46390.82,17565.52,1635.0,65516.0,1.4427,6.689127389705883,24.012961930518728,576.631097886723,0.1448,100.4992,0.3922,10100.140082105,12.160277787532925,0.0,1.0,0.0,0.0,0.0,xss
58812,0,0,7,2,11,1,0,18209,8,0.0,100,1011,1079,1802.7104569420037,0.0,0.0,6129127.0,1,81,11651,88,0,0,0,0.0,0.0,0.0,0,0,0,63,2.4056,8,1,0,1,0.0,0.875,0,46,4.4065,0,0,1,0,1.6667,3.37,1,18209,81,88,11651,46390.82,17565.52,1635.0,65516.0,100.4992,6.689127389705883,24.012961930518728,576.631097886723,0.1448,100.4992,0.3922,10100.140082105,12.160277787532925,0.0,1.0,0.0,0.0,0.0,xss
19684,0,0,18,1,10,1,0,4119,22,1.0,226,1204,2437,2.040067994171928,0.0,0.0,3807.0,1,59,83,3631,0,0,0,0.0,0.0,0.0,0,1,1,56,2.4056,8,1,0,1,0.0,0.875,0,32,3.84,0,0,1,0,3.7667,4.0133,1,4119,59,3631,83,24531.98,10083.29,19648.0,58172.0,1.4427,6.689127389705883,24.012961930518728,576.631097886723,0.1448,100.4992,0.3922,10100.140082105,12.160277787532925,0.0,0.0,1.0,0.0,0.0,xss
61500,0,0,9,4,10,3,0,18209,8,0.0,207,809,1800,1802.7104569420037,0.0,0.0,6129127.0,1,81,11651,88,0,0,0,0.0,0.0,0.0,0,0,0,63,2.4056,8,1,0,1,0.0,0.875,0,0,0.0,0,0,0,0,3.45,2.6967,0,18209,81,88,11651,46390.82,17565.52,1635.0,65516.0,100.4992,6.689127389705883,24.012961930518728,576.631097886723,0.1448,100.4992,0.3922,10100.140082105,12.160277787532925,0.0,1.0,0.0,0.0,0.0,xss
34964,0,0,8,3,18,1,0,17749,9,0.0,900,3494,3494,0.1488618435880099,0.0,0.0,1522.0,1,1,9925,1,0,0,0,0.0,0.0,0.0,0,0,0,111,2.4056,8,1,0,1,0.0,0.875,0,19,3.7871,0,0,1,0,15.0,11.6467,1,17749,1,1,9925,46385.64,8302.84,32768.0,60998.0,100.4992,94.2372140402276,24.10654189729186,581.1253622458878,0.1448,100.4992,100.4992,167936514.3302602,12.440885294117647,0.0,1.0,0.0,0.0,0.0,xss
63956,0,0,9,4,10,3,0,18209,8,1.0,229,582,1261,1802.7104569420037,0.0,0.0,6129127.0,1,81,11651,88,0,0,0,0.0,0.0,0.0,0,0,0,63,2.4056,8,1,0,1,0.0,0.875,0,62,4.6271,0,0,1,0,3.8167,1.94,1,18209,81,88,11651,46390.82,17565.52,1635.0,65516.0,1.4427,6.689127389705883,24.012961930518728,576.631097886723,0.1448,100.4992,0.3922,10100.140082105,12.160277787532925,0.0,1.0,0.0,0.0,0.0,xss
61500,0,0,9,4,10,3,0,18209,8,1.0,203,807,1793,1802.7104569420037,0.0,0.0,6129127.0,1,81,11651,88,0,0,0,0.0,0.0,0.0,0,0,0,63,2.4056,8,1,0,1,0.0,0.875,0,0,0.0,0,0,0,0,3.3833,2.69,0,18209,81,88,11651,46390.82,17565.52,1635.0,65516.0,1.4427,6.689127389705883,24.012961930518728,576.631097886723,0.1448,100.4992,0.3922,10100.140082105,12.160277787532925,0.0,1.0,0.0,0.0,0.0,xss
20935,0,0,8,3,18,1,0,8232,15,1.0,1033,4245,4245,0.0613534199975701,0.0,0.0,2.0,1,1,7401,1,0,0,0,0.0,0.0,0.0,0,0,0,111,2.4056,8,1,0,1,0.0,0.875,0,19,3.7871,0,0,1,0,17.2167,14.15,1,8232,1,1,7401,32818.97,18852.81,1026.0,65530.0,1.4427,6.689127389705883,24.012961930518728,576.631097886723,0.1448,100.4992,0.3922,10100.140082105,12.160277787532925,0.0,1.0,0.0,0.0,0.0,xss
30879,0,0,17,1,10,1,0,4119,22,1.0,301,931,959,2.040067994171928,0.0,0.0,3807.0,1,59,83,3631,0,0,0,0.0,0.0,0.0,0,1,1,56,2.4056,8,1,0,1,0.0,0.875,0,36,4.107,0,0,1,0,5.0167,3.1033,1,4119,59,3631,83,24531.98,10083.29,19648.0,58172.0,1.4427,6.689127389705883,24.012961930518728,576.631097886723,0.1448,100.4992,0.3922,10100.140082105,12.160277787532925,0.0,0.0,1.0,0.0,0.0,xss
13250,0,0,8,3,18,1,0,8232,15,0.0,1037,4249,4249,0.0613534199975701,0.0,0.0,2.0,1,1,7401,1,0,0,0,0.0,0.0,0.0,0,0,0,111,2.4056,8,1,0,1,0.0,0.875,0,19,3.7871,0,0,1,0,17.2833,14.1633,1,8232,1,1,7401,32818.97,18852.81,1026.0,65530.0,100.4992,6.689127389705883,24.012961930518728,576.631097886723,0.1448,100.4992,0.3922,10100.140082105,12.160277787532925,0.0,1.0,0.0,0.0,0.0,xss
52441,0,0,10,4,3,2,0,18209,8,1.0,64,98,178,1802.7104569420037,0.0,0.0,6129127.0,1,81,11651,88,0,0,0,0.0,0.0,0.0,0,0,0,63,2.4056,8,1,0,1,0.0,0.875,0,36,4.3292,0,0,1,0,1.0667,0.3267,1,18209,81,88,11651,46390.82,17565.52,1635.0,65516.0,1.4427,6.689127389705883,24.012961930518728,576.631097886723,0.1448,100.4992,0.3922,10100.140082105,12.160277787532925,0.0,1.0,0.0,0.0,0.0,xss
19676,0,0,18,1,10,1,0,4119,22,0.0,247,1104,1210,2.040067994171928,0.0,0.0,3807.0,1,59,83,3631,0,0,0,0.0,0.0,0.0,0,1,1,56,2.4056,8,1,0,1,0.0,0.875,0,36,4.107,0,0,1,0,4.1167,3.68,1,4119,59,3631,83,24531.98,10083.29,19648.0,58172.0,100.4992,6.689127389705883,24.012961930518728,576.631097886723,0.1448,100.4992,0.3922,10100.140082105,12.160277787532925,0.0,0.0,1.0,0.0,0.0,xss
39488,0,0,8,3,18,1,0,17749,9,0.0,907,4260,6143,0.1488618435880099,0.0,0.0,1522.0,1,1,9925,1,0,0,0,0.0,0.0,0.0,0,0,0,111,2.4056,8,1,0,1,0.0,0.875,0,19,3.7871,0,0,1,0,15.1167,14.2,1,17749,1,1,9925,46385.64,8302.84,32768.0,60998.0,100.4992,94.2372140402276,24.10654189729186,581.1253622458878,0.1448,100.4992,100.4992,167936514.3302602,12.440885294117647,0.0,1.0,0.0,0.0,0.0,xss
51594,0,0,10,4,3,2,0,18209,8,1.0,198,797,1341,1802.7104569420037,0.0,0.0,6129127.0,1,81,11651,88,0,0,0,0.0,0.0,0.0,0,0,0,63,2.4056,8,1,0,1,0.0,0.875,0,47,4.1873,0,0,1,0,3.3,2.6567,1,18209,81,88,11651,46390.82,17565.52,1635.0,65516.0,1.4427,6.689127389705883,24.012961930518728,576.631097886723,0.1448,100.4992,0.3922,10100.140082105,12.160277787532925,0.0,1.0,0.0,0.0,0.0,xss
21433,0,0,17,0,9,1,0,1411,31,1.0,171,633,701,0.7028368794326241,0.0,0.0,176.0,1,31,54,1143,0,0,0,0.0,0.0,0.0,0,1,1,56,2.4056,8,1,0,1,0.0,0.875,0,41,4.3083,0,0,1,0,2.85,2.11,1,1411,31,1143,54,38387.99,9364.31,21376.0,43583.0,1.4427,6.689127389705883,24.012961930518728,576.631097886723,0.1448,100.4992,0.3922,10100.140082105,12.160277787532925,0.0,0.0,1.0,0.0,0.0,xss
51594,0,0,10,4,3,2,0,18209,8,0.0,167,794,1294,1802.7104569420037,0.0,0.0,6129127.0,1,81,11651,88,0,0,0,0.0,0.0,0.0,0,0,0,63,2.4056,8,1,0,1,0.0,0.875,0,0,0.0,0,0,0,0,2.7833,2.6467,0,18209,81,88,11651,46390.82,17565.52,1635.0,65516.0,100.4992,6.689127389705883,24.012961930518728,576.631097886723,0.1448,100.4992,0.3922,10100.140082105,12.160277787532925,0.0,1.0,0.0,0.0,0.0,xss
58543,0,0,7,2,11,1,0,18209,8,0.0,276,831,879,1802.7104569420037,0.0,0.0,6129127.0,1,81,11651,88,0,0,0,0.0,0.0,0.0,0,0,0,63,2.4056,8,1,0,1,0.0,0.875,0,25,4.1639,0,0,0,0,4.6,2.77,0,18209,81,88,11651,46390.82,17565.52,1635.0,65516.0,100.4992,6.689127389705883,24.012961930518728,576.631097886723,0.1448,100.4992,0.3922,10100.140082105,12.160277787532925,0.0,1.0,0.0,0.0,0.0,xss
19680,0,0,17,1,10,1,0,4119,22,0.0,304,823,824,2.040067994171928,0.0,0.0,3807.0,1,59,83,3631,0,0,0,0.0,0.0,0.0,0,1,1,56,2.4056,8,1,0,1,0.0,0.875,0,36,4.107,0,0,1,0,5.0667,2.7433,1,4119,59,3631,83,24531.98,10083.29,19648.0,58172.0,100.4992,6.689127389705883,24.012961930518728,576.631097886723,0.1448,100.4992,0.3922,10100.140082105,12.160277787532925,0.0,0.0,1.0,0.0,0.0,xss
42168,0,0,8,3,18,1,0,17749,9,0.0,21,21,21,0.1488618435880099,0.0,0.0,1522.0,1,1,9925,1,0,0,0,0.0,0.0,0.0,0,0,0,111,2.4056,8,1,0,1,0.0,0.875,0,19,3.7871,0,0,1,0,0.35,0.07,1,17749,1,1,9925,46385.64,8302.84,32768.0,60998.0,100.4992,94.2372140402276,24.10654189729186,581.1253622458878,0.1448,100.4992,100.4992,167936514.3302602,12.440885294117647,0.0,1.0,0.0,0.0,0.0,xss
21433,0,0,17,0,9,1,0,1411,31,1.0,179,679,783,0.7028368794326241,0.0,0.0,176.0,1,31,54,1143,0,0,0,0.0,0.0,0.0,0,1,1,56,2.4056,8,1,0,1,0.0,0.875,0,39,4.253,0,0,1,0,2.9833,2.2633,1,1411,31,1143,54,38387.99,9364.31,21376.0,43583.0,1.4427,6.689127389705883,24.012961930518728,576.631097886723,0.1448,100.4992,0.3922,10100.140082105,12.160277787532925,0.0,0.0,1.0,0.0,0.0,xss
50042,0,0,8,3,18,1,0,17749,9,0.0,894,1995,1995,0.1488618435880099,0.0,0.0,1522.0,1,1,9925,1,0,0,0,0.0,0.0,0.0,0,0,0,111,2.4056,8,1,0,1,0.0,0.875,0,19,3.7871,0,0,1,0,14.9,6.65,1,17749,1,1,9925,46385.64,8302.84,32768.0,60998.0,100.4992,94.2372140402276,24.10654189729186,581.1253622458878,0.1448,100.4992,100.4992,167936514.3302602,12.440885294117647,0.0,1.0,0.0,0.0,0.0,xss
21434,0,0,17,0,9,1,0,1411,31,1.0,190,736,874,0.7028368794326241,0.0,0.0,176.0,1,31,54,1143,0,0,0,0.0,0.0,0.0,0,1,1,56,2.4056,8,1,0,1,0.0,0.875,0,36,4.107,0,0,1,0,3.1667,2.4533,1,1411,31,1143,54,38387.99,9364.31,21376.0,43583.0,1.4427,6.689127389705883,24.012961930518728,576.631097886723,0.1448,100.4992,0.3922,10100.140082105,12.160277787532925,0.0,0.0,1.0,0.0,0.0,xss
51395,0,0,10,4,3,2,0,18209,8,0.0,119,743,1111,1802.7104569420037,0.0,0.0,6129127.0,1,81,11651,88,0,0,0,0.0,0.0,0.0,0,0,0,63,2.4056,8,1,0,1,0.0,0.875,0,20,3.4219,0,0,1,0,1.9833,2.4767,1,18209,81,88,11651,46390.82,17565.52,1635.0,65516.0,100.4992,6.689127389705883,24.012961930518728,576.631097886723,0.1448,100.4992,0.3922,10100.140082105,12.160277787532925,0.0,1.0,0.0,0.0,0.0,xss
21433,0,0,17,0,9,1,0,1411,31,0.0,177,668,756,0.7028368794326241,0.0,0.0,176.0,1,31,54,1143,0,0,0,0.0,0.0,0.0,0,1,1,56,2.4056,8,1,0,1,0.0,0.875,0,36,4.107,0,0,1,0,2.95,2.2267,1,1411,31,1143,54,38387.99,9364.31,21376.0,43583.0,100.4992,6.689127389705883,24.012961930518728,576.631097886723,0.1448,100.4992,0.3922,10100.140082105,12.160277787532925,0.0,0.0,1.0,0.0,0.0,xss
21433,0,0,17,0,9,1,0,1411,31,0.0,181,681,785,0.7028368794326241,0.0,0.0,176.0,1,31,54,1143,0,0,0,0.0,0.0,0.0,0,1,1,56,2.4056,8,1,0,1,0.0,0.875,0,34,4.0209,0,0,1,0,3.0167,2.27,1,1411,31,1143,54,38387.99,9364.31,21376.0,43583.0,100.4992,6.689127389705883,24.012961930518728,576.631097886723,0.1448,100.4992,0.3922,10100.140082105,12.160277787532925,0.0,0.0,1.0,0.0,0.0,xss
47062,0,0,8,3,18,1,0,10947,12,0.0,959,2999,2999,0.0644070893477069,0.0,0.0,3.0,1,1,7120,1,0,0,0,0.0,0.0,0.0,0,0,0,111,2.4056,8,1,0,1,0.0,0.875,0,19,3.7871,0,0,1,0,15.9833,9.9967,1,10947,1,1,7120,49539.27,8754.64,32772.0,60998.0,100.4992,6.689127389705883,24.012961930518728,576.631097886723,0.1448,100.4992,0.3922,10100.140082105,12.160277787532925,0.0,1.0,0.0,0.0,0.0,xss
19651,0,0,18,1,10,1,0,4119,22,0.0,212,1205,1341,2.040067994171928,0.0,0.0,3807.0,1,59,83,3631,0,0,0,0.0,0.0,0.0,0,1,1,56,2.4056,8,1,0,1,0.0,0.875,0,42,4.3024,0,0,1,0,3.5333,4.0167,1,4119,59,3631,83,24531.98,10083.29,19648.0,58172.0,100.4992,6.689127389705883,24.012961930518728,576.631097886723,0.1448,100.4992,0.3922,10100.140082105,12.160277787532925,0.0,0.0,1.0,0.0,0.0,xss
61681,0,0,9,4,10,3,0,18209,8,1.0,108,656,1696,1802.7104569420037,0.0,0.0,6129127.0,1,81,11651,88,0,0,0,0.0,0.0,0.0,0,0,0,63,2.4056,8,1,0,1,0.0,0.875,0,20,3.4219,0,0,1,0,1.8,2.1867,1,18209,81,88,11651,46390.82,17565.52,1635.0,65516.0,1.4427,6.689127389705883,24.012961930518728,576.631097886723,0.1448,100.4992,0.3922,10100.140082105,12.160277787532925,0.0,1.0,0.0,0.0,0.0,xss
50325,0,0,10,4,3,2,0,18209,8,0.0,106,160,204,1802.7104569420037,0.0,0.0,6129127.0,1,81,11651,88,0,0,0,0.0,0.0,0.0,0,0,0,63,2.4056,8,1,0,1,0.0,0.875,0,20,3.4219,0,0,1,0,1.7667,0.5333,1,18209,81,88,11651,46390.82,17565.52,1635.0,65516.0,100.4992,6.689127389705883,24.012961930518728,576.631097886723,0.1448,100.4992,0.3922,10100.140082105,12.160277787532925,0.0,1.0,0.0,0.0,0.0,xss
61500,0,0,9,4,10,3,0,18209,8,0.0,216,801,1780,1802.7104569420037,0.0,0.0,6129127.0,1,81,11651,88,0,0,0,0.0,0.0,0.0,0,0,0,63,2.4056,8,1,0,1,0.0,0.875,0,47,4.1873,0,0,1,0,3.6,2.67,1,18209,81,88,11651,46390.82,17565.52,1635.0,65516.0,100.4992,6.689127389705883,24.012961930518728,576.631097886723,0.1448,100.4992,0.3922,10100.140082105,12.160277787532925,0.0,1.0,0.0,0.0,0.0,xss
60256,0,0,9,3,18,1,0,14469,11,0.0,1041,4737,9789,0.0623444843793198,0.0,0.0,1.0,1,1,11560,1,0,0,0,0.0,0.0,0.0,0,0,0,111,2.4056,8,1,0,1,0.0,0.875,0,19,3.7871,0,0,1,0,17.35,15.79,1,14469,1,1,11560,45495.19,8163.81,32774.0,60998.0,100.4992,6.689127389705883,24.012961930518728,576.631097886723,0.1448,100.4992,0.3922,10100.140082105,12.160277787532925,0.0,1.0,0.0,0.0,0.0,xss
43682,0,0,8,3,18,1,0,10947,12,0.0,927,4654,4676,0.0644070893477069,0.0,0.0,3.0,1,1,7120,1,0,0,0,0.0,0.0,0.0,0,0,0,111,2.4056,8,1,0,1,0.0,0.875,0,19,3.7871,0,0,1,0,15.45,15.5133,1,10947,1,1,7120,49539.27,8754.64,32772.0,60998.0,100.4992,6.689127389705883,24.012961930518728,576.631097886723,0.1448,100.4992,0.3922,10100.140082105,12.160277787532925,0.0,1.0,0.0,0.0,0.0,xss
19648,0,0,18,1,10,1,0,4119,22,0.0,222,1203,2487,2.040067994171928,0.0,0.0,3807.0,1,59,83,3631,0,0,0,0.0,0.0,0.0,0,1,1,56,2.4056,8,1,0,1,0.0,0.875,0,39,4.1823,0,0,1,0,3.7,4.01,1,4119,59,3631,83,24531.98,10083.29,19648.0,58172.0,100.4992,6.689127389705883,24.012961930518728,576.631097886723,0.1448,100.4992,0.3922,10100.140082105,12.160277787532925,0.0,0.0,1.0,0.0,0.0,xss
62354,0,0,9,4,10,3,0,18209,8,1.0,72,552,1358,1802.7104569420037,0.0,0.0,6129127.0,1,81,11651,88,0,0,0,0.0,0.0,0.0,0,0,0,63,2.4056,8,1,0,1,0.0,0.875,0,74,4.4882,0,0,1,0,1.2,1.84,1,18209,81,88,11651,46390.82,17565.52,1635.0,65516.0,1.4427,6.689127389705883,24.012961930518728,576.631097886723,0.1448,100.4992,0.3922,10100.140082105,12.160277787532925,0.0,1.0,0.0,0.0,0.0,xss
59148,0,0,8,3,18,1,0,17749,9,1.0,946,1399,1399,0.1488618435880099,0.0,0.0,1522.0,1,1,9925,1,0,0,0,0.0,0.0,0.0,0,0,0,111,2.4056,8,1,0,1,0.0,0.875,0,19,3.7871,0,0,1,0,15.7667,4.6633,1,17749,1,1,9925,46385.64,8302.84,32768.0,60998.0,1.4427,94.2372140402276,24.10654189729186,581.1253622458878,0.1448,100.4992,100.4992,167936514.3302602,12.440885294117647,0.0,1.0,0.0,0.0,0.0,xss
21378,0,0,17,0,9,1,0,1411,31,0.0,138,817,1312,0.7028368794326241,0.0,0.0,176.0,1,31,54,1143,0,0,0,0.0,0.0,0.0,0,1,1,56,2.4056,8,1,0,1,0.0,0.875,0,39,4.1823,0,0,1,0,2.3,2.7233,1,1411,31,1143,54,38387.99,9364.31,21376.0,43583.0,100.4992,6.689127389705883,24.012961930518728,576.631097886723,0.1448,100.4992,0.3922,10100.140082105,12.160277787532925,0.0,0.0,1.0,0.0,0.0,xss
61647,0,0,9,4,10,3,0,18209,8,1.0,171,714,1713,1802.7104569420037,0.0,0.0,6129127.0,1,81,11651,88,0,0,0,0.0,0.0,0.0,0,0,0,63,2.4056,8,1,0,1,0.0,0.875,0,21,3.6304,0,0,1,0,2.85,2.38,1,18209,81,88,11651,46390.82,17565.52,1635.0,65516.0,1.4427,6.689127389705883,24.012961930518728,576.631097886723,0.1448,100.4992,0.3922,10100.140082105,12.160277787532925,0.0,1.0,0.0,0.0,0.0,xss
63925,0,0,9,4,10,3,0,18209,8,1.0,212,552,1236,1802.7104569420037,0.0,0.0,6129127.0,1,81,11651,88,0,0,0,0.0,0.0,0.0,0,0,0,63,2.4056,8,1,0,1,0.0,0.875,0,51,4.2148,0,0,1,0,3.5333,1.84,1,18209,81,88,11651,46390.82,17565.52,1635.0,65516.0,1.4427,6.689127389705883,24.012961930518728,576.631097886723,0.1448,100.4992,0.3922,10100.140082105,12.160277787532925,0.0,1.0,0.0,0.0,0.0,xss
61500,0,0,9,4,10,3,0,18209,8,0.0,175,789,1758,1802.7104569420037,0.0,0.0,6129127.0,1,81,11651,88,0,0,0,0.0,0.0,0.0,0,0,0,63,2.4056,8,1,0,1,0.0,0.875,0,47,4.1873,0,0,1,0,2.9167,2.63,1,18209,81,88,11651,46390.82,17565.52,1635.0,65516.0,100.4992,6.689127389705883,24.012961930518728,576.631097886723,0.1448,100.4992,0.3922,10100.140082105,12.160277787532925,0.0,1.0,0.0,0.0,0.0,xss
19680,0,0,17,1,10,1,0,4119,22,0.0,305,849,857,2.040067994171928,0.0,0.0,3807.0,1,59,83,3631,0,0,0,0.0,0.0,0.0,0,1,1,56,2.4056,8,1,0,1,0.0,0.875,0,36,4.107,0,0,1,0,5.0833,2.83,1,4119,59,3631,83,24531.98,10083.29,19648.0,58172.0,100.4992,6.689127389705883,24.012961930518728,576.631097886723,0.1448,100.4992,0.3922,10100.140082105,12.160277787532925,0.0,0.0,1.0,0.0,0.0,xss
43529,0,0,17,0,9,1,0,1411,31,0.0,187,720,849,0.7028368794326241,0.0,0.0,176.0,1,31,54,1143,0,0,0,0.0,0.0,0.0,0,1,1,56,2.4056,8,1,0,1,0.0,0.875,0,36,4.107,0,0,1,0,3.1167,2.4,1,1411,31,1143,54,38387.99,9364.31,21376.0,43583.0,100.4992,6.689127389705883,24.012961930518728,576.631097886723,0.1448,100.4992,0.3922,10100.140082105,12.160277787532925,0.0,0.0,1.0,0.0,0.0,xss
50325,0,0,10,4,3,2,0,18209,8,0.0,108,162,206,1802.7104569420037,0.0,0.0,6129127.0,1,81,11651,88,0,0,0,0.0,0.0,0.0,0,0,0,63,2.4056,8,1,0,1,0.0,0.875,0,20,3.4219,0,0,1,0,1.8,0.54,1,18209,81,88,11651,46390.82,17565.52,1635.0,65516.0,100.4992,6.689127389705883,24.012961930518728,576.631097886723,0.1448,100.4992,0.3922,10100.140082105,12.160277787532925,0.0,1.0,0.0,0.0,0.0,xss
19680,0,0,17,1,10,1,0,4119,22,0.0,308,771,771,2.040067994171928,0.0,0.0,3807.0,1,59,83,3631,0,0,0,0.0,0.0,0.0,0,1,1,56,2.4056,8,1,0,1,0.0,0.875,0,41,4.3083,0,0,1,0,5.1333,2.57,1,4119,59,3631,83,24531.98,10083.29,19648.0,58172.0,100.4992,6.689127389705883,24.012961930518728,576.631097886723,0.1448,100.4992,0.3922,10100.140082105,12.160277787532925,0.0,0.0,1.0,0.0,0.0,xss
19698,0,0,17,1,10,1,0,4119,22,0.0,302,873,887,2.040067994171928,0.0,0.0,3807.0,1,59,83,3631,0,0,0,0.0,0.0,0.0,0,1,1,56,2.4056,8,1,0,1,0.0,0.875,0,36,4.107,0,0,1,0,5.0333,2.91,1,4119,59,3631,83,24531.98,10083.29,19648.0,58172.0,100.4992,6.689127389705883,24.012961930518728,576.631097886723,0.1448,100.4992,0.3922,10100.140082105,12.160277787532925,0.0,0.0,1.0,0.0,0.0,xss
19698,0,0,17,1,10,1,0,4119,22,1.0,305,882,898,2.040067994171928,0.0,0.0,3807.0,1,59,83,3631,0,0,0,0.0,0.0,0.0,0,1,1,56,2.4056,8,1,0,1,0.0,0.875,0,36,4.107,0,0,1,0,5.0833,2.94,1,4119,59,3631,83,24531.98,10083.29,19648.0,58172.0,1.4427,6.689127389705883,24.012961930518728,576.631097886723,0.1448,100.4992,0.3922,10100.140082105,12.160277787532925,0.0,0.0,1.0,0.0,0.0,xss
19698,0,0,17,1,10,1,0,4119,22,0.0,304,870,883,2.040067994171928,0.0,0.0,3807.0,1,59,83,3631,0,0,0,0.0,0.0,0.0,0,1,1,56,2.4056,8,1,0,1,0.0,0.875,0,39,4.2336,0,0,1,0,5.0667,2.9,1,4119,59,3631,83,24531.98,10083.29,19648.0,58172.0,100.4992,6.689127389705883,24.012961930518728,576.631097886723,0.1448,100.4992,0.3922,10100.140082105,12.160277787532925,0.0,0.0,1.0,0.0,0.0,xss
63341,0,0,9,4,3,2,0,18209,8,0.0,76,916,955,1802.7104569420037,0.0,0.0,6129127.0,1,81,11651,88,0,0,0,0.0,0.0,0.0,0,0,0,63,2.4056,8,1,0,1,0.0,0.875,0,46,4.4065,0,0,1,0,1.2667,3.0533,1,18209,81,88,11651,46390.82,17565.52,1635.0,65516.0,100.4992,6.689127389705883,24.012961930518728,576.631097886723,0.1448,100.4992,0.3922,10100.140082105,12.160277787532925,0.0,1.0,0.0,0.0,0.0,xss
61879,0,0,9,4,10,3,0,18209,8,1.0,149,607,1617,1802.7104569420037,0.0,0.0,6129127.0,1,81,11651,88,0,0,0,0.0,0.0,0.0,0,0,0,63,2.4056,8,1,0,1,0.0,0.875,0,29,4.2373,0,0,1,0,2.4833,2.0233,1,18209,81,88,11651,46390.82,17565.52,1635.0,65516.0,1.4427,6.689127389705883,24.012961930518728,576.631097886723,0.1448,100.4992,0.3922,10100.140082105,12.160277787532925,0.0,1.0,0.0,0.0,0.0,xss
19648,0,0,18,1,10,1,0,4119,22,0.0,217,1200,2471,2.040067994171928,0.0,0.0,3807.0,1,59,83,3631,0,0,0,0.0,0.0,0.0,0,1,1,56,2.4056,8,1,0,1,0.0,0.875,0,39,4.1823,0,0,1,0,3.6167,4.0,1,4119,59,3631,83,24531.98,10083.29,19648.0,58172.0,100.4992,6.689127389705883,24.012961930518728,576.631097886723,0.1448,100.4992,0.3922,10100.140082105,12.160277787532925,0.0,0.0,1.0,0.0,0.0,xss
62582,0,0,8,4,3,2,0,18209,8,0.0,210,277,280,1802.7104569420037,0.0,0.0,6129127.0,1,81,11651,88,0,0,0,0.0,0.0,0.0,0,0,0,63,2.4056,8,1,0,1,0.0,0.875,0,22,3.516,0,0,1,0,3.5,0.9233,1,18209,81,88,11651,46390.82,17565.52,1635.0,65516.0,100.4992,6.689127389705883,24.012961930518728,576.631097886723,0.1448,100.4992,0.3922,10100.140082105,12.160277787532925,0.0,1.0,0.0,0.0,0.0,xss
39516,0,0,8,3,18,1,0,17749,9,0.0,889,4260,6146,0.1488618435880099,0.0,0.0,1522.0,1,1,9925,1,0,0,0,0.0,0.0,0.0,0,0,0,111,2.4056,8,1,0,1,0.0,0.875,0,19,3.7871,0,0,1,0,14.8167,14.2,1,17749,1,1,9925,46385.64,8302.84,32768.0,60998.0,100.4992,94.2372140402276,24.10654189729186,581.1253622458878,0.1448,100.4992,100.4992,167936514.3302602,12.440885294117647,0.0,1.0,0.0,0.0,0.0,xss
51594,0,0,10,4,3,2,0,18209,8,1.0,191,799,1328,1802.7104569420037,0.0,0.0,6129127.0,1,81,11651,88,0,0,0,0.0,0.0,0.0,0,0,0,63,2.4056,8,1,0,1,0.0,0.875,0,0,0.0,0,0,0,0,3.1833,2.6633,0,18209,81,88,11651,46390.82,17565.52,1635.0,65516.0,1.4427,6.689127389705883,24.012961930518728,576.631097886723,0.1448,100.4992,0.3922,10100.140082105,12.160277787532925,0.0,1.0,0.0,0.0,0.0,xss
36614,0,0,8,3,18,1,0,8429,14,1.0,1054,4672,6846,1301.1058376839107,0.0,0.0,10965174.0,1,1,7781,3,0,0,0,0.0,0.0,0.0,0,0,0,111,2.4056,8,1,0,1,0.0,0.875,0,19,3.7871,0,0,1,0,17.5667,15.5733,1,8429,1,3,7781,48171.45,9720.14,32768.0,60998.0,1.4427,6.689127389705883,24.012961930518728,576.631097886723,0.1448,100.4992,0.3922,10100.140082105,12.160277787532925,0.0,1.0,0.0,0.0,0.0,xss
62376,0,0,9,4,10,3,0,18209,8,1.0,83,555,1359,1802.7104569420037,0.0,0.0,6129127.0,1,81,11651,88,0,0,0,0.0,0.0,0.0,0,0,0,63,2.4056,8,1,0,1,0.0,0.875,0,61,4.4766,0,0,1,0,1.3833,1.85,1,18209,81,88,11651,46390.82,17565.52,1635.0,65516.0,1.4427,6.689127389705883,24.012961930518728,576.631097886723,0.1448,100.4992,0.3922,10100.140082105,12.160277787532925,0.0,1.0,0.0,0.0,0.0,xss
19680,0,0,17,1,10,1,0,4119,22,1.0,307,760,760,2.040067994171928,0.0,0.0,3807.0,1,59,83,3631,0,0,0,0.0,0.0,0.0,0,1,1,56,2.4056,8,1,0,1,0.0,0.875,0,41,4.3083,0,0,1,0,5.1167,2.5333,1,4119,59,3631,83,24531.98,10083.29,19648.0,58172.0,1.4427,6.689127389705883,24.012961930518728,576.631097886723,0.1448,100.4992,0.3922,10100.140082105,12.160277787532925,0.0,0.0,1.0,0.0,0.0,xss
45950,0,0,8,3,18,1,0,17749,9,0.0,1081,3405,3405,0.1488618435880099,0.0,0.0,1522.0,1,1,9925,1,0,0,0,0.0,0.0,0.0,0,0,0,111,2.4056,8,1,0,1,0.0,0.875,0,19,3.7871,0,0,1,0,18.0167,11.35,1,17749,1,1,9925,46385.64,8302.84,32768.0,60998.0,100.4992,94.2372140402276,24.10654189729186,581.1253622458878,0.1448,100.4992,100.4992,167936514.3302602,12.440885294117647,0.0,1.0,0.0,0.0,0.0,xss
61500,0,0,9,4,10,3,0,18209,8,0.0,198,802,1787,1802.7104569420037,0.0,0.0,6129127.0,1,81,11651,88,0,0,0,0.0,0.0,0.0,0,0,0,63,2.4056,8,1,0,1,0.0,0.875,0,0,0.0,0,0,0,0,3.3,2.6733,0,18209,81,88,11651,46390.82,17565.52,1635.0,65516.0,100.4992,6.689127389705883,24.012961930518728,576.631097886723,0.1448,100.4992,0.3922,10100.140082105,12.160277787532925,0.0,1.0,0.0,0.0,0.0,xss
51651,0,0,10,4,3,2,0,18209,8,1.0,203,780,1372,1802.7104569420037,0.0,0.0,6129127.0,1,81,11651,88,0,0,0,0.0,0.0,0.0,0,0,0,63,2.4056,8,1,0,1,0.0,0.875,0,22,3.6069,0,0,1,0,3.3833,2.6,1,18209,81,88,11651,46390.82,17565.52,1635.0,65516.0,1.4427,6.689127389705883,24.012961930518728,576.631097886723,0.1448,100.4992,0.3922,10100.140082105,12.160277787532925,0.0,1.0,0.0,0.0,0.0,xss
61884,0,0,9,4,10,3,0,18209,8,1.0,152,613,1615,1802.7104569420037,0.0,0.0,6129127.0,1,81,11651,88,0,0,0,0.0,0.0,0.0,0,0,0,63,2.4056,8,1,0,1,0.0,0.875,0,20,3.4219,0,0,1,0,2.5333,2.0433,1,18209,81,88,11651,46390.82,17565.52,1635.0,65516.0,1.4427,6.689127389705883,24.012961930518728,576.631097886723,0.1448,100.4992,0.3922,10100.140082105,12.160277787532925,0.0,1.0,0.0,0.0,0.0,xss
8052,0,0,9,3,1,2,0,946,38,0.0,70,277,284,1.5936507936507935,1.0,0.0,291.0,1,11,256,6,0,0,0,0.0,0.0,0.0,0,0,0,63,2.4056,8,1,0,1,0.0,0.875,0,22,3.516,0,0,1,0,1.1667,0.9233,1,946,11,6,256,15667.6,14333.36,6040.0,54506.0,100.4992,6.689127389705883,24.012961930518728,576.631097886723,0.1448,100.4992,0.3922,10100.140082105,12.160277787532925,0.0,1.0,0.0,0.0,0.0,xss
39906,0,0,7,1,24,1,0,18209,8,0.0,92,497,1111,1802.7104569420037,0.0,0.0,6129127.0,1,81,11651,88,0,0,0,0.0,0.0,0.0,0,0,0,63,2.4056,8,1,0,1,0.0,0.875,0,47,4.3015,0,0,1,0,1.5333,1.6567,1,18209,81,88,11651,46390.82,17565.52,1635.0,65516.0,100.4992,6.689127389705883,24.012961930518728,576.631097886723,0.1448,100.4992,0.3922,10100.140082105,12.160277787532925,0.0,1.0,0.0,0.0,0.0,xss
41576,0,0,8,3,18,1,0,10947,12,0.0,1034,4795,8561,0.0644070893477069,0.0,0.0,3.0,1,1,7120,1,0,0,0,0.0,0.0,0.0,0,0,0,111,2.4056,8,1,0,1,0.0,0.875,0,19,3.7871,0,0,1,0,17.2333,15.9833,1,10947,1,1,7120,49539.27,8754.64,32772.0,60998.0,100.4992,6.689127389705883,24.012961930518728,576.631097886723,0.1448,100.4992,0.3922,10100.140082105,12.160277787532925,0.0,1.0,0.0,0.0,0.0,xss
19680,0,0,17,1,10,1,0,4119,22,0.0,304,828,830,2.040067994171928,0.0,0.0,3807.0,1,59,83,3631,0,0,0,0.0,0.0,0.0,0,1,1,56,2.4056,8,1,0,1,0.0,0.875,0,38,4.1883,0,0,1,0,5.0667,2.76,1,4119,59,3631,83,24531.98,10083.29,19648.0,58172.0,100.4992,6.689127389705883,24.012961930518728,576.631097886723,0.1448,100.4992,0.3922,10100.140082105,12.160277787532925,0.0,0.0,1.0,0.0,0.0,xss
21433,0,0,17,0,9,1,0,1411,31,1.0,167,637,708,0.7028368794326241,0.0,0.0,176.0,1,31,54,1143,0,0,0,0.0,0.0,0.0,0,1,1,56,2.4056,8,1,0,1,0.0,0.875,0,41,4.3083,0,0,1,0,2.7833,2.1233,1,1411,31,1143,54,38387.99,9364.31,21376.0,43583.0,1.4427,6.689127389705883,24.012961930518728,576.631097886723,0.1448,100.4992,0.3922,10100.140082105,12.160277787532925,0.0,0.0,1.0,0.0,0.0,xss
43570,0,0,17,0,9,1,0,1411,31,0.0,179,688,798,0.7028368794326241,0.0,0.0,176.0,1,31,54,1143,0,0,0,0.0,0.0,0.0,0,1,1,56,2.4056,8,1,0,1,0.0,0.875,0,39,4.1823,0,0,1,0,2.9833,2.2933,1,1411,31,1143,54,38387.99,9364.31,21376.0,43583.0,100.4992,6.689127389705883,24.012961930518728,576.631097886723,0.1448,100.4992,0.3922,10100.140082105,12.160277787532925,0.0,0.0,1.0,0.0,0.0,xss
19680,0,0,17,1,10,1,0,4119,22,0.0,308,751,751,2.040067994171928,0.0,0.0,3807.0,1,59,83,3631,0,0,0,0.0,0.0,0.0,0,1,1,56,2.4056,8,1,0,1,0.0,0.875,0,47,4.1391,0,0,1,0,5.1333,2.5033,1,4119,59,3631,83,24531.98,10083.29,19648.0,58172.0,100.4992,6.689127389705883,24.012961930518728,576.631097886723,0.1448,100.4992,0.3922,10100.140082105,12.160277787532925,0.0,0.0,1.0,0.0,0.0,xss
58543,0,0,7,2,11,1,0,18209,8,0.0,257,784,829,1802.7104569420037,0.0,0.0,6129127.0,1,81,11651,88,0,0,0,0.0,0.0,0.0,0,0,0,63,2.4056,8,1,0,1,0.0,0.875,0,25,4.1639,0,0,0,0,4.2833,2.6133,0,18209,81,88,11651,46390.82,17565.52,1635.0,65516.0,100.4992,6.689127389705883,24.012961930518728,576.631097886723,0.1448,100.4992,0.3922,10100.140082105,12.160277787532925,0.0,1.0,0.0,0.0,0.0,xss
40339,0,0,17,1,10,1,0,4119,22,0.0,312,904,924,2.040067994171928,0.0,0.0,3807.0,1,59,83,3631,0,0,0,0.0,0.0,0.0,0,1,1,56,2.4056,8,1,0,1,0.0,0.875,0,40,4.2964,0,0,1,0,5.2,3.0133,1,4119,59,3631,83,24531.98,10083.29,19648.0,58172.0,100.4992,6.689127389705883,24.012961930518728,576.631097886723,0.1448,100.4992,0.3922,10100.140082105,12.160277787532925,0.0,0.0,1.0,0.0,0.0,xss
43570,0,0,17,0,9,1,0,1411,31,0.0,192,704,829,0.7028368794326241,0.0,0.0,176.0,1,31,54,1143,0,0,0,0.0,0.0,0.0,0,1,1,56,2.4056,8,1,0,1,0.0,0.875,0,36,4.107,0,0,1,0,3.2,2.3467,1,1411,31,1143,54,38387.99,9364.31,21376.0,43583.0,100.4992,6.689127389705883,24.012961930518728,576.631097886723,0.1448,100.4992,0.3922,10100.140082105,12.160277787532925,0.0,0.0,1.0,0.0,0.0,xss
52996,0,0,10,4,3,2,0,18209,8,0.0,152,371,417,1802.7104569420037,0.0,0.0,6129127.0,1,81,11651,88,0,0,0,0.0,0.0,0.0,0,0,0,63,2.4056,8,1,0,1,0.0,0.875,0,20,3.4219,0,0,1,0,2.5333,1.2367,1,18209,81,88,11651,46390.82,17565.52,1635.0,65516.0,100.4992,6.689127389705883,24.012961930518728,576.631097886723,0.1448,100.4992,0.3922,10100.140082105,12.160277787532925,0.0,1.0,0.0,0.0,0.0,xss
43580,0,0,17,0,9,1,0,1411,31,0.0,189,727,859,0.7028368794326241,0.0,0.0,176.0,1,31,54,1143,0,0,0,0.0,0.0,0.0,0,1,1,56,2.4056,8,1,0,1,0.0,0.875,0,67,4.5631,0,0,1,0,3.15,2.4233,1,1411,31,1143,54,38387.99,9364.31,21376.0,43583.0,100.4992,6.689127389705883,24.012961930518728,576.631097886723,0.1448,100.4992,0.3922,10100.140082105,12.160277787532925,0.0,0.0,1.0,0.0,0.0,xss
51658,0,0,10,4,3,2,0,18209,8,0.0,203,773,1379,1802.7104569420037,0.0,0.0,6129127.0,1,81,11651,88,0,0,0,0.0,0.0,0.0,0,0,0,63,2.4056,8,1,0,1,0.0,0.875,0,20,3.4219,0,0,1,0,3.3833,2.5767,1,18209,81,88,11651,46390.82,17565.52,1635.0,65516.0,100.4992,6.689127389705883,24.012961930518728,576.631097886723,0.1448,100.4992,0.3922,10100.140082105,12.160277787532925,0.0,1.0,0.0,0.0,0.0,xss
